Date,Recorder,Station,Above/Below,Number,Height_mm,Wet_weight_g,Dry_wt_48,Dry_wt_72,Dry_wt_96,Dry_wt_168
1/17/2018,BP,CKIA,a,1,37,3.04,1.51,1.51,1.51,1.51
1/17/2018,BP,CKIA,a,2,38,2.56,1.46,1.49,1.47,1.48
1/17/2018,BP,CKIA,a,3,51.7,3.65,1.52,1.5,1.5,1.5
1/17/2018,BP,CKIA,a,4,54,3.12,1.48,1.51,1.5,1.51
1/17/2018,BP,CKIA,a,5,40,2.69,1.46,1.46,1.45,1.46
1/17/2018,BP,CKIA,a,6,43,3.49,1.63,1.62,1.6,1.62
1/17/2018,BP,CKIA,a,7,86,11.33,2.27,2.26,2.26,2.27
1/17/2018,BP,CKIA,a,8,20,1.38,1.29,1.29,1.28,1.29
1/17/2018,BP,CKIA,a,9,22,1.77,1.35,1.36,1.36,1.37
1/17/2018,BP,CKIA,a,10,41,2.58,1.45,1.44,1.44,1.44
1/17/2018,BP,CKIA,a,11,31,1.92,1.36,1.35,1.35,1.35
1/17/2018,BP,CKIA,a,12,63,6.63,2.06,2.05,2.05,2.06
1/17/2018,BP,CKIA,a,13,61,4.07,1.66,1.65,1.65,1.64
1/17/2018,BP,CKIA,a,14,29,1.59,1.3,1.32,1.31,1.33
1/17/2018,BP,CKIA,a,15,39,2.72,1.53,1.53,1.53,1.53
1/17/2018,BP,CKIA,a,16,24,1.54,1.32,1.32,1.32,1.32
1/17/2018,BP,CKIA,a,17,42,6.15,1.75,1.73,1.74,1.74
1/17/2018,BP,CKIA,a,18,32,2.25,1.41,1.4,1.41,1.41
1/17/2018,BP,CKIA,a,19,57,5.12,1.69,1.67,1.67,1.68
1/17/2018,BP,CKIA,a,20,62,4.4,1.67,1.66,1.68,1.67
1/17/2018,BP,CKIA,a,21,30,1.67,1.37,1.35,1.35,1.37
1/17/2018,BP,CKIA,a,22,40,2.7,1.44,1.45,1.45,1.46
1/17/2018,BP,CKIA,a,23,61,6.31,2.01,1.99,1.99,2
1/17/2018,BP,CKIA,a,24,53,3.73,1.69,1.69,1.68,1.69
1/17/2018,BP,CKIA,a,25,27,1.56,1.32,1.33,1.31,1.33
1/17/2018,BP,CKIA,a,26,43,2.95,1.53,1.52,1.52,1.52
1/17/2018,BP,CKIA,a,27,30,1.97,1.39,1.37,1.36,1.37
1/17/2018,BP,CKIA,a,28,50,4.89,1.74,1.75,1.74,1.74
1/17/2018,BP,CKIA,a,29,51,3.81,1.67,1.65,1.66,1.66
1/17/2018,BP,CKIA,a,30,30,1.68,1.36,1.36,1.35,1.36
1/17/2018,BP,CKIA,a,31,54,4.3,1.71,1.68,1.67,1.68
1/17/2018,BP,CKIA,a,32,56,5.15,1.69,1.7,1.68,1.7
1/17/2018,BP,CKIA,a,33,73,6.75,1.77,1.76,1.74,1.76
1/17/2018,BP,CKIA,a,34,31,1.8,1.38,1.37,1.36,1.37
1/17/2018,BP,CKIA,a,35,42,2.94,1.38,1.38,1.37,1.38
1/17/2018,BP,CKIA,a,36,25,1.63,1.33,1.31,1.32,1.32
1/17/2018,BP,CKIA,a,37,25,2.08,1.39,1.4,1.41,1.41
1/17/2018,BP,CKIA,a,38,46,3.24,1.6,1.58,1.58,1.58
1/17/2018,BP,CKIA,a,39,52,5.97,1.75,1.75,1.76,1.77
1/17/2018,BP,CKIA,a,40,48,4.24,1.62,1.62,1.61,1.61
1/17/2018,BP,CKIA,a,41,59,4.57,1.65,1.66,1.65,1.66
1/17/2018,BP,CKIA,a,42,45,3.18,1.55,1.53,1.52,1.54
1/17/2018,BP,CKIA,a,43,38,1.78,1.35,1.36,1.38,1.36
1/17/2018,BP,CKIA,a,44,40,2.48,1.42,1.41,1.41,1.41
1/17/2018,BP,CKIA,a,45,47,NA,,,,
1/17/2018,BP,CKIA,a,46,71,7.69,1.96,1.97,1.97,1.97
1/17/2018,BP,CKIA,a,47,38,NA,,,,
1/17/2018,BP,CKIA,a,48,27,NA,,,,
1/17/2018,BP,CKIA,a,49,50,NA,,,,
1/17/2018,BP,CKIA,a,50,36,NA,,,,
1/17/2018,BP,CKIA,a,51,76,6.99,2.07,2.07,2.06,2.07
1/17/2018,BP,CKIA,a,52,60,NA,,,,
1/17/2018,BP,CKIA,a,53,62,5.68,1.61,1.61,1.62,1.61
1/17/2018,BP,CKIA,a,54,59,NA,,,,
1/17/2018,BP,CKIA,a,55,15,1.35,1.29,1.29,1.29,1.28
1/17/2018,BP,CKIA,a,56,33,NA,,,,
1/17/2018,BP,CKIA,a,57,27,NA,,,,
1/17/2018,BP,CKIA,a,58,25,NA,,,,
1/17/2018,BP,CKIA,a,59,50,NA,,,,
1/17/2018,BP,CKIA,a,60,55,NA,,,,
1/17/2018,BP,CKIA,a,61,44,NA,,,,
1/17/2018,BP,CKIA,a,62,22,NA,,,,
1/17/2018,BP,CKIA,a,63,54,5.93,1.87,1.86,1.86,1.85
1/17/2018,BP,CKIA,a,64,70,NA,,,,
1/17/2018,BP,CKIA,a,65,39,NA,,,,
1/17/2018,BP,CKIA,a,66,44,NA,,,,
1/17/2018,BP,CKIA,a,67,20,NA,,,,
1/17/2018,BP,CKIA,a,68,31,NA,,,,
1/17/2018,BP,CKIA,a,69,20,NA,,,,
1/17/2018,BP,CKIA,a,70,44,NA,,,,
1/17/2018,BP,CKIA,a,71,24,NA,,,,
1/17/2018,BP,CKIA,a,72,32,NA,,,,
1/17/2018,BP,CKIA,a,73,47,NA,,,,
1/17/2018,BP,CKIA,a,74,11,NA,,,,
1/17/2018,BP,CKIA,a,75,31,NA,,,,
1/17/2018,BP,CKIA,a,76,46,NA,,,,
1/17/2018,BP,CKIA,a,77,58,NA,,,,
1/17/2018,BP,CKIA,a,78,24,NA,,,,
1/17/2018,BP,CKIA,a,79,48,NA,,,,
1/17/2018,BP,CKIA,a,80,47,NA,,,,
1/17/2018,BP,CKIA,a,81,57,NA,,,,
1/17/2018,BP,CKIA,a,82,40,NA,,,,
1/17/2018,BP,CKIA,a,83,22,NA,,,,
1/17/2018,BP,CKIA,a,84,27,NA,,,,
1/17/2018,BP,CKIA,a,85,31,NA,,,,
1/17/2018,BP,CKIA,a,86,57,NA,,,,
1/17/2018,BP,CKIA,a,87,27,NA,,,,
1/17/2018,BP,CKIA,a,88,25,NA,,,,
1/17/2018,BP,CKIA,a,89,48,NA,,,,
1/17/2018,BP,CKIA,a,90,13,1.32,1.3,1.3,1.29,1.3
1/17/2018,BP,CKIA,a,91,32,NA,,,,
1/17/2018,BP,CKIA,a,92,33,NA,,,,
1/17/2018,BP,CKIA,a,93,52,NA,,,,
1/17/2018,BP,CKIA,a,94,47,NA,,,,
1/17/2018,BP,CKIA,a,95,69,5.38,1.69,1.71,1.72,1.7
1/17/2018,BP,CKIA,a,96,39,NA,,,,
1/17/2018,BP,CKIA,a,97,26,NA,,,,
1/17/2018,BP,CKIA,a,98,32,NA,,,,
1/17/2018,BP,CKIA,a,99,54,NA,,,,
1/17/2018,BP,CKIA,a,100,53,NA,,,,
1/17/2018,BP,CKIA,a,101,41,NA,,,,
1/17/2018,BP,CKIA,a,102,16,1.32,1.29,1.3,1.29,1.29
1/17/2018,BP,CKIA,a,103,57,NA,,,,
1/17/2018,BP,CKIA,a,104,40,NA,,,,
1/17/2018,BP,CKIA,a,105,41,NA,,,,
1/17/2018,BP,CKIA,a,106,20,1.4,1.3,1.3,1.29,1.3
1/17/2018,BP,CKIA,a,107,45,NA,,,,
1/17/2018,BP,CKIA,a,108,44,NA,,,,
1/17/2018,BP,CKIA,a,109,30,NA,,,,
1/17/2018,BP,CKIA,a,110,33,NA,,,,
1/17/2018,BP,CKIA,a,111,12,1.29,1.25,1.29,1.29,1.28
1/17/2018,BP,CKIA,a,112,47,NA,,,,
1/17/2018,BP,CKIA,a,113,52,NA,,,,
1/17/2018,BP,CKIA,a,114,8,1.3,1.28,1.28,1.29,1.29
1/17/2018,BP,CKIA,a,115,32,NA,,,,
1/17/2018,BP,CKIA,a,116,30,NA,,,,
1/17/2018,BP,CKIA,a,117,33,NA,,,,
1/17/2018,BP,CKIA,a,118,57,NA,,,,
1/17/2018,BP,CKIA,a,119,54,NA,,,,
1/17/2018,BP,CKIA,a,120,43,NA,,,,
1/17/2018,BP,CKIA,a,121,27,NA,,,,
1/17/2018,BP,CKIA,a,122,72,3.89,1.56,1.55,1.55,1.55
1/17/2018,BP,CKIA,a,123,39,NA,,,,
1/17/2018,BP,CKIA,a,124,18,NA,,,,
1/17/2018,BP,CKIA,a,125,57,NA,,,,
1/17/2018,BP,CKIA,a,126,47,NA,,,,
1/17/2018,BP,CKIA,a,127,49,NA,,,,
1/17/2018,BP,CKIA,a,128,21,NA,,,,
1/17/2018,BP,CKIA,a,129,43,NA,,,,
1/17/2018,BP,CKIA,a,130,50,NA,,,,
1/17/2018,BP,CKIA,a,131,33,NA,,,,
1/17/2018,BP,CKIA,a,132,22,NA,,,,
1/17/2018,BP,CKIA,a,133,15,1.36,1.3,1.28,1.28,1.29
1/17/2018,BP,CKIA,a,134,31,NA,,,,
1/17/2018,BP,CKIA,a,135,62,NA,,,,
1/17/2018,BP,CKIA,a,136,35,NA,,,,
1/17/2018,BP,CKIA,a,137,19,1.34,1.3,1.29,1.29,1.29
1/17/2018,BP,CKIA,a,138,35,NA,,,,
1/17/2018,BP,CKIA,a,139,16,NA,,,,
1/17/2018,BP,CKIA,a,140,41,NA,,,,
1/17/2018,BP,CKIA,a,141,40,NA,,,,
1/17/2018,BP,CKIA,a,142,44,NA,,,,
1/17/2018,BP,CKIA,a,143,16,1.36,1.28,1.28,1.28,1.29
1/17/2018,BP,CKIA,a,144,39,NA,,,,
1/17/2018,BP,CKIA,a,145,13,1.33,1.3,1.29,1.28,1.28
1/17/2018,BP,CKIA,a,146,45,NA,,,,
1/17/2018,BP,CKIA,a,147,51,NA,,,,
1/17/2018,BP,CKIA,a,148,42,NA,,,,
1/17/2018,BP,CKIA,a,149,14,NA,,,,
1/17/2018,BP,CKIA,a,150,46,NA,,,,
1/17/2018,BP,CKIA,a,151,43,NA,,,,
1/17/2018,BP,CKIA,a,152,40,NA,,,,
1/17/2018,BP,CKIA,a,153,37,NA,,,,
1/17/2018,BP,CKIA,a,154,13,NA,,,,
1/17/2018,BP,CKIA,a,155,11,NA,,,,
1/17/2018,BP,CKIA,a,156,27,NA,,,,
1/17/2018,BP,CKIA,a,157,14,NA,,,,
1/17/2018,BP,CKIA,a,158,34,NA,,,,
1/17/2018,BP,CKIA,a,159,57,NA,,,,
1/17/2018,BP,CKIA,a,160,53,NA,,,,
1/17/2018,BP,CKIA,a,161,52,NA,,,,
1/17/2018,BP,CKIA,a,162,29,NA,,,,
1/17/2018,BP,CKIA,a,163,29,NA,,,,
1/17/2018,BP,CKIA,a,164,19,NA,,,,
1/17/2018,BP,CKIA,a,165,20,NA,,,,
1/17/2018,BP,CKIA,a,166,47,NA,,,,
1/17/2018,BP,CKIA,a,167,37,NA,,,,
1/17/2018,BP,CKIA,a,168,25,NA,,,,
1/17/2018,BP,CKIA,a,169,37,NA,,,,
1/17/2018,BP,CKIA,a,170,28,NA,,,,
1/17/2018,BP,CKIA,a,171,29,NA,,,,
1/17/2018,BP,CKIA,a,172,41,NA,,,,
1/17/2018,BP,CKIA,a,173,38,NA,,,,
1/17/2018,BP,CKIA,a,174,30,NA,,,,
1/17/2018,BP,CKIA,a,175,35,NA,,,,
1/17/2018,BP,CKIA,a,176,26,NA,,,,
1/17/2018,BP,CKIA,a,177,41,NA,,,,
1/17/2018,BP,CKIA,a,178,45,NA,,,,
1/17/2018,BP,CKIA,a,179,26,NA,,,,
1/17/2018,BP,CKIA,a,180,25,NA,,,,
1/17/2018,BP,CKIA,a,181,47,NA,,,,
1/17/2018,BP,CKIA,a,182,40,NA,,,,
1/17/2018,BP,CKIA,a,183,31,NA,,,,
1/17/2018,BP,CKIA,a,184,19,NA,,,,
1/17/2018,BP,CKIA,a,185,37,NA,,,,
1/17/2018,BP,CKIA,a,186,17,NA,,,,
1/17/2018,BP,CKIA,a,187,17,NA,,,,
1/17/2018,BP,CKIA,a,188,14,NA,,,,
1/17/2018,BP,CKIA,a,189,32,NA,,,,
1/17/2018,BP,CKIA,a,190,39,NA,,,,
1/17/2018,BP,CKIA,a,191,33,NA,,,,
1/17/2018,BP,CKIA,a,192,37,NA,,,,
1/17/2018,BP,CKIA,a,193,34,NA,,,,
1/17/2018,BP,CKIA,a,194,21,NA,,,,
1/17/2018,BP,CKIA,a,195,30,NA,,,,
1/17/2018,BP,CKIA,a,196,31,NA,,,,
1/17/2018,BP,CKIA,a,197,34,NA,,,,
1/17/2018,BP,CKIA,a,198,36,NA,,,,
1/17/2018,BP,CKIA,a,199,21,NA,,,,
1/17/2018,BP,CKIA,a,200,24,NA,,,,
1/17/2018,BP,CKIA,a,201,30,NA,,,,
1/17/2018,BP,CKIA,a,202,20,NA,,,,
1/17/2018,BP,CKIA,a,203,24,NA,,,,
1/17/2018,BP,CKIA,a,204,20,NA,,,,
1/17/2018,BP,CKIA,a,205,39,NA,,,,
1/17/2018,BP,CKIA,a,206,32,NA,,,,
1/17/2018,BP,CKIA,a,207,34,NA,,,,
1/17/2018,BP,CKIA,a,208,43,NA,,,,
1/17/2018,BP,CKIA,a,209,30,NA,,,,
1/17/2018,BP,CKIA,a,210,20,NA,,,,
1/17/2018,BP,CKIA,a,211,18,NA,,,,
1/17/2018,BP,CKIA,b,212,53,4.41,1.62,1.61,1.61,1.59
1/17/2018,BP,CKIA,b,213,43,2.49,1.48,1.46,1.46,1.46
1/17/2018,BP,CKIA,b,214,38,2.41,1.42,1.42,1.41,1.41
1/17/2018,BP,CKIA,b,215,32,1.99,1.36,1.37,1.34,1.36
1/17/2018,BP,CKIA,b,216,30,2.05,1.36,1.36,1.35,1.36
1/17/2018,BP,CKIA,b,217,37,1.9,1.36,1.35,1.35,1.35
1/17/2018,BP,CKIA,b,218,38,2.46,1.42,1.41,1.42,1.42
1/17/2018,BP,CKIA,b,219,25,1.93,1.35,1.35,1.34,1.34
1/17/2018,BP,CKIA,b,220,30,NA,,,,
1/17/2018,BP,CKNB,b,221,31,1.77,1.39,1.36,1.37,1.36
1/17/2018,BP,CKNB,a,222,35,2.07,1.42,1.4,1.41,1.41
1/17/2018,BP,CKNB,a,223,46,6.16,1.99,2.01,2.01,2
1/17/2018,BP,CKNB,a,224,30,1.99,1.39,1.37,1.37,1.4
1/17/2018,BP,CKNB,a,225,24,1.54,1.32,1.31,1.3,1.32
1/17/2018,BP,CKNB,a,226,35,2.52,1.52,1.52,1.51,1.52
1/17/2018,BP,CKNB,a,227,39,2.09,1.43,1.43,1.42,1.43
1/17/2018,BP,CKNB,a,228,30,1.73,1.35,1.34,1.34,1.35
1/17/2018,BP,CKNB,a,229,28,1.57,1.35,1.32,1.32,1.33
1/17/2018,BP,CKNB,a,230,30,2.46,1.48,1.48,1.47,1.48
1/17/2018,BP,CKNB,a,231,33,1.82,1.37,1.38,1.36,1.37
1/17/2018,BP,CKNB,a,232,39,2.78,1.55,1.55,1.55,1.55
1/17/2018,BP,CKNB,a,233,22,1.71,1.35,1.36,1.35,1.36
1/17/2018,BP,CKNB,a,234,26,1.57,1.35,1.35,1.35,1.35
1/17/2018,BP,CKNB,a,235,27,1.7,1.35,1.35,1.35,1.35
1/17/2018,BP,CKNB,a,236,19,1.56,1.32,1.31,1.32,1.31
1/17/2018,BP,CKNB,a,237,26,1.83,1.37,1.38,1.36,1.38
1/17/2018,BP,CKNB,a,238,27,2.11,1.4,1.38,1.39,1.39
1/17/2018,BP,CKNB,a,239,35,2.94,1.49,1.49,1.5,1.49
1/17/2018,BP,CKNB,a,240,38,2.64,1.46,1.45,1.45,1.45
1/17/2018,BP,CKNB,a,241,37,2.83,1.44,1.44,1.43,1.44
1/17/2018,BP,CKNB,a,242,39,2.88,1.52,1.51,1.51,1.52
1/17/2018,BP,CKNB,a,243,28,1.59,1.35,1.34,1.33,1.33
1/17/2018,BP,CKNB,a,244,38,2.39,1.45,1.45,1.45,1.45
1/17/2018,BP,CKNB,a,245,21,1.31,1.29,1.28,1.27,1.28
1/17/2018,BP,CKNB,a,246,55,8.46,2.53,2.51,2.49,2.49
1/17/2018,BP,CKNB,a,247,29,1.52,1.31,1.31,1.31,1.31
1/17/2018,BP,CKNB,a,248,14,NA,,,,
1/17/2018,BP,CKNB,a,249,27,NA,,,,
1/17/2018,BP,CKNB,a,250,44,2.62,1.44,1.46,1.46,1.46
1/17/2018,BP,CKNB,a,251,22,NA,,,,
1/17/2018,BP,CKNB,a,252,57,7.69,2.38,2.37,2.37,2.36
1/17/2018,BP,CKNB,a,253,45,3.57,1.66,1.65,1.65,1.65
1/17/2018,BP,CKNB,a,254,32,NA,,,,
1/17/2018,BP,CKNB,a,255,26,NA,,,,
1/17/2018,BP,CKNB,a,256,27,NA,,,,
1/17/2018,BP,CKNB,a,257,26,NA,,,,
1/17/2018,BP,CKNB,a,258,30,NA,,,,
1/17/2018,BP,CKNB,a,259,29,NA,,,,
1/17/2018,BP,CKNB,a,260,34,NA,,,,
1/17/2018,BP,CKNB,a,261,25,NA,,,,
1/17/2018,BP,CKNB,a,262,35,NA,,,,
1/17/2018,BP,CKNB,a,263,24,NA,,,,
1/17/2018,BP,CKNB,a,264,17,1.32,1.29,1.29,1.29,1.29
1/17/2018,BP,CKNB,a,265,22,NA,,,,
1/17/2018,BP,CKNB,a,266,11,NA,,,,
1/17/2018,BP,CKNB,a,267,20,1.49,1.32,1.32,1.31,1.31
1/17/2018,BP,CKNB,a,268,22,NA,,,,
1/17/2018,BP,CKNB,a,269,43,2.96,1.54,1.53,1.54,1.54
1/17/2018,BP,CKNB,a,270,30,NA,,,,
1/17/2018,BP,CKNB,a,271,34,NA,,,,
1/17/2018,BP,CKNB,a,272,35,NA,,,,
1/17/2018,BP,CKNB,a,273,38,NA,,,,
1/17/2018,BP,CKNB,a,274,20,1.47,1.32,1.31,1.3,1.3
1/17/2018,BP,CKNB,a,275,36,NA,,,,
1/17/2018,BP,CKNB,a,276,35,NA,,,,
1/17/2018,BP,CKNB,a,277,32,NA,,,,
1/17/2018,BP,CKNB,a,278,19,1.42,1.31,1.3,1.3,1.29
1/17/2018,BP,CKNB,a,279,51,4.56,1.84,1.85,1.84,1.84
1/17/2018,BP,CKNB,a,280,20,NA,,,,
1/17/2018,BP,CKNB,a,281.1,16,1.52,1.32,1.32,1.31,1.31
1/17/2018,BP,CKNB,a,282.1,36,NA,,,,
1/17/2018,BP,CKNB,a,281.2,29,NA,,,,
1/17/2018,BP,CKNB,a,282.2,44,6.58,1.98,1.99,1.98,1.99
1/17/2018,BP,CKNB,a,283,37,NA,,,,
1/17/2018,BP,CKNB,a,284,16,1.49,1.33,1.31,1.31,1.31
1/17/2018,BP,CKNB,a,285,30,NA,,,,
1/17/2018,BP,CKNB,a,286,35,NA,,,,
1/17/2018,BP,CKNB,a,287,37,NA,,,,
1/17/2018,BP,CKNB,a,288,35,NA,,,,
1/17/2018,BP,CKNB,a,289,16,1.37,1.3,1.29,1.29,1.3
1/17/2018,BP,CKNB,a,290,39,NA,,,,
1/17/2018,BP,CKNB,a,291,29,NA,,,,
1/17/2018,BP,CKNB,a,292,65,6.73,2,1.98,1.99,1.99
1/17/2018,BP,CKNB,a,293,31,NA,,,,
1/17/2018,BP,CKNB,a,294,28,NA,,,,
1/17/2018,BP,CKNB,a,295,35,NA,,,,
1/17/2018,BP,CKNB,a,296,16,NA,,,,
1/17/2018,BP,CKNB,a,297,39,NA,,,,
1/17/2018,BP,CKNB,a,298,37,NA,,,,
1/17/2018,BP,CKNB,a,299,18,NA,,,,
1/17/2018,BP,CKNB,a,300,25,NA,,,,
1/17/2018,BP,CKNB,a,301,22,NA,,,,
1/17/2018,BP,CKNB,a,302,20,NA,,,,
1/17/2018,BP,CKNB,a,303,18,NA,,,,
1/17/2018,BP,CKNB,a,304,45,3.51,1.68,1.68,1.69,1.68
1/17/2018,BP,CKNB,a,305,20,NA,,,,
1/17/2018,BP,CKNB,a,306,30,NA,,,,
1/17/2018,BP,CKNB,a,307,33,NA,,,,
1/17/2018,BP,CKNB,a,308,27,NA,,,,
1/17/2018,BP,CKNB,a,309,27,NA,,,,
1/17/2018,BP,CKNB,a,310,21,NA,,,,
1/17/2018,BP,CKNB,a,311,27,NA,,,,
1/17/2018,BP,CKNB,a,312,35,NA,,,,
1/17/2018,BP,CKNB,a,313,34,NA,,,,
1/17/2018,BP,CKNB,a,314,27,NA,,,,
1/17/2018,BP,CKNB,a,315,18,NA,,,,
1/17/2018,BP,CKNB,a,316,32,NA,,,,
1/17/2018,BP,CKNB,a,317,21,NA,,,,
1/17/2018,BP,CKNB,a,318,18,NA,,,,
1/17/2018,BP,CKNB,a,319,15,NA,,,,
1/17/2018,BP,CKNB,a,320,31,NA,,,,
1/17/2018,BP,CKNB,a,321,43,NA,,,,
1/17/2018,BP,CKNB,a,322,34,NA,,,,
1/17/2018,BP,CKNB,a,323,33,NA,,,,
1/17/2018,BP,CKNB,a,324,42,NA,,,,
1/17/2018,BP,CKNB,a,325,28,NA,,,,
1/17/2018,BP,CKNB,a,326,25,NA,,,,
1/17/2018,BP,CKNB,a,327,30,NA,,,,
1/17/2018,BP,CKNB,a,328,27,NA,,,,
1/17/2018,BP,CKNB,a,329,31,NA,,,,
1/17/2018,BP,CKNB,a,330,22,NA,,,,
1/17/2018,BP,CKNB,a,331,34,NA,,,,
1/17/2018,BP,CKNB,a,332,19,NA,,,,
1/17/2018,BP,CKNB,a,333,22,NA,,,,
1/17/2018,BP,CKNB,a,334,18,NA,,,,
1/17/2018,BP,CKNB,a,335,17,NA,,,,
1/17/2018,BP,CKNB,a,336,16,NA,,,,
1/17/2018,BP,CKNB,a,337,31,NA,,,,
1/17/2018,BP,CKNB,a,338,25,NA,,,,
1/17/2018,BP,CKNB,a,339,42,NA,,,,
1/17/2018,BP,CKNB,a,340,25,NA,,,,
1/17/2018,BP,CKNB,a,341,32,NA,,,,
1/17/2018,BP,CKNB,a,342,43,NA,,,,
1/17/2018,BP,CKNB,a,343,30,NA,,,,
1/17/2018,BP,CKNB,a,344,33,NA,,,,
1/17/2018,BP,CKNB,a,345,22,NA,,,,
1/17/2018,BP,CKNB,a,346,21,NA,,,,
1/17/2018,BP,CKNB,a,347,35,NA,,,,
1/17/2018,BP,CKNB,a,348,21,NA,,,,
1/17/2018,BP,CKNB,a,349,33,NA,,,,
1/17/2018,BP,CKNB,a,350,21,NA,,,,
1/17/2018,BP,CKNB,a,351,25,NA,,,,
1/17/2018,BP,CKNB,a,352,42,NA,,,,
1/17/2018,BP,CKNB,a,353,31,NA,,,,
1/17/2018,BP,CKNB,a,354,18,NA,,,,
1/17/2018,BP,CKNB,a,355,23,NA,,,,
1/17/2018,BP,CKNB,a,356,25,NA,,,,
1/17/2018,BP,CKNB,a,357,35,NA,,,,
1/17/2018,BP,CKNB,a,358,32,NA,,,,
1/17/2018,BP,CKNB,a,359,31,NA,,,,
1/17/2018,BP,CKNB,a,360,29,NA,,,,
1/17/2018,BP,CKNB,a,361,44,NA,,,,
1/17/2018,BP,CKNB,a,362,25,NA,,,,
1/17/2018,BP,CKNB,a,363,33,NA,,,,
1/17/2018,BP,CKNB,a,364,38,NA,,,,
1/17/2018,BP,CKNB,a,365,24,NA,,,,
1/17/2018,BP,CKNB,a,366,38,NA,,,,
1/17/2018,BP,CKNB,a,367,32,NA,,,,
1/17/2018,BP,CKNB,a,368,30,NA,,,,
1/17/2018,BP,CKNB,a,369,22,NA,,,,
1/17/2018,BP,CKNB,a,370,27,NA,,,,
1/17/2018,BP,CKNB,a,371,28,NA,,,,
1/17/2018,BP,CKNB,a,372,20,NA,,,,
1/17/2018,BP,CKNB,a,373,35,NA,,,,
1/17/2018,BP,CKNB,a,374,23,NA,,,,
1/17/2018,BP,CKNB,a,375,37,NA,,,,
1/17/2018,BP,CKNB,a,376,21,NA,,,,
1/17/2018,BP,CKNB,a,377,25,NA,,,,
1/17/2018,BP,CKNB,a,378,47,3.93,1.67,1.65,1.64,1.65
1/17/2018,BP,CKNB,a,379,27,NA,,,,
1/17/2018,BP,CKNB,a,380,30,NA,,,,
1/17/2018,BP,CKNB,a,381,37,NA,,,,
1/17/2018,BP,CKNB,a,382,23,NA,,,,
1/17/2018,BP,CKNB,a,383,14,NA,,,,
1/17/2018,BP,CKNB,a,384,27,NA,,,,
1/17/2018,BP,CKNB,a,385,35,NA,,,,
1/17/2018,BP,CKNB,a,386,29,NA,,,,
1/17/2018,BP,CKNB,a,387,30,NA,,,,
1/17/2018,BP,CKNB,a,388,26,NA,,,,
1/17/2018,BP,CKNB,a,389,20,NA,,,,
1/17/2018,BP,CKNB,a,390,19,NA,,,,
1/17/2018,BP,CKNB,a,391,20,NA,,,,
1/17/2018,BP,CKNB,a,392,27,NA,,,,
1/17/2018,BP,CKNB,a,393,17,NA,,,,
1/17/2018,BP,CKNB,a,394,25,NA,,,,
1/17/2018,BP,CKNB,a,395,14,NA,,,,
1/17/2018,BP,CKNB,a,396,27,NA,,,,
1/17/2018,BP,CKNB,a,397,28,NA,,,,
1/17/2018,BP,CKNB,a,398,38,NA,,,,
1/17/2018,BP,CKNB,a,399,37,NA,,,,
1/17/2018,BP,CKNB,a,400,16,NA,,,,
1/17/2018,BP,CKNB,a,401,30,NA,,,,
1/17/2018,BP,CKNB,a,402,22,NA,,,,
1/17/2018,BP,CKNB,a,403,32,NA,,,,
1/17/2018,BP,CKNB,a,404,33,NA,,,,
1/17/2018,BP,CKNB,a,405,33,NA,,,,
1/17/2018,BP,CKNB,a,406,35,NA,,,,
1/17/2018,BP,CKNB,a,407,30,NA,,,,
1/17/2018,BP,CKNB,a,408,28,NA,,,,
1/17/2018,BP,CKNB,a,409,29,NA,,,,
1/17/2018,BP,CKNB,a,410,25,NA,,,,
1/17/2018,BP,CKNB,a,411,27,NA,,,,
1/17/2018,BP,CKNB,a,412,28,NA,,,,
1/17/2018,BP,CKNB,a,413,25,NA,,,,
1/17/2018,BP,CKNB,a,414,24,NA,,,,
1/17/2018,BP,CKNB,a,415,23,NA,,,,
1/17/2018,BP,CKNB,a,416,17,NA,,,,
1/17/2018,BP,CKNB,a,417,16,NA,,,,
1/17/2018,BP,CKNB,a,418,20,NA,,,,
1/17/2018,BP,CKNB,a,419,20,NA,,,,
1/17/2018,BP,CKNB,a,420,23,NA,,,,
1/17/2018,BP,CKNB,a,421,24,NA,,,,
1/17/2018,BP,CKNB,a,422,18,NA,,,,
1/17/2018,BP,CKNB,a,423,14,NA,,,,
1/17/2018,BP,CKNB,a,424,18,NA,,,,
1/17/2018,BP,CKNB,a,425,14,NA,,,,
1/17/2018,BP,CKNB,a,426,32,NA,,,,
1/17/2018,BP,CKNB,a,427,30,NA,,,,
1/17/2018,BP,CKNB,a,428,35,NA,,,,
1/17/2018,BP,CKNB,a,429,25,NA,,,,
1/17/2018,BP,CKNB,a,430,17,NA,,,,
1/17/2018,BP,CKOA,a,431,51,NA,,,,
1/17/2018,BP,LCNA,a,432,86,NA,,,,
1/17/2018,BP,LCNA,a,433,46,NA,,,,
1/17/2018,BP,LCNA,a,434,15,1.4,1.27,1.28,1.28,1.28
1/17/2018,BP,LCNA,a,435,15,1.35,1.27,1.28,1.28,1.28
1/17/2018,BP,LCNA,a,436,32,2.27,1.48,1.48,1.49,1.48
1/17/2018,BP,LCNA,a,437,29,1.73,1.35,1.34,1.34,1.34
1/17/2018,BP,LCNA,a,438,15,1.46,1.3,1.31,1.31,1.32
1/17/2018,BP,LCNA,a,439,22,1.68,1.35,1.32,1.33,1.33
1/17/2018,BP,LCNA,a,440,22,1.72,1.32,1.26,1.35,1.35
1/17/2018,BP,LCNA,a,441,18,1.5,1.32,1.31,1.31,1.31
1/17/2018,BP,LCNA,a,442,17,1.42,1.29,1.3,1.31,1.31
1/17/2018,BP,LCNA,a,443,55,7.14,1.85,1.86,1.86,1.86
1/17/2018,BP,LCNA,a,444,24,1.8,1.38,1.36,1.38,1.37
1/17/2018,BP,LCNA,a,445,22,1.54,1.32,1.3,1.31,1.3
1/17/2018,BP,LCNA,a,446,20,1.5,1.31,1.31,1.32,1.31
1/17/2018,BP,LCNA,a,447,24,1.99,1.34,1.35,1.35,1.35
1/17/2018,BP,LCNA,a,448,30,1.79,1.34,1.36,1.35,1.35
1/17/2018,BP,LCIA,a,449,27,3.3,1.57,1.58,1.57,1.57
1/17/2018,BP,LCIA,a,450,74,10.81,2.67,2.66,2.67,2.65
1/17/2018,BP,LCIA,a,451,29,2.57,1.45,1.46,1.45,1.46
1/17/2018,BP,LCIA,a,452,37,2.51,1.41,1.43,1.43,1.44
1/17/2018,BP,LCIA,a,453,35,2.73,1.51,1.52,1.51,1.51
1/17/2018,BP,LCIA,a,454,28,1.76,1.34,1.34,1.34,1.35
1/17/2018,BP,LCIA,a,455,23,1.74,1.34,1.34,1.34,1.34
1/17/2018,BP,LCIA,a,456,27,1.66,1.31,1.32,1.31,1.32
1/17/2018,BP,LCIA,a,457,59,7.6,2.03,2.04,2.04,2.03
1/17/2018,BP,LCIA,a,458,40,1.8,1.34,1.35,1.35,1.35
1/17/2018,BP,LCIA,a,459,38,5.55,2.01,2.01,2,2
1/17/2018,BP,LCIA,a,460,40,4.06,1.75,1.75,1.75,1.74
1/17/2018,BP,LCIA,a,461,44,4.26,1.62,1.62,1.62,1.62
1/17/2018,BP,LCIA,a,462,35,2.23,1.4,1.39,1.31,1.4
1/17/2018,BP,LCIA,a,463,24,NA,,,,
1/17/2018,BP,LCIA,a,464,22,1.56,1.3,1.3,1.3,1.31
1/17/2018,BP,LCIA,a,465,21,1.51,1.31,1.31,1.31,1.31
1/17/2018,BP,LCIA,a,466,35,2.38,1.43,1.44,1.44,1.44
1/17/2018,BP,LCIA,a,467,46,5.11,2,1.98,1.97,1.97
1/17/2018,BP,LCIA,a,468,45,3.95,1.74,1.74,1.72,1.72
1/17/2018,BP,LCIA,a,469,15,1.53,1.32,1.31,1.31,1.31
1/17/2018,BP,LCIA,a,470,57,5.09,1.84,1.84,1.84,1.83
1/17/2018,BP,LCIA,a,471,41,2.61,1.36,1.44,1.44,1.45
1/17/2018,BP,LCIA,a,472,28,2.72,1.51,1.48,1.47,1.48
1/17/2018,BP,LCIA,a,473,16,2.06,1.39,1.4,1.39,1.39
1/17/2018,BP,LCIA,a,474,54,6.69,2.14,2.12,2.12,2.12
1/17/2018,BP,LCIA,a,475,19,1.7,1.38,1.37,1.36,1.35
1/17/2018,BP,LCIA,a,476,53,5.98,2.06,2.07,2.06,2.05
1/17/2018,BP,LCIA,a,477,23,1.75,1.34,1.35,1.32,1.33
1/17/2018,BP,LCIA,a,478,43,4.81,1.79,1.76,1.77,1.76
1/17/2018,BP,LCIA,a,479,26,1.67,1.35,1.35,1.34,1.34
1/17/2018,BP,LCIA,a,480,45,4.21,1.73,1.74,1.73,1.73
1/17/2018,BP,LCIA,a,481,24,1.63,1.33,1.33,1.33,1.32
1/17/2018,BP,LCIA,a,482,21,1.53,1.3,1.3,1.3,1.29
1/17/2018,BP,LCIA,a,483,30,1.82,1.36,1.34,1.34,1.34
1/17/2018,BP,LCIA,a,484,16,1.39,1.3,1.29,1.29,1.28
1/17/2018,BP,LCIA,a,485,30,2,1.39,1.37,1.36,1.36
1/17/2018,BP,LCIA,a,486,37,3.04,1.58,1.56,1.56,1.56
1/17/2018,BP,LCIA,a,487,38,2.77,1.47,1.47,1.47,1.48
1/17/2018,BP,LCIA,a,488,30,2.17,1.44,1.4,1.43,1.43
1/17/2018,BP,LCIA,a,489,26,2.07,1.41,1.4,1.4,1.4
1/17/2018,BP,LCIA,a,490,54,7.07,2.22,2.19,2.18,2.17
1/17/2018,BP,LCIA,a,491,42,3.51,1.69,1.65,1.66,1.66
1/17/2018,BP,LCIA,a,492,35,2.24,1.44,1.41,1.42,1.42
1/17/2018,BP,LCIA,a,493,44,3.76,1.79,1.76,1.77,1.76
1/17/2018,BP,LCIA,a,494,47,4.21,1.83,1.81,1.8,1.8
1/17/2018,BP,LCIA,a,495,32,2.12,1.4,1.38,1.37,1.38
1/17/2018,BP,LCIA,a,496,32,2.14,1.42,1.42,1.4,1.42
1/17/2018,BP,LCIA,a,497,43,4.02,1.76,1.72,1.71,1.72
1/17/2018,BP,LCIA,a,498,33,2.09,1.41,1.42,1.4,1.41
1/17/2018,BP,LCIA,a,499,42,2.95,1.56,1.58,1.57,1.57
1/17/2018,BP,LCIA,a,500,44,NA,,,,
1/17/2018,BP,LCIA,a,501,54,5.39,1.85,1.83,1.82,1.82
1/17/2018,BP,LCIA,a,502,18,1.47,1.33,1.33,1.33,1.33
1/17/2018,BP,LCIA,a,503,23,NA,,,,
1/17/2018,BP,LCIA,a,504,19,1.46,1.3,1.29,1.3,1.3
1/17/2018,BP,LCIA,a,505,22,NA,,,,
1/17/2018,BP,LCIA,a,506,35,NA,,,,
1/17/2018,BP,LCIA,a,507,21,NA,,,,
1/17/2018,BP,LCIA,a,508,20,NA,,,,
1/17/2018,BP,LCIA,a,509,30,NA,,,,
1/17/2018,BP,LCIA,a,510,21,NA,,,,
1/17/2018,BP,LCIA,a,511,41,NA,,,,
1/17/2018,BP,LCIA,a,512,35,NA,,,,
1/17/2018,BP,LCIA,a,513,48,NA,,,,
1/17/2018,BP,LCIA,a,514,62,7.93,2.16,2.15,2.14,2.14
1/17/2018,BP,LCIA,a,517,43,NA,,,,
1/17/2018,BP,LCIA,a,518,19,NA,,,,
1/17/2018,BP,LCIA,a,519,20,NA,,,,
1/17/2018,BP,LCIA,a,520,22,NA,,,,
1/17/2018,BP,LCIA,a,521,35,NA,,,,
1/17/2018,BP,LCIA,a,522,42,NA,,,,
1/17/2018,BP,LCIA,a,523,40,NA,,,,
1/17/2018,BP,LCIA,a,524,12,1.41,1.28,1.27,1.29,1.29
1/17/2018,BP,LCIA,a,525,29,NA,,,,
1/17/2018,BP,LCIA,a,526,42,NA,,,,
1/17/2018,BP,LCIA,a,527,31,NA,,,,
1/17/2018,BP,LCIA,a,528,20,NA,,,,
1/17/2018,BP,LCIA,a,529,27,NA,,,,
1/17/2018,BP,LCIA,a,530,40,NA,,,,
1/17/2018,BP,LCIA,a,531,34,NA,,,,
1/17/2018,BP,LCIA,a,532,38,NA,,,,
1/17/2018,BP,LCIA,a,533,18,1.37,1.3,1.28,1.28,1.28
1/17/2018,BP,LCIA,a,534,24,NA,,,,
1/17/2018,BP,LCIA,a,534.1,21,NA,,,,
1/17/2018,BP,LCIA,a,535,16,1.41,1.3,1.3,1.29,1.29
1/17/2018,BP,LCIA,a,536,39,NA,,,,
1/17/2018,BP,LCIA,a,537,27,NA,,,,
1/17/2018,BP,LCIA,a,538,17,NA,,,,
1/17/2018,BP,LCIA,a,539,43,NA,,,,
1/17/2018,BP,LCIA,a,540,42,NA,,,,
1/17/2018,BP,LCIA,a,541,31,NA,,,,
1/17/2018,BP,LCIA,a,542,35,NA,,,,
1/17/2018,BP,LCIA,a,543,45,5.29,1.89,1.89,1.89,1.89
1/17/2018,BP,LCIA,a,544,46,NA,,,,
1/17/2018,BP,LCIA,a,545,22,NA,,,,
1/17/2018,BP,LCIA,a,546,20,NA,,,,
1/17/2018,BP,LCIA,a,547,52,NA,,,,
1/17/2018,BP,LCIA,a,548,32,NA,,,,
1/17/2018,BP,LCIA,a,549,42,NA,,,,
1/17/2018,BP,LCIA,a,550,26,NA,,,,
1/17/2018,BP,LCIA,a,551,15,1.38,1.3,1.28,1.29,1.29
1/17/2018,BP,LCIA,a,552,43,NA,,,,
1/17/2018,BP,LCIA,a,553,34,NA,,,,
1/17/2018,BP,LCIA,a,554,26,NA,,,,
1/17/2018,BP,LCIA,a,555,32,NA,,,,
1/17/2018,BP,LCIA,a,556,32,NA,,,,
1/17/2018,BP,LCIA,a,557,31,NA,,,,
1/17/2018,BP,LCIA,a,558,53,3.1,1.54,1.51,1.51,1.51
1/17/2018,BP,LCIA,a,559,32,NA,,,,
1/17/2018,BP,LCIA,a,560,32,NA,,,,
1/17/2018,BP,LCIA,a,561,22,NA,,,,
1/17/2018,BP,LCIA,a,562,30,NA,,,,
1/17/2018,BP,LCIA,a,563,22,NA,,,,
1/17/2018,BP,LCIA,b,564,38,3.02,1.52,1.52,1.53,1.52
1/17/2018,BP,LCIA,b,565,63,10.77,2.32,2.34,2.33,2.32
1/17/2018,BP,LCIA,b,566,36,3.26,1.44,1.42,1.44,1.43
1/17/2018,BP,LCIA,b,567,34,1.95,1.38,1.36,1.37,1.37
1/17/2018,BP,LCIA,b,568,72,11.19,2.62,2.6,2.59,2.6
1/17/2018,BP,LCIA,b,569,31,2.51,1.45,1.45,1.45,1.45
1/17/2018,BP,LCIA,b,570,32,2.69,1.46,1.46,1.45,1.46
1/17/2018,BP,LCIA,b,571,21,1.53,1.28,1.3,1.29,1.29
1/17/2018,BP,LCIA,b,572,35,2.69,1.46,1.47,1.47,1.47
1/17/2018,BP,LCIA,b,573,31,2.65,1.49,1.47,1.48,1.48
1/17/2018,BP,CKOA,b,574,0,0,,,,
