"","TripID","Reference","Project_1","Project_2","Project_3","WorkUp","Stratum","Gear","Rep","LocationInstrument","Longitude","Latitude","End_Longitude","End_Latitude","Station_1","Station_2","Station_3","PrimaryInvestigator","Crew1","Crew2","Crew3","Crew4","TimeZone","StartDepth","Zone","Subzone","Grid","TempInstrument","CondInstrument","pHInstrument","SalInstrument","DisO2Instrument","HydroInstrument","Secchi_on_bottom","Secchi_depth","Sediment_Depth","SAM","BottomVegCover","Seagrass_habitat_descriptor","Distance_to_edge","Total_Over_Site","TotalShoreDamaged","Intermittent_land","Dist_to_Shore","Dist_to_ShoreType","Dist_to_MHTM","BycatchQuantity","BankDistance","Bank","ShoreDistance","Event","Procedural_exception","RecordPerson","Historic_Reference","Flag","TotalShoreCover","Currelat","Winrelat","Wng_dpth","SeineSlope","Twist","NetWidth","Panels","Enddepth","Dist_tow","Bearing","Fishing_mode","Guide","Target_species_primary","Target_species_secondary","Electro_TransectDistance","Electro_Model","Electro_PedalTime","Electro_Pulse","Electro_Amps","Electro_Voltage","Electro_current","Net_Ind","work_up","starttime","date","soaktime","searchtime","endtime"
"1","CKM20170101","CKM2017010101","AM",".",".","S","D",160,"1","W",-83.015216,29.1416,NA,NA,"CK1701046","","",35,357,362,423,NA,"EST",0.7,"C",".",269,"39","39","39","39","39","39","NO",0.2,NA,"",0,NA,NA,0,NA,0,0,0,15,30,NA,"",NA,"NO","NO",NA,"CKM17010101",NA,100,0,0,0.3,NA,NA,NA,NA,NA,NA,NA,"","","","",NA,"",NA,NA,NA,NA,NA,"",NA,30960,20823,NA,NA,NA
"2","CKM20170101","CKM2017010102","AM",".",".","S","D",160,"1","W",-83.011866,29.155783,NA,NA,"CK1701045","","",35,357,362,423,NA,"EST",0.6,"C",".",246,"39","39","39","39","39","39","NO",0.2,NA,"",0,NA,NA,0,NA,0,0,NA,10,10,NA,"",NA,"NO","NO",NA,"CKM17010102",NA,NA,180,180,0,NA,NA,NA,NA,NA,NA,NA,"","","","",NA,"",NA,NA,NA,NA,NA,"",NA,32520,20823,NA,NA,NA
"3","CKM20170101","CKM2017010103","AM",".",".","S","S",20,"1","W",-83.012666,29.155566,NA,NA,"CK1701035","","",35,357,362,423,NA,"EST",0.4,"C",".",246,"39","39","39","39","39","39","NO",0.2,NA,"",0,NA,NA,0,NA,0,0,NA,10,0,NA,"",NA,"NO","NO",NA,"CKM17010103",NA,NA,0,0,0,NA,NA,NA,NA,NA,NA,NA,"","","","",NA,"",NA,NA,NA,NA,NA,"",NA,34680,20823,NA,NA,NA
"4","CKM20170101","CKM2017010104","AM",".",".","S","D",160,"1","W",-83.017316,29.154283,NA,NA,"CK1701044","","",35,357,362,423,NA,"EST",1,"C",".",245,"39","39","39","39","39","39","NO",0.2,NA,"",0,NA,NA,0,NA,0,0,0,8,50,NA,"",NA,"NO","NO",NA,"CKM17010104",NA,100,180,180,0.1,NA,NA,NA,NA,NA,NA,NA,"","","","",NA,"",NA,NA,NA,NA,NA,"",NA,35400,20823,NA,NA,NA
"5","CKM20170101","CKM2017010105","AM",".",".","S","B",20,"1","W",-83.016016,29.14815,NA,NA,"CK1701039","","",35,357,362,423,NA,"EST",0.5,"C",".",269,"39","39","39","39","39","39","NO",0.3,NA,"",0,NA,NA,NA,NA,NA,99,99,99,1,NA,"",NA,"NO","NO",NA,"CKM17010105",NA,NA,0,0,NA,0.1,NA,NA,NA,NA,NA,NA,"","","","",NA,"",NA,NA,NA,NA,NA,"",NA,38340,20823,NA,NA,NA
"6","CKM20170101","CKM2017010106","AM",".",".","S","S",20,"1","W",-83.016766,29.146916,NA,NA,"CK1701033","","",35,357,362,423,NA,"EST",0.3,"C",".",268,"39","39","39","39","39","39","YES",0.3,NA,"",0,NA,NA,0,NA,0,0,5,10,0.2,NA,"",NA,"NO","NO",NA,"CKM17010106",NA,100,0,0,0,NA,NA,NA,NA,NA,NA,NA,"","","","",NA,"",NA,NA,NA,NA,NA,"",NA,38880,20823,NA,NA,NA
"7","CKM20170101","CKM2017010107","AM",".",".","S","S",20,"1","W",-83.015433,29.141733,NA,NA,"CK1701036","","",35,357,362,423,NA,"EST",0.4,"C",".",269,"39","39","39","39","39","39","NO",0.2,NA,"",0,NA,NA,0,NA,0,0,0,10,1,NA,"",NA,"NO","NO",NA,"CKM17010107",NA,100,0,0,0,NA,NA,NA,NA,NA,NA,NA,"","","","",NA,"",NA,NA,NA,NA,NA,"",NA,39480,20823,NA,NA,NA
"8","CKM20170101","CKM2017010108","AM",".",".","S","D",160,"1","W",-83.017933,29.142283,NA,NA,"CK1701048","","",35,357,362,423,NA,"EST",2.5,"C",".",268,"39","39","39","39","39","39","NO",0.7,NA,"",0,NA,NA,0,NA,0,0,0,30,0,NA,"",NA,"NO","NO",NA,"CKM17010108",NA,100,0,0,0,NA,NA,NA,NA,NA,NA,NA,"","","","",NA,"",NA,NA,NA,NA,NA,"",NA,40800,20823,NA,NA,NA
"9","CKM20170102","CKM2017010201","AM",".",".","S",".",300,"1","W",-83.0311,29.129166,NA,NA,"CK1701054","","",398,343,378,NA,NA,"EST",2.7,"C",".",291,"84","84","84","84","84","84","NO",1.1,NA,"",0,NA,NA,NA,NA,NA,99,99,99,6,NA,"",NA,"NO","NO",NA,"CKM17010201",NA,NA,0,180,NA,NA,NA,NA,NA,2.3,0.18,75,"","","","",NA,"",NA,NA,NA,NA,NA,"",NA,32880,20823,600,NA,NA
"10","CKM20170102","CKM2017010202","AM",".",".","S",".",300,"1","W",-82.991416,29.140366,NA,NA,"CK1701052","","",398,343,378,NA,NA,"EST",2.3,"C",".",270,"84","84","84","84","84","84","NO",1,NA,"",0,NA,NA,NA,NA,NA,99,99,99,0.2,NA,"",NA,"NO","NO",NA,"CKM17010202",NA,NA,0,180,NA,NA,NA,NA,NA,2.4,0.21,140,"","","","",NA,"",NA,NA,NA,NA,NA,"",NA,35220,20823,600,NA,NA
"11","CKM20170102","CKM2017010203","AM",".",".","S","A",20,"1","W",-82.994766,29.085733,NA,NA,"CK1701042","","",398,343,378,NA,NA,"EST",0.6,"C",".",340,"84","84","84","84","84","84","YES",0.6,NA,"",100,NA,NA,NA,NA,NA,99,99,99,0.5,NA,"",NA,"NO","NO",NA,"CKM17010203",NA,NA,0,0,NA,0,NA,NA,NA,NA,NA,NA,"","","","",NA,"",NA,NA,NA,NA,NA,"",NA,38700,20823,NA,NA,NA
"12","CKM20170102","CKM2017010204","AM",".",".","S","A",20,"1","W",-83.01475,29.066033,NA,NA,"CK1701043","","",398,343,378,NA,NA,"EST",0.6,"C",".",387,"84","84","84","84","84","84","YES",0.6,NA,"",100,NA,NA,NA,NA,NA,99,99,99,0.3,NA,"",NA,"NO","NO",NA,"CKM17010204",NA,NA,0,0,NA,0.2,NA,NA,NA,NA,NA,NA,"","","","",NA,"",NA,NA,NA,NA,NA,"",NA,39600,20823,NA,NA,NA
"13","CKM20170102","CKM2017010205","AM",".",".","S",".",300,"1","W",-83.079216,29.06195,NA,NA,"CK1701056","","",398,343,378,NA,NA,"EST",4.5,"C",".",383,"84","84","84","84","84","84","NO",1.5,NA,"",0,NA,NA,NA,NA,NA,99,99,99,2,NA,"",NA,"NO","NO",NA,"CKM17010205",NA,NA,0,0,NA,NA,NA,NA,NA,4,0.2,303,"","","","",NA,"",NA,NA,NA,NA,NA,"",NA,41640,20823,600,NA,NA
"14","CKM20170102","CKM2017010206","AM",".",".","S",".",300,"1","W",-83.115366,29.07865,NA,NA,"CK1701055","","",398,343,378,NA,NA,"EST",4.2,"C",".",357,"84","84","84","84","84","84","NO",1.6,NA,"",0,NA,NA,NA,NA,NA,99,99,99,8,NA,"",NA,"NO","NO",NA,"CKM17010206",NA,NA,0,0,NA,NA,NA,NA,NA,4.2,0.21,289,"","","","",NA,"",NA,NA,NA,NA,NA,"",NA,44220,20823,600,NA,NA
"15","CKM20170102","CKM2017010207","AM",".",".","S",".",300,"1","W",-83.1177,29.1322,NA,NA,"CK1701053","","",398,343,378,NA,NA,"EST",4.6,"C",".",285,"84","84","84","84","84","84","NO",1.6,NA,"",0,NA,NA,NA,NA,NA,99,99,99,10,NA,"",NA,"NO","NO",NA,"CKM17010207",NA,NA,0,0,NA,NA,NA,NA,NA,4,0.21,316,"","","","",NA,"",NA,NA,NA,NA,NA,"",NA,47340,20823,600,NA,NA
"16","CKM20170102","CKM2017010208","AM",".",".","S","B",20,"1","W",-83.075366,29.146366,NA,NA,"CK1701038","","",398,343,378,NA,NA,"EST",0.7,"C",".",265,"84","84","84","84","84","84","NO",0.5,NA,"",0,NA,NA,NA,NA,NA,99,99,99,0,NA,"",NA,"NO","NO",NA,"CKM17010208",NA,NA,0,0,NA,0,NA,NA,NA,NA,NA,NA,"","","","",NA,"",NA,NA,NA,NA,NA,"",NA,51600,20823,NA,NA,NA
"17","CKM20170103","CKM2017010301","AM",".",".","S",".",300,"1","W",-83.179433,29.25685,NA,NA,"CK1701029","","",357,111,378,423,NA,"EST",3.3,"B",".",148,"94","94","94","94","94","94","NO",1.8,NA,"",0,NA,NA,NA,NA,NA,99,99,99,6,NA,"",NA,"NO","NO",NA,"CKM17010301",NA,NA,0,0,NA,NA,NA,NA,NA,5,0.18,70,"","","","",NA,"",NA,NA,NA,NA,NA,"",NA,36300,20824,600,NA,NA
"18","CKM20170103","CKM2017010302","AM",".",".","S",".",300,"1","W",-83.225116,29.348883,NA,NA,"CK1701028","","",357,111,378,423,NA,"EST",2.2,"B",".",96,"94","94","94","94","94","94","NO",1.5,NA,"",0,NA,NA,NA,NA,NA,99,99,99,0,NA,"",NA,"NO","NO",NA,"CKM17010302",NA,NA,0,0,NA,NA,NA,NA,NA,2.2,0.18,82,"","","","",NA,"",NA,NA,NA,NA,NA,"",NA,39000,20824,600,NA,NA
"19","CKM20170103","CKM2017010303","AM",".",".","S",".",300,"1","W",-83.2441,29.250483,NA,NA,"CK1701030","","",357,111,378,423,NA,"EST",4.8,"B",".",144,"94","94","94","94","94","94","NO",2,NA,"",0,NA,NA,NA,NA,NA,99,99,99,4,NA,"",NA,"NO","NO",NA,"CKM17010303",NA,NA,0,0,NA,NA,NA,NA,NA,3.2,0.19,35,"","","","",NA,"",NA,NA,NA,NA,NA,"",NA,41880,20824,600,NA,NA
"20","CKM20170103","CKM2017010304","AM",".",".","S",".",300,"1","W",-83.196283,29.19945,NA,NA,"CK1701032","","",357,111,378,423,NA,"EST",2.9,"B",".",191,"94","94","94","94","94","94","NO",1.8,NA,"",0,NA,NA,NA,NA,NA,99,99,99,0,NA,"",NA,"NO","NO",NA,"CKM17010304",NA,NA,0,0,NA,NA,NA,NA,NA,2.2,0.19,63,"","","","",NA,"",NA,NA,NA,NA,NA,"",NA,44100,20824,600,NA,NA
"21","CKM20170103","CKM2017010305","AM",".",".","S","B",20,"1","W",-83.110666,29.201516,NA,NA,"CK1701010","","",357,111,378,423,NA,"EST",0.6,"B",".",187,"94","94","94","94","94","94","YES",0.6,NA,"",0,NA,NA,NA,NA,NA,99,99,99,1,NA,"",NA,"NO","NO",NA,"CKM17010305",NA,NA,0,0,NA,0,NA,NA,NA,NA,NA,NA,"","","","",NA,"",NA,NA,NA,NA,NA,"",NA,46080,20824,NA,NA,NA
"22","CKM20170103","CKM2017010306","AM",".",".","S",".",300,"1","W",-83.099933,29.2184,NA,NA,"CK1701031","","",357,111,378,423,NA,"EST",1.9,"B","",177,"94","94","94","94","94","94","NO",1.2,NA,"",0,NA,NA,NA,NA,NA,99,99,99,6,NA,"",NA,"NO","NO",NA,"CKM17010306",NA,NA,0,0,NA,NA,NA,NA,NA,1.9,0.18,243,"","","","",NA,"",NA,NA,NA,NA,NA,"",NA,47100,20824,600,NA,NA
"23","CKM20170103","CKM2017010307","AM",".",".","S","B",20,"1","W",-83.1612,29.251083,NA,NA,"CK1701009","","",357,111,378,423,NA,"EST",0.5,"B",".",149,"94","94","94","94","94","94","YES",0.5,NA,"",0,NA,NA,NA,NA,NA,99,99,99,1,NA,"",NA,"NO","NO",NA,"CKM17010307",NA,NA,0,0,NA,0,NA,NA,NA,NA,NA,NA,"","","","",NA,"",NA,NA,NA,NA,NA,"",NA,49500,20824,NA,NA,NA
"24","CKM20170104","CKM2017010401","AM",".",".","S","D",160,"1","W",-83.035233,29.095666,NA,NA,"CK1701051","","",362,38,398,399,NA,"EST",0.6,"C",".",337,"39","39","39","39","39","39","YES",0.6,NA,"",0,NA,NA,0,NA,0,1,0,20,20,NA,"",NA,"NO","NO",NA,"CKM17010401",NA,100,0,90,0.3,NA,NA,NA,NA,NA,NA,NA,"","","","",NA,"",NA,NA,NA,NA,NA,"",NA,31200,20824,NA,NA,NA
"25","CKM20170104","CKM2017010402","AM",".",".","S","D",160,"1","W",-83.0609,29.101933,NA,NA,"CK1701049","","",362,38,398,399,NA,"EST",0.6,"C",".",312,"39","39","39","39","39","39","YES",0.6,NA,"",0,NA,NA,0,NA,0,1,NA,11,0,NA,"",NA,"NO","YES",NA,"CKM17010402",NA,NA,0,90,0.3,NA,NA,NA,NA,NA,NA,NA,"","","","",NA,"",NA,NA,NA,NA,NA,"",NA,34320,20824,NA,NA,NA
"26","CKM20170104","CKM2017010403","AM",".",".","S","D",160,"1","W",-83.061016,29.09785,NA,NA,"CK1701050","","",362,38,398,399,NA,"EST",0.5,"C",".",336,"39","39","39","39","39","39","YES",0.5,NA,"",101,NA,NA,0,NA,0,0,NA,15,0,NA,"",NA,"NO","YES",NA,"CKM17010403",NA,NA,0,90,0.2,NA,NA,NA,NA,NA,NA,NA,"","","","",NA,"",NA,NA,NA,NA,NA,"",NA,36480,20824,NA,NA,NA
"27","CKM20170104","CKM2017010404","AM",".",".","S","S",20,"1","W",-83.061833,29.097016,NA,NA,"CK1701037","","",362,38,398,399,NA,"EST",0.3,"C",".",336,"39","39","39","39","39","39","YES",0.3,NA,"",0,NA,NA,0,NA,0,1,NA,16,0,NA,"",NA,"NO","NO",NA,"CKM17010404",NA,NA,0,90,0.3,NA,NA,NA,NA,NA,NA,NA,"","","","",NA,"",NA,NA,NA,NA,NA,"",NA,38280,20824,NA,NA,NA
"28","CKM20170104","CKM2017010405","AM",".",".","S","B",20,"1","W",-83.083066,29.0834,NA,NA,"CK1701041","","",362,38,398,399,NA,"EST",0.8,"C",".",335,"39","39","39","39","39","39","YES",0.7,NA,"",0,NA,NA,NA,NA,NA,99,99,99,0.3,NA,"",NA,"NO","NO",NA,"CKM17010405",NA,NA,0,0,NA,0.4,NA,NA,NA,NA,NA,NA,"","","","",NA,"",NA,NA,NA,NA,NA,"",NA,39360,20824,NA,NA,NA
"29","CKM20170104","CKM2017010406","AM",".",".","S","B",20,"1","W",-83.093783,29.099033,NA,NA,"CK1701040","","",362,38,398,399,NA,"EST",0.6,"C",".",334,"39","39","39","39","39","39","YES",0.6,NA,"",0,NA,NA,NA,NA,NA,99,99,99,0.1,NA,"",NA,"NO","NO",NA,"CKM17010406",NA,NA,0,0,NA,0.2,NA,NA,NA,NA,NA,NA,"","","","",NA,"",NA,NA,NA,NA,NA,"",NA,40380,20824,NA,NA,NA
"30","CKM20170104","CKM2017010407","AM",".",".","S","D",160,"1","W",-83.074116,29.126233,NA,NA,"CK1701047","","",362,38,398,399,NA,"EST",0.8,"C",".",288,"39","39","39","39","39","39","NO",0.6,NA,"",0,NA,NA,0,NA,10,0,0,23,30,NA,"",NA,"NO","NO",NA,"CKM17010407",NA,100,0,0,0.4,NA,NA,NA,NA,NA,NA,NA,"","","","",NA,"",NA,NA,NA,NA,NA,"",NA,41580,20824,NA,NA,NA
"31","CKM20170104","CKM2017010408","AM",".",".","S","S",20,"1","W",-83.064216,29.155366,NA,NA,"CK1701034","","",362,38,398,399,NA,"EST",0.5,"C",".",243,"39","39","39","39","39","39","NO",0.3,NA,"",0,NA,NA,0,NA,0,0,2,17,0,NA,"",NA,"NO","NO",NA,"CKM17010408",NA,100,0,0,0.1,NA,NA,NA,NA,NA,NA,NA,"","","","",NA,"",NA,NA,NA,NA,NA,"",NA,45000,20824,NA,NA,NA
"32","CKM20170105","CKM2017010501","AM",".",".","S","D",160,"1","W",-83.083833,29.262283,NA,NA,"CK1701024","","",83,38,357,398,NA,"EST",1,"B",".",153,"87","87","87","87","87","87","NO",0.9,NA,"",0,NA,NA,0,NA,0,0,0,1,0,NA,"",NA,"NO","NO",NA,"CKM17010501",NA,100,0,0,0.3,NA,NA,NA,NA,NA,NA,NA,"","","","",NA,"",NA,NA,NA,NA,NA,"",NA,36300,20825,NA,NA,NA
"33","CKM20170105","CKM2017010502","AM",".",".","S","S",20,"1","W",-83.10545,29.269616,NA,NA,"CK1701003","","",83,38,357,398,NA,"EST",0.7,"B",".",141,"87","87","87","87","87","87","NO",0.5,NA,"",0,NA,NA,0,NA,0,0,0,1,0,NA,"",NA,"NO","NO",NA,"CKM17010502",NA,100,0,90,0.2,NA,NA,NA,NA,NA,NA,NA,"","","","",NA,"",NA,NA,NA,NA,NA,"",NA,38220,20825,NA,NA,NA
"34","CKM20170105","CKM2017010503","AM",".",".","S","B",20,"1","W",-83.103133,29.270866,NA,NA,"CK1701008","","",83,38,357,398,NA,"EST",1,"B",".",141,"87","87","87","87","87","87","NO",0.8,NA,"",0,NA,NA,0,NA,0,10,10,12,0,NA,"",NA,"NO","NO",NA,"CKM17010503",NA,100,0,0,NA,0.2,NA,NA,NA,NA,NA,NA,"","","","",NA,"",NA,NA,NA,NA,NA,"",NA,39120,20825,NA,NA,NA
"35","CKM20170105","CKM2017010504","AM",".",".","S","D",160,"1","W",-83.108,29.271183,NA,NA,"CK1701023","","",83,38,357,398,NA,"EST",1.2,"B",".",141,"87","87","87","87","87","87","NO",0.9,NA,"",0,NA,NA,0,NA,0,0,0,2,0,NA,"",NA,"NO","NO",NA,"CKM17010504",NA,100,0,0,0.3,NA,NA,NA,NA,NA,NA,NA,"","","","",NA,"",NA,NA,NA,NA,NA,"",NA,40200,20825,NA,NA,NA
"36","CKM20170105","CKM2017010505","AM",".",".","S","D",23,"1","W",-83.102416,29.2834,NA,NA,"CK1701015","","",83,38,357,398,NA,"EST",0.7,"B",".",130,"87","87","87","87","87","87","YES",0.7,NA,"",0,NA,NA,0,NA,0,0,0,1,0,NA,"",NA,"NO","NO",NA,"CKM17010505",NA,100,0,180,0,NA,NA,NA,NA,NA,NA,NA,"","","","",NA,"",NA,NA,NA,NA,NA,"",NA,40680,20825,NA,NA,NA
"37","CKM20170105","CKM2017010506","AM",".",".","S","B",20,"1","W",-83.12405,29.2727,NA,NA,"CK1701007","","",83,38,357,398,NA,"EST",0.7,"B",".",140,"87","87","87","87","87","87","YES",0.7,NA,"",0,NA,NA,NA,NA,NA,99,99,99,0,NA,"",NA,"NO","NO",NA,"CKM17010506",NA,NA,0,0,NA,0.2,NA,NA,NA,NA,NA,NA,"","","","",NA,"",NA,NA,NA,NA,NA,"",NA,42900,20825,NA,NA,NA
"38","CKM20170105","CKM2017010507","AM",".",".","S","S",20,"1","W",-83.166,29.289766,NA,NA,"CK1701002","","",83,38,357,398,NA,"EST",0.4,"B",".",127,"87","87","87","87","87","87","YES",0.4,NA,"",0,NA,NA,0,NA,0,0,0,2,0,NA,"",NA,"NO","NO",NA,"CKM17010507",NA,100,0,0,0,NA,NA,NA,NA,NA,NA,NA,"","","","",NA,"",NA,NA,NA,NA,NA,"",NA,44700,20825,NA,NA,NA
"39","CKM20170105","CKM2017010508","AM",".",".","S","D",23,"1","W",-83.13475,29.2866,NA,NA,"CK1701014","","",83,38,357,398,NA,"EST",0.4,"B",".",128,"87","87","87","87","87","87","YES",0.4,NA,"",0,NA,NA,0,NA,0,0,0,2,0,NA,"",NA,"NO","NO",NA,"CKM17010508",NA,100,0,180,0,NA,NA,NA,NA,NA,NA,NA,"","","","",NA,"",NA,NA,NA,NA,NA,"",NA,46200,20825,NA,NA,NA
"40","CKM20170106","CKM2017010601","AM",".",".","S","D",160,"1","W",-83.085833,29.2255,NA,NA,"CK1701026","","",362,83,357,384,398,"EST",0.6,"B",".",177,"87","87","87","87","87","87","YES",0.6,NA,"",0,NA,NA,0,NA,0,1,0,23,1,NA,"",NA,"NO","YES",NA,"CKM17010601",NA,100,0,0,0.3,NA,NA,NA,NA,NA,NA,NA,"","","","",NA,"",NA,NA,NA,NA,NA,"",NA,33600,20829,NA,NA,NA
"41","CKM20170106","CKM2017010602","AM",".",".","S","S",20,"1","W",-83.074166,29.251016,NA,NA,"CK1701004","","",362,83,357,384,398,"EST",0.4,"B",".",154,"87","87","87","87","87","87","YES",0.5,NA,"",0,NA,NA,0,NA,0,0,1,99,2.5,NA,"",NA,"NO","NO",NA,"CKM17010602",NA,100,0,90,0,NA,NA,NA,NA,NA,NA,NA,"","","","",NA,"",NA,NA,NA,NA,NA,"",NA,35400,20829,NA,NA,NA
"42","CKM20170106","CKM2017010603","AM",".",".","S","D",160,"1","W",-83.077216,29.256716,NA,NA,"CK1701025","","",362,83,357,384,398,"EST",0.9,"B",".",154,"87","87","87","87","87","87","NO",0.7,NA,"",0,NA,NA,0,NA,0,2,0,99,0.2,NA,"",NA,"NO","YES",NA,"CKM17010603",NA,100,0,0,0.4,NA,NA,NA,NA,NA,NA,NA,"","","","",NA,"",NA,NA,NA,NA,NA,"",NA,36000,20829,NA,NA,NA
"43","CKM20170106","CKM2017010604","AM",".",".","S","D",23,"1","W",-83.071383,29.279116,NA,NA,"CK1701016","","",362,83,357,384,398,"EST",0.8,"B",".",143,"87","87","87","87","87","87","NO",0.6,NA,"",0,NA,NA,0,NA,0,20,0,99,0.1,NA,"",NA,"NO","NO",NA,"CKM17010604",NA,100,0,90,0.1,NA,NA,NA,NA,NA,NA,NA,"","","","",NA,"",NA,NA,NA,NA,NA,"",NA,38280,20829,NA,NA,NA
"44","CKM20170106","CKM2017010605","AM",".",".","S","D",23,"1","W",-83.0562,29.260566,NA,NA,"CK1701017","","",362,83,357,384,398,"EST",1.2,"B",".",155,"87","87","87","87","87","87","NO",0.8,NA,"",0,NA,NA,0,NA,0,20,0,99,0.2,NA,"",NA,"NO","NO",NA,"CKM17010605",NA,100,0,90,0.1,NA,NA,NA,NA,NA,NA,NA,"","","","",NA,"",NA,NA,NA,NA,NA,"",NA,39360,20829,NA,NA,NA
"45","CKM20170106","CKM2017010606","AM",".",".","S","D",160,"1","W",-83.061633,29.2332,NA,NA,"CK1701027","","",362,83,357,384,398,"EST",3,"B",".",179,"87","87","87","87","87","87","NO",0.5,NA,"",0,NA,NA,0,NA,0,2,0,3,1,NA,"",NA,"NO","YES",NA,"CKM17010606",NA,100,0,180,0.5,NA,NA,NA,NA,NA,NA,NA,"","","","",NA,"",NA,NA,NA,NA,NA,"",NA,41280,20829,NA,NA,NA
"46","CKM20170106","CKM2017010607","AM",".",".","S","D",23,"1","W",-83.06335,29.21945,NA,NA,"CK1701018","","",362,83,357,384,398,"EST",0.8,"B",".",179,"87","87","87","87","87","87","NO",0.5,NA,"",0,NA,NA,0,NA,0,3,0,99,0.2,NA,"",NA,"NO","NO",NA,"CKM17010607",NA,100,0,0,0.1,NA,NA,NA,NA,NA,NA,NA,"","","","",NA,"",NA,NA,NA,NA,NA,"",NA,42720,20829,NA,NA,NA
"47","CKM20170106","CKM2017010608","AM",".",".","S","D",23,"1","W",-83.0562,29.188966,NA,NA,"CK1701019","","",362,83,357,384,398,"EST",0.6,"B",".",199,"87","87","87","87","87","87","YES",0.6,NA,"",0,NA,NA,0,NA,0,30,0,99,0.1,NA,"",NA,"NO","NO",NA,"CKM17010608",NA,100,0,0,0.3,NA,NA,NA,NA,NA,NA,NA,"","","","",NA,"",NA,NA,NA,NA,NA,"",NA,44220,20829,NA,NA,NA
"48","CKM20170107","CKM2017010701","AM",".",".","S","D",23,"1","W",-83.153066,29.328066,NA,NA,"CK1701013","","",NA,38,399,423,NA,"EST",0.6,"B",".",109,"87","87","87","87","87","87","YES",0.6,NA,"",0,NA,NA,0,NA,0,2,0,36,0.1,NA,"",NA,"NO","NO",NA,"CKM17010701",NA,100,0,90,0.2,NA,NA,NA,NA,NA,NA,NA,"","","","",NA,"",NA,NA,NA,NA,NA,"",NA,39600,20830,NA,NA,NA
"49","CKM20170107","CKM2017010702","AM",".",".","S","D",23,"1","W",-83.15035,29.333833,NA,NA,"CK1701012","","",NA,38,399,423,NA,"EST",0.7,"B",".",100,"87","87","87","87","87","87","YES",0.7,NA,"",0,NA,NA,0,NA,0,99,0,99,0.1,NA,"",NA,"NO","NO",NA,"CKM17010702",NA,100,0,0,0.2,NA,NA,NA,NA,NA,NA,NA,"","","","",NA,"",NA,NA,NA,NA,NA,"",NA,40680,20830,NA,NA,NA
"50","CKM20170107","CKM2017010703","AM",".",".","S","D",23,"1","W",-83.17175,29.364383,NA,NA,"CK1701011","","",NA,38,399,423,NA,"EST",0.7,"B",".",90,"87","87","87","87","87","87","YES",0.7,NA,"",0,NA,NA,0,NA,0,99,0,99,0,NA,"",NA,"NO","NO",NA,"CKM17010703",NA,100,0,0,0.2,NA,NA,NA,NA,NA,NA,NA,"","","","",NA,"",NA,NA,NA,NA,NA,"",NA,42720,20830,NA,NA,NA
"51","CKM20170107","CKM2017010704","AM",".",".","S","D",160,"1","W",-83.188366,29.36345,NA,NA,"CK1701020","","",NA,38,399,423,NA,"EST",0.7,"B","",89,"87","87","87","87","87","87","YES",0.7,NA,"",0,NA,NA,0,NA,0,99,0,99,0,NA,"",NA,"NO","YES",NA,"CKM17010704",NA,100,0,0,0.5,NA,NA,NA,NA,NA,NA,NA,"","","","",NA,"",NA,NA,NA,NA,NA,"",NA,43500,20830,NA,NA,NA
"52","CKM20170107","CKM2017010705","AM",".",".","S","B",20,"1","W",-83.202166,29.3656,NA,NA,"CK1701005","","",NA,38,399,423,NA,"EST",1,"B",".",88,"87","87","87","87","87","87","NO",0.9,NA,"",0,NA,NA,0,NA,10,5,5,8,0.6,NA,"",NA,"NO","NO",NA,"CKM17010705",NA,100,0,90,NA,0,NA,NA,NA,NA,NA,NA,"","","","",NA,"",NA,NA,NA,NA,NA,"",NA,45300,20830,NA,NA,NA
"53","CKM20170107","CKM2017010706","AM",".",".","S","D",160,"1","W",-83.177333,29.346833,NA,NA,"CK1701021","","",NA,38,399,423,NA,"EST",2.2,"B",".",99,"87","87","87","87","87","87","NO",1,NA,"",0,NA,NA,0,NA,0,99,0,99,25,NA,"",NA,"NO","NO",NA,"CKM17010706",NA,100,0,90,0.4,NA,NA,NA,NA,NA,NA,NA,"","","","",NA,"",NA,NA,NA,NA,NA,"",NA,47100,20830,NA,NA,NA
"54","CKM20170107","CKM2017010707","AM",".",".","S","S",20,"1","W",-83.174766,29.330016,NA,NA,"CK1701001","","",NA,38,399,423,NA,"EST",0.8,"B",".",108,"87","87","87","87","87","87","YES",0.9,NA,"",0,NA,NA,0,NA,0,0,0,2,0.5,NA,"",NA,"NO","NO",NA,"CKM17010707",NA,100,0,0,0,NA,NA,NA,NA,NA,NA,NA,"","","","",NA,"",NA,NA,NA,NA,NA,"",NA,48480,20830,NA,NA,NA
"55","CKM20170107","CKM2017010708","AM",".",".","S","B",20,"1","W",-83.16445,29.3248,NA,NA,"CK1701006","","",NA,38,399,423,NA,"EST",0.8,"B",".",109,"87","87","87","87","87","87","YES",0.8,NA,"",0,NA,NA,NA,NA,0,10,7,11,0,NA,"",NA,"NO","NO",NA,"CKM17010708",NA,40,0,0,NA,0.2,NA,NA,NA,NA,NA,NA,"","","","",NA,"",NA,NA,NA,NA,NA,"",NA,49800,20830,NA,NA,NA
"56","CKM20170107","CKM2017010709","AM",".",".","S","D",160,"1","W",-83.1661,29.318416,NA,NA,"CK1701022","","",NA,38,399,423,NA,"EST",1,"B",".",109,"87","87","87","87","87","87","YES",1,NA,"",0,NA,NA,0,NA,0,0,0,10,0,NA,"",NA,"NO","NO",NA,"CKM17010709",NA,100,0,90,0.2,NA,NA,NA,NA,NA,NA,NA,"","","","",NA,"",NA,NA,NA,NA,NA,"",NA,50700,20830,NA,NA,NA
"57","CKM20170108","CKM2017010801","AM",".",".","S",".",300,"1","W",-83.158433,29.298116,NA,NA,"CK1701065","","",357,83,111,362,NA,"EST",2.7,"F",".",127,"99","99","99","99","99","99","NO",2.6,NA,"",0,NA,NA,NA,NA,NA,10,10,99,1.5,NA,"",NA,"NO","NO",NA,"CKM17010801",NA,100,0,0,NA,NA,NA,NA,NA,1.8,0.08,210,"","","","",NA,"",NA,NA,NA,NA,NA,"",NA,38100,20830,240,NA,NA
"58","CKM20170108","CKM2017010802","AM",".",".","S",".",300,"1","W",-83.143733,29.315766,NA,NA,"CK1701063","","",357,83,111,362,NA,"EST",2.7,"F",".",119,"99","99","99","99","99","99","NO",2,NA,"",0,NA,NA,NA,NA,NA,99,25,99,10,NA,"",NA,"NO","NO",NA,"CKM17010802",NA,100,0,0,NA,NA,NA,NA,NA,2.8,0.09,42,"","","","",NA,"",NA,NA,NA,NA,NA,"",NA,40200,20830,300,NA,NA
"59","CKM20170108","CKM2017010803","AM",".",".","S","D",23,"1","W",-83.148883,29.3108,NA,NA,"CK1701060","","",357,83,111,362,NA,"EST",0.9,"F",".",119,"99","99","99","99","99","99","YES",0.9,NA,"",0,NA,NA,0,NA,0,99,0,99,0,NA,"",NA,"NO","NO",NA,"CKM17010803",NA,100,0,0,0.2,NA,NA,NA,NA,NA,NA,NA,"","","","",NA,"",NA,NA,NA,NA,NA,"",NA,41700,20830,NA,NA,NA
"60","CKM20170108","CKM2017010804","AM",".",".","S","D",23,"1","W",-83.142916,29.311633,NA,NA,"CK1701059","","",357,83,111,362,NA,"EST",2.2,"F",".",119,"99","99","99","99","99","99","NO",1.5,NA,"",0,NA,NA,0,NA,0,99,0,99,0,NA,"",NA,"NO","YES",NA,"CKM17010804",NA,100,0,0,0.3,NA,NA,NA,NA,NA,NA,NA,"","","","",NA,"",NA,NA,NA,NA,NA,"",NA,42000,20830,NA,NA,NA
"61","CKM20170108","CKM2017010805","AM",".",".","S","D",23,"1","W",-83.119616,29.318483,NA,NA,"CK1701057","","",357,83,111,362,NA,"EST",0.7,"F",".",111,"99","99","99","99","99","99","YES",0.7,NA,"",0,NA,NA,0,NA,0,99,0,99,0.1,NA,"",NA,"NO","YES",NA,"CKM17010805",NA,100,0,0,0.8,NA,NA,NA,NA,NA,NA,NA,"","","","",NA,"",NA,NA,NA,NA,NA,"",NA,43200,20830,NA,NA,NA
"62","CKM20170108","CKM2017010806","AM",".",".","S","D",23,"1","W",-83.116666,29.303916,NA,NA,"CK1701061","","",357,83,111,362,NA,"EST",0.6,"F",".",120,"99","99","99","99","99","99","YES",0.6,NA,"",0,NA,NA,0,NA,0,99,0,99,0.2,NA,"",NA,"NO","NO",NA,"CKM17010806",NA,100,0,0,0.4,NA,NA,NA,NA,NA,NA,NA,"","","","",NA,"",NA,NA,NA,NA,NA,"",NA,44400,20830,NA,NA,NA
"63","CKM20170108","CKM2017010807","AM",".",".","S",".",300,"1","W",-83.112783,29.298016,NA,NA,"CK1701066","","",357,83,111,362,NA,"EST",4.2,"F",".",130,"99","99","99","99","99","99","NO",1.6,NA,"",0,NA,NA,NA,NA,NA,99,15,99,8,NA,"",NA,"NO","NO",NA,"CKM17010807",NA,100,0,0,NA,NA,NA,NA,NA,4,0.08,94,"","","","",NA,"",NA,NA,NA,NA,NA,"",NA,45300,20830,300,NA,NA
"64","CKM20170108","CKM2017010808","AM",".",".","S",".",300,"1","W",-83.116766,29.317566,NA,NA,"CK1701064","","",357,83,111,362,NA,"EST",3,"F",".",111,"99","99","99","99","99","99","NO",2,NA,"",0,NA,NA,NA,NA,NA,99,25,99,4,NA,"",NA,"NO","NO",NA,"CKM17010808",NA,100,0,0,NA,NA,NA,NA,NA,3,0.09,280,"","","","",NA,"",NA,NA,NA,NA,NA,"",NA,46200,20830,300,NA,NA
"65","CKM20170108","CKM2017010809","AM",".",".","S",".",300,"1","W",-83.101366,29.333166,NA,NA,"CK1701062","","",357,83,111,362,NA,"EST",5.2,"F",".",112,"99","99","99","99","99","99","NO",3,NA,"",0,NA,NA,NA,NA,NA,99,25,99,2,NA,"",NA,"NO","NO",NA,"CKM17010809",NA,100,0,0,NA,NA,NA,NA,NA,4.2,0.1,5,"","","","",NA,"",NA,NA,NA,NA,NA,"",NA,48600,20830,300,NA,NA
"66","CKM20170108","CKM2017010810","AM",".",".","S","D",23,"1","W",-83.112183,29.321983,NA,NA,"CK1701058","","",357,83,111,362,NA,"EST",0.6,"F",".",112,"99","99","99","99","99","99","YES",0.6,NA,"",0,NA,NA,0,NA,0,99,0,99,0,NA,"",NA,"NO","NO",NA,"CKM17010810",NA,100,0,0,0.4,NA,NA,NA,NA,NA,NA,NA,"","","","",NA,"",NA,NA,NA,NA,NA,"",NA,49800,20830,NA,NA,NA
"67","CKM20170201","CKM2017020101","AM",".",".","S","D",160,"1","W",-83.062583,29.101966,NA,NA,"CK1702050","","",398,357,362,378,NA,"EST",0.6,"C",".",312,"87","87","87","87","87","87","YES",0.6,NA,"",0,NA,NA,0,NA,0,0,NA,3,0,NA,"",NA,"NO","NO",NA,"CKM17020101",NA,NA,0,0,0,NA,NA,NA,NA,NA,NA,NA,"","","","",NA,"",NA,NA,NA,NA,NA,"",NA,31800,20852,NA,NA,NA
"68","CKM20170201","CKM2017020102","AM",".",".","S","D",160,"1","W",-83.0754,29.113216,NA,NA,"CK1702049","","",398,357,362,378,NA,"EST",0.5,"C",".",311,"87","87","87","87","87","87","YES",0.5,NA,"",0,NA,NA,0,NA,0,0,0,16,3,NA,"",NA,"NO","YES",NA,"CKM17020102",NA,100,0,0,0,NA,NA,NA,NA,NA,NA,NA,"","","","",NA,"",NA,NA,NA,NA,NA,"",NA,33780,20852,NA,NA,NA
"69","CKM20170201","CKM2017020103","AM",".",".","S","S",20,"1","W",-83.084316,29.122866,NA,NA,"CK1702037","","",398,357,362,378,NA,"EST",0.4,"C",".",287,"87","87","87","87","87","87","YES",0.3,NA,"",0,NA,NA,0,NA,0,0,NA,6,0,NA,"",NA,"NO","NO",NA,"CKM17020103",NA,NA,0,0,0,NA,NA,NA,NA,NA,NA,NA,"","","","",NA,"",NA,NA,NA,NA,NA,"",NA,35460,20852,NA,NA,NA
"70","CKM20170201","CKM2017020104","AM",".",".","S","D",160,"1","W",-83.065916,29.124583,NA,NA,"CK1702047","","",398,357,362,378,NA,"EST",0.7,"C",".",289,"87","87","87","87","87","87","NO",0.4,NA,"",0,NA,NA,0,NA,10,1,1,21,0,NA,"",NA,"NO","NO",NA,"CKM17020104",NA,100,0,0,0.2,NA,NA,NA,NA,NA,NA,NA,"","","","",NA,"",NA,NA,NA,NA,NA,"",NA,37140,20852,NA,NA,NA
"71","CKM20170201","CKM2017020105","AM",".",".","S","D",160,"1","W",-83.063933,29.155383,NA,NA,"CK1702046","","",398,357,362,378,NA,"EST",0.6,"C",".",243,"87","87","87","87","87","87","NO",0.4,NA,"",0,NA,NA,0,NA,0,2,4,6,150,NA,"",NA,"NO","YES",NA,"CKM17020105",NA,100,0,0,0.2,NA,NA,NA,NA,NA,NA,NA,"","","","",NA,"",NA,NA,NA,NA,NA,"",NA,40800,20852,NA,NA,NA
"72","CKM20170201","CKM2017020106","AM",".",".","S","S",20,"1","W",-83.06255,29.155416,NA,NA,"CK1702033","","",398,357,362,378,NA,"EST",0.4,"C",".",243,"87","87","87","87","87","87","YES",0.4,NA,"",0,NA,NA,0,NA,0,0,1,2,20,NA,"",NA,"NO","NO",NA,"CKM17020106",NA,100,0,0,0,NA,NA,NA,NA,NA,NA,NA,"","","","",NA,"",NA,NA,NA,NA,NA,"",NA,42900,20852,NA,NA,NA
"73","CKM20170201","CKM2017020107","AM",".",".","S","S",20,"1","W",-83.04865,29.158866,NA,NA,"CK1702035","","",398,357,362,378,NA,"EST",0.6,"C",".",244,"87","87","87","87","87","87","NO",0.4,NA,"",0,NA,NA,0,NA,0,0,2,4,0.2,NA,"",NA,"NO","NO",NA,"CKM17020107",NA,100,0,0,0,NA,NA,NA,NA,NA,NA,NA,"","","","",NA,"",NA,NA,NA,NA,NA,"",NA,44460,20852,NA,NA,NA
"74","CKM20170201","CKM2017020108","AM",".",".","S","B",20,"1","W",-83.053916,29.155416,NA,NA,"CK1702039","","",398,357,362,378,NA,"EST",0.9,"C",".",243,"87","87","87","87","87","87","YES",0.7,NA,"",0,NA,NA,NA,NA,NA,80,99,99,0,NA,"",NA,"NO","NO",NA,"CKM17020108",NA,NA,0,0,NA,0.3,NA,NA,NA,NA,NA,NA,"","","","",NA,"",NA,NA,NA,NA,NA,"",NA,45300,20852,NA,NA,NA
"75","CKM20170202","CKM2017020201","AM",".",".","S",".",300,"1","W",-82.997216,29.094166,NA,NA,"CK1702054","","",399,83,343,NA,NA,"EST",2.2,"C",".",340,"94","94","94","94","94","94","NO",1.4,NA,"",0,NA,NA,NA,NA,NA,99,99,99,15,NA,"",NA,"NO","NO",NA,"CKM17020201",NA,NA,0,180,NA,NA,NA,NA,NA,2.3,0.2,90,"","","","",NA,"",NA,NA,NA,NA,NA,"",NA,33480,20852,600,NA,NA
"76","CKM20170202","CKM2017020202","AM",".",".","S",".",300,"1","W",-82.98685,29.019466,NA,NA,"CK1702056","","",399,83,343,NA,NA,"EST",3.3,"C",".",430,"94","94","94","94","94","94","NO",2.4,NA,"",0,NA,NA,NA,NA,NA,99,99,99,1,NA,"",NA,"NO","NO",NA,"CKM17020202",NA,NA,0,180,NA,NA,NA,NA,NA,3.1,0.18,107,"","","","",NA,"",NA,NA,NA,NA,NA,"",NA,35760,20852,600,NA,NA
"77","CKM20170202","CKM2017020203","AM",".",".","S",".",300,"1","W",-83.1425,29.062233,NA,NA,"CK1702055","","",399,83,343,NA,NA,"EST",6.6,"C",".",379,"94","94","94","94","94","94","NO",1.8,NA,"",101,NA,NA,NA,NA,NA,99,99,99,30,NA,"",NA,"NO","NO",NA,"CKM17020203",NA,NA,0,0,NA,NA,NA,NA,NA,5.8,0.18,48,"","","","",NA,"",NA,NA,NA,NA,NA,"",NA,38700,20852,540,NA,NA
"78","CKM20170202","CKM2017020204","AM",".",".","S",".",300,"1","W",-83.16645,29.11485,NA,NA,"CK1702053","","",399,83,343,NA,NA,"EST",5.7,"C",".",306,"94","94","94","94","94","94","NO",1.8,NA,"",101,NA,NA,NA,NA,NA,99,99,99,1.5,NA,"",NA,"NO","NO",NA,"CKM17020204",NA,NA,0,0,NA,NA,NA,NA,NA,5.5,0.2,48,"","","","",NA,"",NA,NA,NA,NA,NA,"",NA,41640,20852,600,NA,NA
"79","CKM20170202","CKM2017020205","AM",".",".","S",".",300,"1","W",-83.133083,29.125666,NA,NA,"CK1702052","","",399,83,343,NA,NA,"EST",4.7,"C",".",285,"94","94","94","94","94","94","NO",1.6,NA,"",101,NA,NA,NA,NA,NA,99,99,99,3,NA,"",NA,"NO","NO",NA,"CKM17020205",NA,NA,0,0,NA,NA,NA,NA,NA,4.6,0.2,185,"","","","",NA,"",NA,NA,NA,NA,NA,"",NA,43920,20852,600,NA,NA
"80","CKM20170202","CKM2017020206","AM",".",".","S","B",20,"1","W",-83.09385,29.110416,NA,NA,"CK1702042","","",399,83,343,NA,NA,"EST",0.4,"C",".",310,"94","94","94","94","94","94","YES",0.4,NA,"",0,NA,NA,NA,NA,NA,99,99,99,0.1,NA,"",NA,"NO","NO",NA,"CKM17020206",NA,NA,0,0,NA,0.1,NA,NA,NA,NA,NA,NA,"","","","",NA,"",NA,NA,NA,NA,NA,"",NA,46200,20852,NA,NA,NA
"81","CKM20170202","CKM2017020207","AM",".",".","S","B",20,"1","W",-83.08945,29.14815,NA,NA,"CK1702040","","",399,83,343,NA,NA,"EST",0.8,"C",".",264,"94","94","94","94","94","94","NO",0.8,NA,"",0,NA,NA,NA,NA,NA,99,99,99,0.1,NA,"",NA,"NO","NO",NA,"CKM17020207",NA,NA,0,0,NA,0.3,NA,NA,NA,NA,NA,NA,"","","","",NA,"",NA,NA,NA,NA,NA,"",NA,47940,20852,NA,NA,NA
"82","CKM20170202","CKM2017020208","AM",".",".","S","A",20,"1","W",-83.078583,29.142666,NA,NA,"CK1702041","","",399,83,343,NA,NA,"EST",0.8,"C",".",265,"94","94","94","94","94","94","NO",0.7,NA,"",75,NA,NA,NA,NA,NA,99,99,99,0.3,NA,"",NA,"NO","NO",NA,"CKM17020208",NA,NA,0,0,NA,0.2,NA,NA,NA,NA,NA,NA,"","","","",NA,"",NA,NA,NA,NA,NA,"",NA,49020,20852,NA,NA,NA
"83","CKM20170203","CKM2017020301","AM",".",".","S",".",300,"1","W",-83.0857,29.1838,NA,NA,"CK1702032","","",83,111,343,362,NA,"EST",2,"B",".",197,"94","94","94","94","94","94","NO",1.2,NA,"",0,NA,NA,NA,NA,NA,99,99,99,15,NA,"",NA,"NO","NO",NA,"CKM17020301",NA,NA,0,180,NA,NA,NA,NA,NA,2.6,0.16,85,"","","","",NA,"",NA,NA,NA,NA,NA,"",NA,35280,20856,600,NA,NA
"84","CKM20170203","CKM2017020302","AM",".",".","S","B",20,"1","W",-83.084716,29.189133,NA,NA,"CK1702010","","",83,111,343,362,NA,"EST",0.5,"B",".",197,"94","94","94","94","94","94","YES",0.5,NA,"",0,NA,NA,NA,NA,NA,99,99,99,0.1,NA,"",NA,"NO","NO",NA,"CKM17020302",NA,NA,0,180,NA,0.1,NA,NA,NA,NA,NA,NA,"","","","",NA,"",NA,NA,NA,NA,NA,"",NA,37860,20856,NA,NA,NA
"85","CKM20170203","CKM2017020303","AM",".",".","S","B",20,"1","W",-83.080933,29.20545,NA,NA,"CK1702009","","",83,111,343,362,NA,"EST",0.6,"B",".",189,"94","94","94","94","94","94","YES",0.6,NA,"",0,NA,NA,NA,NA,NA,99,99,99,2.5,NA,"",NA,"NO","NO",NA,"CKM17020303",NA,NA,0,0,NA,0.2,NA,NA,NA,NA,NA,NA,"","","","",NA,"",NA,NA,NA,NA,NA,"",NA,39300,20856,NA,NA,NA
"86","CKM20170203","CKM2017020304","AM",".",".","S","S",20,"1","W",-83.054383,29.233116,NA,NA,"CK1702004","","",83,111,343,362,NA,"EST",0.7,"B",".",179,"94","94","94","94","94","94","YES",0.7,NA,"",0,NA,NA,0,NA,10,0,0,10,0.1,NA,"",NA,"NO","NO",NA,"CKM17020304",NA,100,0,0,0.3,NA,NA,NA,NA,NA,NA,NA,"","","","",NA,"",NA,NA,NA,NA,NA,"",NA,41040,20856,NA,NA,NA
"87","CKM20170203","CKM2017020305","AM",".",".","S","S",20,"1","W",-83.060183,29.2351,NA,NA,"CK1702003","","",83,111,343,362,NA,"EST",0.6,"B",".",167,"94","94","94","94","94","94","YES",0.6,NA,"",0,NA,NA,0,NA,0,4,1,6,0,NA,"",NA,"NO","NO",NA,"CKM17020305",NA,100,0,0,0.4,NA,NA,NA,NA,NA,NA,NA,"","","","",NA,"",NA,NA,NA,NA,NA,"",NA,42000,20856,NA,NA,NA
"88","CKM20170203","CKM2017020306","AM",".",".","S","D",160,"1","W",-83.074016,29.18995,NA,NA,"CK1702026","","",83,111,343,362,NA,"EST",1.2,"B",".",198,"94","94","94","94","94","94","YES",1.2,NA,"",0,NA,NA,0,NA,0,3,3,4,0,NA,"",NA,"NO","YES",NA,"CKM17020306",NA,100,0,0,0.4,NA,NA,NA,NA,NA,NA,NA,"","","","",NA,"",NA,NA,NA,NA,NA,"",NA,45300,20856,NA,NA,NA
"89","CKM20170203","CKM2017020307","AM",".",".","S","D",160,"1","W",-83.065816,29.18755,NA,NA,"CK1702027","","",83,111,343,362,NA,"EST",1.1,"B",".",199,"94","94","94","94","94","94","YES",1.1,NA,"",0,NA,NA,0,NA,0,0,0,1,0,NA,"",NA,"NO","NO",NA,"CKM17020307",NA,100,0,0,0.2,NA,NA,NA,NA,NA,NA,NA,"","","","",NA,"",NA,NA,NA,NA,NA,"",NA,48600,20856,NA,NA,NA
"90","CKM20170203","CKM2017020308","AM",".",".","S","D",23,"1","W",-83.058716,29.192833,NA,NA,"CK1702019","","",83,111,343,362,NA,"EST",0.4,"B",".",199,"94","94","94","94","94","94","YES",0.4,NA,"",0,NA,NA,0,NA,0,0,0,1,0,NA,"",NA,"NO","NO",NA,"CKM17020308",NA,100,0,0,0.2,NA,NA,NA,NA,NA,NA,NA,"","","","",NA,"",NA,NA,NA,NA,NA,"",NA,50520,20856,NA,NA,NA
"91","CKM20170204","CKM2017020401","AM",".",".","S","B",20,"1","W",-82.999483,29.15805,NA,NA,"CK1702038","","",35,111,357,423,NA,"EST",0.7,"C",".",247,"87","87","87","87","87","87","YES",0.7,NA,"",0,NA,NA,NA,NA,10,30,NA,35,0,NA,"",NA,"NO","NO",NA,"CKM17020401",NA,NA,0,0,NA,0.3,NA,NA,NA,NA,NA,NA,"","","","",NA,"",NA,NA,NA,NA,NA,"",NA,31620,20856,NA,NA,NA
"92","CKM20170204","CKM2017020402","AM",".",".","S","S",20,"1","W",-82.997933,29.157366,NA,NA,"CK1702034","","",35,111,357,423,NA,"EST",0.4,"C",".",247,"87","87","87","87","87","87","YES",0.4,NA,"",0,NA,NA,0,NA,10,0,2,5,0,NA,"",NA,"NO","NO",NA,"CKM17020402",NA,100,0,0,0.1,NA,NA,NA,NA,NA,NA,NA,"","","","",NA,"",NA,NA,NA,NA,NA,"",NA,32460,20856,NA,NA,NA
"93","CKM20170204","CKM2017020403","AM",".",".","S","D",160,"1","W",-82.99745,29.15665,NA,NA,"CK1702045","","",35,111,357,423,NA,"EST",0.6,"C",".",247,"87","87","87","87","87","87","YES",0.6,NA,"",0,NA,NA,NA,NA,10,0,NA,10,0,NA,"",NA,"NO","NO",NA,"CKM17020403",NA,NA,0,0,0,NA,NA,NA,NA,NA,NA,NA,"","","","",NA,"",NA,NA,NA,NA,NA,"",NA,33600,20856,NA,NA,NA
"94","CKM20170204","CKM2017020404","AM",".",".","S","S",20,"1","W",-83.00115,29.1634,NA,NA,"CK1702036","","",35,111,357,423,NA,"EST",0.7,"C",".",246,"87","87","87","87","87","87","YES",0.7,NA,"",0,NA,NA,0,NA,0,1,0,7,0,NA,"",NA,"NO","NO",NA,"CKM17020404",NA,100,0,0,0.1,NA,NA,NA,NA,NA,NA,NA,"","","","",NA,"",NA,NA,NA,NA,NA,"",NA,35700,20856,NA,NA,NA
"95","CKM20170204","CKM2017020405","AM",".",".","S","D",160,"1","W",-83.012333,29.155683,NA,NA,"CK1702044","","",35,111,357,423,NA,"EST",1,"C",".",246,"87","87","87","87","87","87","NO",0.7,NA,"",0,NA,NA,0,NA,0,0,NA,5,5,NA,"",NA,"NO","NO",NA,"CKM17020405",NA,NA,0,0,0,NA,NA,NA,NA,NA,NA,NA,"","","","",NA,"",NA,NA,NA,NA,NA,"",NA,36900,20856,NA,NA,NA
"96","CKM20170204","CKM2017020406","AM",".",".","S","B",20,"1","W",-83.03405,29.09935,NA,NA,"CK1702043","","",35,111,357,423,NA,"EST",0.6,"C",".",337,"87","87","87","87","87","87","YES",0.6,NA,"",0,NA,NA,NA,NA,NA,80,75,85,0,NA,"",NA,"NO","NO",NA,"CKM17020406",NA,100,0,0,NA,0.1,NA,NA,NA,NA,NA,NA,"","","","",NA,"",NA,NA,NA,NA,NA,"",NA,39420,20856,NA,NA,NA
"97","CKM20170204","CKM2017020407","AM",".",".","S","D",160,"1","W",-83.0329,29.095183,NA,NA,"CK1702051","","",35,111,357,423,NA,"EST",0.6,"C",".",338,"87","87","87","87","87","87","YES",0.6,NA,"",70,NA,NA,0,NA,0,5,0,12,0,NA,"",NA,"NO","NO",NA,"CKM17020407",NA,100,0,0,0.3,NA,NA,NA,NA,NA,NA,NA,"","","","",NA,"",NA,NA,NA,NA,NA,"",NA,40200,20856,NA,NA,NA
"98","CKM20170204","CKM2017020408","AM",".",".","S","D",160,"1","W",-83.04105,29.118,NA,NA,"CK1702048","","",35,111,357,423,NA,"EST",0.8,"C",".",290,"87","87","87","87","87","87","YES",0.8,NA,"",0,NA,NA,0,NA,10,1,0,3,0,NA,"",NA,"NO","NO",NA,"CKM17020408",NA,100,180,90,0.1,NA,NA,NA,NA,NA,NA,NA,"","","","",NA,"",NA,NA,NA,NA,NA,"",NA,42300,20856,NA,NA,NA
"99","CKM20170205","CKM2017020501","AM",".",".","S","D",160,"1","W",-83.172866,29.314383,NA,NA,"CK1702022","","",362,36,111,357,NA,"EST",1,"B",".",117,"87","87","87","87","87","87","NO",0.4,NA,"",0,NA,NA,0,NA,0,1,0,99,0,NA,"",NA,"NO","NO",NA,"CKM17020501",NA,100,180,180,0.4,NA,NA,NA,NA,NA,NA,NA,"","","","",NA,"",NA,NA,NA,NA,NA,"",NA,34320,20857,NA,NA,NA
"100","CKM20170205","CKM2017020502","AM",".",".","S","D",160,"1","W",-83.160066,29.326133,NA,NA,"CK1702021","","",362,36,111,357,NA,"EST",1.1,"B",".",109,"87","87","87","87","87","87","NO",0.4,NA,"",0,NA,NA,0,NA,0,99,0,99,0,NA,"",NA,"NO","NO",NA,"CKM17020502",NA,100,180,90,0.5,NA,NA,NA,NA,NA,NA,NA,"","","","",NA,"",NA,NA,NA,NA,NA,"",NA,37020,20857,NA,NA,NA
"101","CKM20170205","CKM2017020503","AM",".",".","S","D",160,"1","W",-83.175316,29.33025,NA,NA,"CK1702020","","",362,36,111,357,NA,"EST",0.9,"B",".",108,"87","87","87","87","87","87","NO",0.4,NA,"",0,NA,NA,0,NA,0,1,1,5,2,NA,"",NA,"NO","YES",NA,"CKM17020503",NA,100,180,90,0.3,NA,NA,NA,NA,NA,NA,NA,"","","","",NA,"",NA,NA,NA,NA,NA,"",NA,39900,20857,NA,NA,NA
"102","CKM20170205","CKM2017020504","AM",".",".","S","B",20,"1","W",-83.177333,29.329966,NA,NA,"CK1702006","","",362,36,111,357,NA,"EST",0.9,"B",".",108,"87","87","87","87","87","87","NO",0.5,NA,"",0,NA,NA,NA,NA,NA,20,20,24,1,NA,"",NA,"NO","NO",NA,"CKM17020504",NA,100,0,90,0.9,0,NA,NA,NA,NA,NA,NA,"","","","",NA,"",NA,NA,NA,NA,NA,"",NA,42720,20857,NA,NA,NA
"103","CKM20170205","CKM2017020505","AM",".",".","S","D",23,"1","W",-83.17115,29.350666,NA,NA,"CK1702011","","",362,36,111,357,NA,"EST",0.4,"B",".",90,"87","87","87","87","87","87","YES",0.4,NA,"",0,NA,NA,0,NA,0,5,0,31,0.4,NA,"",NA,"NO","NO",NA,"CKM17020505",NA,100,0,0,0.3,NA,NA,NA,NA,NA,NA,NA,"","","","",NA,"",NA,NA,NA,NA,NA,"",NA,43680,20857,NA,NA,NA
"104","CKM20170205","CKM2017020506","AM",".",".","S","B",20,"1","W",-83.17515,29.3469,NA,NA,"CK1702005","","",362,36,111,357,NA,"EST",0.6,"B",".",99,"87","87","87","87","87","87","YES",0.6,NA,"",0,NA,NA,NA,NA,NA,50,50,70,0,NA,"",NA,"NO","NO",NA,"CKM17020506",NA,100,0,0,0.8,0.4,NA,NA,NA,NA,NA,NA,"","","","",NA,"",NA,NA,NA,NA,NA,"",NA,44640,20857,NA,NA,NA
"105","CKM20170205","CKM2017020507","AM",".",".","S","D",23,"1","W",-83.1467,29.331633,NA,NA,"CK1702013","","",362,36,111,357,NA,"EST",0.5,"B",".",110,"87","87","87","87","87","87","NO",0.3,NA,"",0,NA,NA,0,NA,0,43,0,43,0.2,NA,"",NA,"NO","NO",NA,"CKM17020507",NA,100,0,90,0.2,NA,NA,NA,NA,NA,NA,NA,"","","","",NA,"",NA,NA,NA,NA,NA,"",NA,46500,20857,NA,NA,NA
"106","CKM20170205","CKM2017020508","AM",".",".","S","D",23,"1","W",-83.16035,29.316883,NA,NA,"CK1702012","","",362,36,111,357,NA,"EST",0.6,"B",".",109,"87","87","87","87","87","87","NO",0.4,NA,"",0,NA,NA,0,NA,0,99,0,99,0.5,NA,"",NA,"NO","NO",NA,"CKM17020508",NA,100,0,180,0.1,NA,NA,NA,NA,NA,NA,NA,"","","","",NA,"",NA,NA,NA,NA,NA,"",NA,48720,20857,NA,NA,NA
"107","CKM20170206","CKM2017020601","AM",".",".","S",".",300,"1","W",-83.218983,29.307866,NA,NA,"CK1702028","","",35,83,423,NA,NA,"EST",3.5,"B",".",114,"94","94","94","94","94","94","NO",1.8,NA,"",0,NA,NA,NA,NA,NA,99,99,99,5,NA,"",NA,"NO","NO",NA,"CKM17020601",NA,NA,0,0,NA,NA,NA,NA,NA,3.8,0.2,160,"","","","",NA,"",NA,NA,NA,NA,NA,"",NA,34920,20857,600,NA,NA
"108","CKM20170206","CKM2017020602","AM",".",".","S",".",300,"1","W",-83.159266,29.305783,NA,NA,"CK1702063","","",35,83,423,NA,NA,"EST",2.1,"F",".",118,"94","94","94","94","94","94","NO",0.8,NA,"",0,NA,NA,NA,NA,NA,50,50,99,18,NA,"",NA,"NO","NO",NA,"CKM17020602",NA,100,0,0,NA,NA,NA,NA,NA,2.1,0.1,147,"","","","",NA,"",NA,NA,NA,NA,NA,"",NA,36960,20857,300,NA,NA
"109","CKM20170206","CKM2017020603","AM",".",".","S",".",300,"1","W",-83.1459,29.310066,NA,NA,"CK1702064","","",35,83,423,NA,NA,"EST",2.4,"F",".",119,"94","94","94","94","94","94","NO",0.8,NA,"",0,NA,NA,NA,NA,NA,99,99,99,0.5,NA,"",NA,"NO","NO",NA,"CKM17020603",NA,100,0,0,NA,NA,NA,NA,NA,1.8,0.09,247,"","","","",NA,"",NA,NA,NA,NA,NA,"",NA,38280,20857,300,NA,NA
"110","CKM20170206","CKM2017020604","AM",".",".","S","D",23,"1","W",-83.1572,29.300366,NA,NA,"CK1702059","","",35,83,423,NA,NA,"EST",1.4,"F",".",118,"94","94","94","94","94","94","NO",0.8,NA,"",0,NA,NA,0,NA,0,99,99,99,0,NA,"",NA,"NO","NO",NA,"CKM17020604",NA,100,0,0,0.5,NA,NA,NA,NA,NA,NA,NA,"","","","",NA,"",NA,NA,NA,NA,NA,"",NA,39240,20857,NA,NA,NA
"111","CKM20170206","CKM2017020605","AM",".",".","S","D",23,"1","W",-83.162216,29.291583,NA,NA,"CK1702060","","",35,83,423,NA,NA,"EST",1,"F",".",127,"94","94","94","94","94","94","NO",0.5,NA,"",0,NA,NA,0,NA,0,99,0,99,0,NA,"",NA,"NO","NO",NA,"CKM17020605",NA,100,0,0,0.5,NA,NA,NA,NA,NA,NA,NA,"","","","",NA,"",NA,NA,NA,NA,NA,"",NA,40320,20857,NA,NA,NA
"112","CKM20170206","CKM2017020606","AM",".",".","S","D",23,"1","W",-83.155383,29.293716,NA,NA,"CK1702014","","",35,83,423,NA,NA,"EST",0.8,"B",".",127,"94","94","94","94","94","94","YES",0.8,NA,"",0,NA,NA,0,NA,0,20,0,20,0,NA,"",NA,"NO","NO",NA,"CKM17020606",NA,100,0,0,0.3,NA,NA,NA,NA,NA,NA,NA,"","","","",NA,"",NA,NA,NA,NA,NA,"",NA,41100,20857,NA,NA,NA
"113","CKM20170206","CKM2017020607","AM",".",".","S","D",23,"1","W",-83.128966,29.321266,NA,NA,"CK1702058","","",35,83,423,NA,NA,"EST",0.5,"F",".",111,"94","94","94","94","94","94","YES",0.5,NA,"",0,NA,NA,0,NA,10,NA,0,22,0.2,NA,"",NA,"NO","NO",NA,"CKM17020607",NA,100,0,0,0.5,NA,NA,NA,NA,NA,NA,NA,"","","","",NA,"",NA,NA,NA,NA,NA,"",NA,42180,20857,NA,NA,NA
"114","CKM20170206","CKM2017020608","AM",".",".","S","D",23,"1","W",-83.117083,29.3181,NA,NA,"CK1702057","","",35,83,423,NA,NA,"EST",0.7,"F",".",111,"94","94","94","94","94","94","NO",0.5,NA,"",0,NA,NA,0,NA,0,99,0,99,0.2,NA,"",NA,"NO","NO",NA,"CKM17020608",NA,100,0,0,0.5,NA,NA,NA,NA,NA,NA,NA,"","","","",NA,"",NA,NA,NA,NA,NA,"",NA,42840,20857,NA,NA,NA
"115","CKM20170206","CKM2017020609","AM",".",".","S",".",300,"1","W",-83.12525,29.318383,NA,NA,"CK1702062","","",35,83,423,NA,NA,"EST",3.8,"F",".",111,"94","94","94","94","94","94","NO",0.8,NA,"",0,NA,NA,NA,NA,NA,99,0,99,5,NA,"",NA,"NO","NO",NA,"CKM17020609",NA,100,0,0,NA,NA,NA,NA,NA,3.8,0.1,119,"","","","",NA,"",NA,NA,NA,NA,NA,"",NA,43800,20857,300,NA,NA
"116","CKM20170207","CKM2017020701","AM",".",".","S","D",160,"1","W",-83.08145,29.235416,NA,NA,"CK1702025","","",357,362,398,423,NA,"EST",0.5,"B",".",166,"94","94","94","94","94","94","NO",0.4,NA,"",0,NA,NA,0,NA,0,0,NA,80,0,NA,"",NA,"NO","NO",NA,"CKM17020701",NA,NA,0,0,0.1,NA,NA,NA,NA,NA,NA,NA,"","","","",NA,"",NA,NA,NA,NA,NA,"",NA,33300,20860,NA,NA,NA
"117","CKM20170207","CKM2017020702","AM",".",".","S","S",20,"1","W",-83.080866,29.237366,NA,NA,"CK1702002","","",357,362,398,423,NA,"EST",0.3,"B",".",166,"94","94","94","94","94","94","YES",0.3,NA,"",0,NA,NA,0,NA,0,0,0,99,0,NA,"",NA,"NO","NO",NA,"CKM17020702",NA,10,0,0,0,NA,NA,NA,NA,NA,NA,NA,"","","","",NA,"",NA,NA,NA,NA,NA,"",NA,36300,20860,NA,NA,NA
"118","CKM20170207","CKM2017020703","AM",".",".","S","D",23,"1","W",-83.102333,29.283483,NA,NA,"CK1702017","","",357,362,398,423,NA,"EST",1,"B",".",130,"94","94","94","94","94","94","NO",0.7,NA,"",0,NA,NA,0,NA,0,0,0,99,0.3,NA,"",NA,"NO","YES",NA,"CKM17020703",NA,100,0,0,1,NA,NA,NA,NA,NA,NA,NA,"","","","",NA,"",NA,NA,NA,NA,NA,"",NA,41700,20860,NA,NA,NA
"119","CKM20170207","CKM2017020704","AM",".",".","S","D",23,"1","W",-83.0979,29.289533,NA,NA,"CK1702018","","",357,362,398,423,NA,"EST",0.4,"B",".",131,"94","94","94","94","94","94","YES",0.4,NA,"",0,NA,NA,0,NA,0,0,0,99,0.2,NA,"",NA,"NO","NO",NA,"CKM17020704",NA,100,0,0,0,NA,NA,NA,NA,NA,NA,NA,"","","","",NA,"",NA,NA,NA,NA,NA,"",NA,43200,20860,NA,NA,NA
"120","CKM20170207","CKM2017020705","AM",".",".","S","D",23,"1","W",-83.1088,29.277033,NA,NA,"CK1702016","","",357,362,398,423,NA,"EST",0.6,"B",".",141,"94","94","94","94","94","94","NO",0.3,NA,"",0,NA,NA,0,NA,0,0,0,99,0.5,NA,"",NA,"NO","NO",NA,"CKM17020705",NA,100,0,0,0,NA,NA,NA,NA,NA,NA,NA,"","","","",NA,"",NA,NA,NA,NA,NA,"",NA,44400,20860,NA,NA,NA
"121","CKM20170207","CKM2017020706","AM",".",".","S","D",160,"1","W",-83.098983,29.27185,NA,NA,"CK1702023","","",357,362,398,423,NA,"EST",1.1,"B",".",142,"94","94","94","94","94","94","NO",0.7,NA,"",0,NA,NA,0,NA,0,0,0,99,20,NA,"",NA,"NO","YES",NA,"CKM17020706",NA,100,0,0,0,NA,NA,NA,NA,NA,NA,NA,"","","","",NA,"",NA,NA,NA,NA,NA,"",NA,46800,20860,NA,NA,NA
"122","CKM20170207","CKM2017020707","AM",".",".","S","D",160,"1","W",-83.108016,29.2735,NA,NA,"CK1702024","","",357,362,398,423,NA,"EST",2.1,"B",".",141,"94","94","94","94","94","94","NO",0.7,NA,"",0,NA,NA,0,NA,0,1,0,5,0,NA,"",NA,"NO","NO",NA,"CKM17020707",NA,80,0,0,0.1,NA,NA,NA,NA,NA,NA,NA,"","","","",NA,"",NA,NA,NA,NA,NA,"",NA,51600,20860,NA,NA,NA
"123","CKM20170207","CKM2017020708","AM",".",".","S","S",20,"1","W",-83.09435,29.26655,NA,NA,"CK1702001","","",357,362,398,423,NA,"EST",0.6,"B",".",153,"94","94","94","94","94","94","NO",0.5,NA,"",0,NA,NA,0,NA,0,0,0,99,0,NA,"",NA,"NO","NO",NA,"CKM17020708",NA,100,0,0,0.3,NA,NA,NA,NA,NA,NA,NA,"","","","",NA,"",NA,NA,NA,NA,NA,"",NA,53400,20860,NA,NA,NA
"124","CKM20170208","CKM2017020801","AM",".",".","S",".",300,"1","W",-83.138183,29.216783,NA,NA,"CK1702030","","",398,343,399,423,NA,"EST",1.8,"B",".",174,"84","84","84","84","84","84","NO",1.1,NA,"",0,NA,NA,NA,NA,NA,99,99,99,5,NA,"",NA,"NO","NO",NA,"CKM17020801",NA,NA,0,90,NA,NA,NA,NA,NA,1.9,0.2,305,"","","","",NA,"",NA,NA,NA,NA,NA,"",NA,37920,20864,600,NA,NA
"125","CKM20170208","CKM2017020802","AM",".",".","S","B",20,"1","W",-83.12615,29.214733,NA,NA,"CK1702008","","",398,343,399,423,NA,"EST",0.5,"B",".",186,"84","84","84","84","84","84","YES",0.5,NA,"",0,NA,NA,NA,NA,NA,99,99,99,0.2,NA,"",NA,"NO","NO",NA,"CKM17020802",NA,NA,90,90,NA,0.2,NA,NA,NA,NA,NA,NA,"","","","",NA,"",NA,NA,NA,NA,NA,"",NA,39120,20864,NA,NA,NA
"126","CKM20170208","CKM2017020803","AM",".",".","S","B",20,"1","W",-83.148016,29.2362,NA,NA,"CK1702007","","",398,343,399,423,NA,"EST",0.6,"B",".",162,"84","84","84","84","84","84","YES",0.6,NA,"",0,NA,NA,NA,NA,NA,99,99,99,0.2,NA,"",NA,"NO","NO",NA,"CKM17020803",NA,NA,90,90,NA,0.1,NA,NA,NA,NA,NA,NA,"","","","",NA,"",NA,NA,NA,NA,NA,"",NA,41340,20864,NA,NA,NA
"127","CKM20170208","CKM2017020804","AM",".",".","S",".",300,"1","W",-83.1176,29.251733,NA,NA,"CK1702029","","",398,343,399,423,NA,"EST",2.1,"B",".",151,"84","84","84","84","84","84","NO",1.2,NA,"",0,NA,NA,NA,NA,NA,99,99,99,2,NA,"",NA,"NO","NO",NA,"CKM17020804",NA,NA,0,0,NA,NA,NA,NA,NA,2.1,0.19,240,"","","","",NA,"",NA,NA,NA,NA,NA,"",NA,43320,20864,600,NA,NA
"128","CKM20170208","CKM2017020805","AM",".",".","S","D",23,"1","W",-83.121483,29.287233,NA,NA,"CK1702015","","",398,343,399,423,NA,"EST",1.2,"B",".",129,"84","84","84","84","84","84","YES",1.2,NA,"",0,NA,NA,0,NA,0,99,0,99,0,NA,"",NA,"NO","NO",NA,"CKM17020805",NA,100,0,0,0.4,NA,NA,NA,NA,NA,NA,NA,"","","","",NA,"",NA,NA,NA,NA,NA,"",NA,46920,20864,NA,NA,NA
"129","CKM20170208","CKM2017020806","AM",".",".","S","D",23,"1","W",-83.11115,29.294766,NA,NA,"CK1702061","","",398,343,399,423,NA,"EST",1.1,"F",".",130,"84","84","84","84","84","84","NO",0.6,NA,"",0,NA,NA,0,NA,0,9,0,9,0,NA,"",NA,"NO","YES",NA,"CKM17020806",NA,100,0,0,0.4,NA,NA,NA,NA,NA,NA,NA,"","","","",NA,"",NA,NA,NA,NA,NA,"",NA,48480,20864,NA,NA,NA
"130","CKM20170208","CKM2017020807","AM",".",".","S",".",300,"1","W",-83.11255,29.282666,NA,NA,"CK1702066","","",398,343,399,423,NA,"EST",5,"F",".",141,"84","84","84","84","84","84","NO",1.1,NA,"",0,NA,NA,0,NA,0,99,60,99,2,NA,"",NA,"NO","NO",NA,"CKM17020807",NA,100,0,0,NA,NA,NA,NA,NA,5.3,0.1,189,"","","","",NA,"",NA,NA,NA,NA,NA,"",NA,49380,20864,300,NA,NA
"131","CKM20170208","CKM2017020808","AM",".",".","S",".",300,"1","W",-83.112783,29.2777,NA,NA,"CK1702065","","",398,343,399,423,NA,"EST",3.4,"F",".",141,"84","84","84","84","84","84","NO",1,NA,"",0,NA,NA,NA,NA,NA,99,99,99,2,NA,"",NA,"NO","NO",NA,"CKM17020808",NA,100,0,0,NA,NA,NA,NA,NA,3.5,0.08,205,"","","","",NA,"",NA,NA,NA,NA,NA,"",NA,50820,20864,300,NA,NA
"132","CKM20170208","CKM2017020809","AM",".",".","S",".",300,"1","W",-83.10345,29.230566,NA,NA,"CK1702031","","",398,343,399,423,NA,"EST",2.5,"B",".",176,"84","84","84","84","84","84","NO",0.9,NA,"",0,NA,NA,NA,NA,NA,99,99,99,4,NA,"",NA,"NO","NO",NA,"CKM17020809",NA,NA,0,0,NA,NA,NA,NA,NA,2.3,0.2,210,"","","","",NA,"",NA,NA,NA,NA,NA,"",NA,52920,20864,600,NA,NA
"133","CKM20170301","CKM2017030101","AM",".",".","S","B",20,"1","W",-83.196633,29.317833,NA,NA,"CK1703006","","",357,362,423,NA,NA,"EST",0.5,"B",".",107,"99","99","99","99","99","99","YES",0.5,NA,"",0,NA,NA,NA,NA,NA,99,99,99,0,NA,"",NA,"NO","NO",NA,"CKM17030101",NA,NA,0,0,NA,0,NA,NA,NA,NA,NA,NA,"","","","",NA,"",NA,NA,NA,NA,NA,"",NA,34500,20879,NA,NA,NA
"134","CKM20170301","CKM2017030102","AM",".",".","S","D",23,"1","W",-83.1642,29.307416,NA,NA,"CK1703060","","",357,362,423,NA,NA,"EST",0.5,"F",".",118,"99","99","99","99","99","99","NO",0.2,NA,"",0,NA,NA,0,NA,0,0,1,99,0.4,NA,"",NA,"NO","NO",NA,"CKM17030102",NA,100,0,90,0,NA,NA,NA,NA,NA,NA,NA,"","","","",NA,"",NA,NA,NA,NA,NA,"",NA,36900,20879,NA,NA,NA
"135","CKM20170301","CKM2017030103","AM",".",".","S",".",300,"1","W",-83.156216,29.302616,NA,NA,"CK1703064","","",357,362,423,NA,NA,"EST",3.5,"F",".",118,"99","99","99","99","99","99","NO",1.5,NA,"",0,NA,NA,NA,NA,NA,20,20,99,1.5,NA,"",NA,"NO","NO",NA,"CKM17030103",NA,100,0,90,NA,NA,NA,NA,NA,4.5,0.1,66,"","","","",NA,"",NA,NA,NA,NA,NA,"",NA,38700,20879,300,NA,NA
"136","CKM20170301","CKM2017030104","AM",".",".","S",".",300,"1","W",-83.155933,29.303516,NA,NA,"CK1703063","","",357,362,423,NA,NA,"EST",3.2,"F",".",118,"99","99","99","99","99","99","NO",1.5,NA,"",0,NA,NA,NA,NA,NA,70,70,99,25,NA,"",NA,"NO","NO",NA,"CKM17030104",NA,100,90,90,NA,NA,NA,NA,NA,1.8,0.09,74,"","","","",NA,"",NA,NA,NA,NA,NA,"",NA,39900,20879,300,NA,NA
"137","CKM20170301","CKM2017030105","AM",".",".","S",".",300,"1","W",-83.16125,29.28935,NA,NA,"CK1703065","","",357,362,423,NA,NA,"EST",4.4,"F",".",127,"99","99","99","99","99","99","NO",0.7,NA,"",0,NA,NA,NA,NA,NA,20,20,99,1,NA,"",NA,"NO","NO",NA,"CKM17030105",NA,100,0,180,NA,NA,NA,NA,NA,3.7,0.1,278,"","","","",NA,"",NA,NA,NA,NA,NA,"",NA,43200,20879,300,NA,NA
"138","CKM20170301","CKM2017030106","AM",".",".","S","D",23,"1","W",-83.142233,29.3211,NA,NA,"CK1703057","","",357,362,423,NA,NA,"EST",1.5,"F",".",110,"99","99","99","99","99","99","NO",0.9,NA,"",0,NA,NA,0,NA,0,5,0,99,0.8,NA,"",NA,"NO","YES",NA,"CKM17030106",NA,100,0,0,0.7,NA,NA,NA,NA,NA,NA,NA,"","","","",NA,"",NA,NA,NA,NA,NA,"",NA,45300,20879,NA,NA,NA
"139","CKM20170301","CKM2017030107","AM",".",".","S","D",23,"1","W",-83.1167,29.318,NA,NA,"CK1703061","","",357,362,423,NA,NA,"EST",0.8,"F",".",111,"99","99","99","99","99","99","NO",0.7,NA,"",0,NA,NA,0,NA,0,99,0,99,1.5,NA,"",NA,"NO","NO",NA,"CKM17030107",NA,100,0,90,0.5,NA,NA,NA,NA,NA,NA,NA,"","","","",NA,"",NA,NA,NA,NA,NA,"",NA,46800,20879,NA,NA,NA
"140","CKM20170301","CKM2017030108","AM",".",".","S","C",23,"1","W",-83.1111,29.320833,NA,NA,"CK1703058","","",357,362,423,NA,NA,"EST",1.1,"F",".",112,"99","99","99","99","99","99","YES",1.1,NA,"",0,NA,NA,4,NA,0,99,0,99,3,NA,"",NA,"NO","YES",NA,"CKM17030108",NA,100,0,0,0.7,NA,NA,NA,NA,NA,NA,NA,"","","","",NA,"",NA,NA,NA,NA,NA,"",NA,48300,20879,NA,NA,NA
"141","CKM20170301","CKM2017030109","AM",".",".","S","D",23,"1","W",-83.1033,29.325833,NA,NA,"CK1703059","","",357,362,423,NA,NA,"EST",0.8,"F",".",112,"99","99","99","99","99","99","YES",0.8,NA,"",0,NA,NA,0,NA,0,3,0,99,0,NA,"",NA,"NO","YES",NA,"CKM17030109",NA,100,0,0,0.7,NA,NA,NA,NA,NA,NA,NA,"","","","",NA,"",NA,NA,NA,NA,NA,"",NA,50400,20879,NA,NA,NA
"142","CKM20170301","CKM2017030110","AM",".",".","S",".",300,"1","W",-83.112783,29.317816,NA,NA,"CK1703062","","",357,362,423,NA,NA,"EST",4.5,"F",".",112,"99","99","99","99","99","99","NO",1.7,NA,"",0,NA,NA,NA,NA,NA,99,60,99,0.6,NA,"",NA,"NO","YES",NA,"CKM17030110",NA,100,0,0,NA,NA,NA,NA,NA,9.9,0.1,272,"","","","",NA,"",NA,NA,NA,NA,NA,"",NA,51600,20879,300,NA,NA
"143","CKM20170302","CKM2017030201","AM",".",".","S","B",20,"1","W",-82.971516,29.15225,NA,NA,"CK1703039","","",378,83,343,398,NA,"EST",0.7,"C",".",248,"87","87","87","87","87","87","YES",0.4,NA,"",0,NA,NA,NA,NA,NA,99,99,99,0.5,NA,"",NA,"NO","YES",NA,"CKM17030201",NA,NA,90,90,NA,0.1,NA,NA,NA,NA,NA,NA,"","","","",NA,"",NA,NA,NA,NA,NA,"",NA,33000,20879,NA,NA,NA
"144","CKM20170302","CKM2017030202","AM",".",".","S","B",20,"1","W",-82.975716,29.141,NA,NA,"CK1703040","","",378,83,343,398,NA,"EST",0.8,"C",".",271,"87","87","87","87","87","87","YES",0.8,NA,"",0,NA,NA,NA,NA,NA,99,99,99,1,NA,"",NA,"NO","YES",NA,"CKM17030202",NA,NA,90,90,NA,0,NA,NA,NA,NA,NA,NA,"","","","",NA,"",NA,NA,NA,NA,NA,"",NA,33660,20879,NA,NA,NA
"145","CKM20170302","CKM2017030203","AM",".",".","S",".",300,"1","W",-82.996366,29.112816,NA,NA,"CK1703053","","",378,83,343,398,NA,"EST",2.1,"C",".",316,"87","87","87","87","87","87","NO",1.4,NA,"",0,NA,NA,NA,NA,NA,99,99,99,50,NA,"",NA,"NO","NO",NA,"CKM17030203",NA,NA,180,0,NA,NA,NA,NA,NA,1.9,0.18,168,"","","","",NA,"",NA,NA,NA,NA,NA,"",NA,35220,20879,600,NA,NA
"146","CKM20170302","CKM2017030204","AM",".",".","S","A",20,"1","W",-83.015416,29.094133,NA,NA,"CK1703043","","",378,83,343,398,NA,"EST",0.9,"C",".",339,"87","87","87","87","87","87","YES",0.9,NA,"",70,NA,NA,NA,NA,NA,99,99,99,0.7,NA,"",NA,"NO","NO",NA,"CKM17030204",NA,NA,0,90,NA,0.4,NA,NA,NA,NA,NA,NA,"","","","",NA,"",NA,NA,NA,NA,NA,"",NA,37320,20879,NA,NA,NA
"147","CKM20170302","CKM2017030205","AM",".",".","S",".",300,"1","W",-83.041933,29.096383,NA,NA,"CK1703054","","",378,83,343,398,NA,"EST",2.7,"C",".",337,"87","87","87","87","87","87","NO",1.2,NA,"",0,NA,NA,NA,NA,NA,99,99,99,15,NA,"",NA,"NO","NO",NA,"CKM17030205",NA,NA,0,0,NA,NA,NA,NA,NA,2.9,0.18,159,"","","","",NA,"",NA,NA,NA,NA,NA,"",NA,39000,20879,600,NA,NA
"148","CKM20170302","CKM2017030206","AM",".",".","S",".",300,"1","W",-83.0598,29.085916,NA,NA,"CK1703056","","",378,83,343,398,NA,"EST",3,"C",".",336,"87","87","87","87","87","87","NO",1.4,NA,"",0,NA,NA,NA,NA,NA,99,99,99,17,NA,"",NA,"NO","NO",NA,"CKM17030206",NA,NA,0,0,NA,NA,NA,NA,NA,3.9,0.18,167,"","","","",NA,"",NA,NA,NA,NA,NA,"",NA,41040,20879,600,NA,NA
"149","CKM20170302","CKM2017030207","AM",".",".","S",".",300,"1","W",-83.069983,29.090216,NA,NA,"CK1703055","","",378,83,343,398,NA,"EST",2.7,"C",".",335,"87","87","87","87","87","87","NO",1,NA,"",0,NA,NA,NA,NA,NA,99,99,99,15,NA,"",NA,"NO","NO",NA,"CKM17030207",NA,NA,0,0,NA,NA,NA,NA,NA,2.7,0.19,187,"","","","",NA,"",NA,NA,NA,NA,NA,"",NA,43260,20879,600,NA,NA
"150","CKM20170302","CKM2017030208","AM",".",".","S","S",20,"1","W",-83.09295,29.12935,NA,NA,"CK1703037","","",378,83,343,398,NA,"EST",0.8,"C",".",287,"87","87","87","87","87","87","NO",0.7,NA,"",0,NA,NA,0,NA,0,0,0,7,1,NA,"",NA,"NO","NO",NA,"CKM17030208",NA,100,0,90,0,NA,NA,NA,NA,NA,NA,NA,"","","","",NA,"",NA,NA,NA,NA,NA,"",NA,44760,20879,NA,NA,NA
"151","CKM20170302","CKM2017030209","AM",".",".","S",".",300,"1","W",-83.094866,29.1396,NA,NA,"CK1703052","","",378,83,343,398,NA,"EST",3.2,"C",".",264,"87","87","87","87","87","87","NO",1.1,NA,"",0,NA,NA,NA,NA,NA,99,99,99,5,NA,"",NA,"NO","NO",NA,"CKM17030209",NA,NA,0,0,NA,NA,NA,NA,NA,1.8,0.19,172,"","","","",NA,"",NA,NA,NA,NA,NA,"",NA,46560,20879,600,NA,NA
"152","CKM20170303","CKM2017030301","AM",".",".","S","S",20,"1","W",-83.03145,29.167883,NA,NA,"CK1703034","","",362,357,378,398,423,"EST",0.5,"C",".",219,"99","99","99","99","99","99","NO",0.4,NA,"",0,NA,NA,3,NA,0,0,0,3,1,NA,"",NA,"NO","NO",NA,"CKM17030301",NA,80,0,90,0.3,NA,NA,NA,NA,NA,NA,NA,"","","","",NA,"",NA,NA,NA,NA,NA,"",NA,32700,20880,NA,NA,NA
"153","CKM20170303","CKM2017030302","AM",".",".","S","S",20,"1","W",-83.03575,29.1668,NA,NA,"CK1703033","","",362,357,378,398,423,"EST",0.8,"C",".",218,"99","99","99","99","99","99","YES",0.2,NA,"",0,NA,NA,0,NA,10,0,0,5,1.5,NA,"",NA,"NO","NO",NA,"CKM17030302",NA,90,0,180,0.2,NA,NA,NA,NA,NA,NA,NA,"","","","",NA,"",NA,NA,NA,NA,NA,"",NA,36600,20880,NA,NA,NA
"154","CKM20170303","CKM2017030303","AM",".",".","S","D",160,"1","W",-83.051416,29.156733,NA,NA,"CK1703044","","",362,357,378,398,423,"EST",2.2,"C",".",243,"99","99","99","99","99","99","NO",0.5,NA,"",0,NA,NA,0,NA,3,0,2,2,30,NA,"",NA,"NO","NO",NA,"CKM17030303",NA,30,0,90,0.2,NA,NA,NA,NA,NA,NA,NA,"","","","",NA,"",NA,NA,NA,NA,NA,"",NA,38160,20880,NA,NA,NA
"155","CKM20170303","CKM2017030304","AM",".",".","S","D",160,"1","W",-83.070066,29.146283,NA,NA,"CK1703045","","",362,357,378,398,423,"EST",0.5,"C",".",265,"99","99","99","99","99","99","NO",0.2,NA,"",0,NA,NA,0,NA,3,0,0,5,25,NA,"",NA,"NO","NO",NA,"CKM17030304",NA,70,0,0,0.2,NA,NA,NA,NA,NA,NA,NA,"","","","",NA,"",NA,NA,NA,NA,NA,"",NA,41700,20880,NA,NA,NA
"156","CKM20170303","CKM2017030305","AM",".",".","S","C",160,"1","W",-83.07515,29.100583,NA,NA,"CK1703048","","",362,357,378,398,423,"EST",0.9,"C",".",311,"99","99","99","99","99","99","NO",0.3,NA,"",0,NA,NA,1,NA,0,0,0,2,5,NA,"",NA,"NO","YES",NA,"CKM17030305",NA,100,0,0,0.2,NA,NA,NA,NA,NA,NA,NA,"","","","",NA,"",NA,NA,NA,NA,NA,"",NA,45900,20880,NA,NA,NA
"157","CKM20170303","CKM2017030306","AM",".",".","S","D",160,"1","W",-83.071116,29.096633,NA,NA,"CK1703049","","",362,357,378,398,423,"EST",0.8,"C",".",335,"99","99","99","99","99","99","NO",0.7,NA,"",0,NA,NA,0,NA,0,0,0,3,0,NA,"",NA,"NO","YES",NA,"CKM17030306",NA,60,180,180,0.3,NA,NA,NA,NA,NA,NA,NA,"","","","",NA,"",NA,NA,NA,NA,NA,"",NA,48300,20880,NA,NA,NA
"158","CKM20170303","CKM2017030307","AM",".",".","S","D",160,"1","W",-83.062783,29.096033,NA,NA,"CK1703050","","",362,357,378,398,423,"EST",0.9,"C",".",336,"99","99","99","99","99","99","NO",0.7,NA,"",0,NA,NA,0,NA,0,0,NA,4,0,NA,"",NA,"NO","YES",NA,"CKM17030307",NA,NA,180,180,0.2,NA,NA,NA,NA,NA,NA,NA,"","","","",NA,"",NA,NA,NA,NA,NA,"",NA,50700,20880,NA,NA,NA
"159","CKM20170304","CKM2017030401","AM",".",".","S","S",20,"1","W",-82.998233,29.167933,NA,NA,"CK1703035","","",398,423,378,399,444,"EST",0.6,"C",".",221,"87","87","87","87","87","87","NO",0.3,NA,"",0,NA,NA,0,NA,0,0,1,2,3,NA,"",NA,"NO","YES",NA,"CKM17030401",NA,100,0,90,0,NA,NA,NA,NA,NA,NA,NA,"","","","",NA,"",NA,NA,NA,NA,NA,"",NA,35700,20884,NA,NA,NA
"160","CKM20170304","CKM2017030402","AM",".",".","S","B",20,"1","W",-83.014383,29.153883,NA,NA,"CK1703038","","",398,423,378,399,444,"EST",0.8,"C",".",246,"87","87","87","87","87","87","NO",0.3,NA,"",0,NA,NA,NA,NA,NA,30,30,35,0.5,NA,"",NA,"NO","NO",NA,"CKM17030402",NA,100,0,0,NA,0.1,NA,NA,NA,NA,NA,NA,"","","","",NA,"",NA,NA,NA,NA,NA,"",NA,37200,20884,NA,NA,NA
"161","CKM20170304","CKM2017030403","AM",".",".","S","D",160,"1","W",-83.0167,29.141333,NA,NA,"CK1703046","","",398,423,378,399,444,"EST",1.8,"C",".",268,"87","87","87","87","87","87","NO",0.3,NA,"",0,NA,NA,0,NA,0,0,0,3,100,NA,"",NA,"NO","NO",NA,"CKM17030403",NA,30,0,90,0,NA,NA,NA,NA,NA,NA,NA,"","","","",NA,"",NA,NA,NA,NA,NA,"",NA,39900,20884,NA,NA,NA
"162","CKM20170304","CKM2017030404","AM",".",".","S","S",20,"1","W",-83.038033,29.13655,NA,NA,"CK1703036","","",398,423,378,399,444,"EST",0.6,"C",".",267,"87","87","87","87","87","87","NO",0.5,NA,"",0,NA,NA,0,NA,0,0,1,3,6,NA,"",NA,"NO","NO",NA,"CKM17030404",NA,100,0,180,0,NA,NA,NA,NA,NA,NA,NA,"","","","",NA,"",NA,NA,NA,NA,NA,"",NA,44220,20884,NA,NA,NA
"163","CKM20170304","CKM2017030405","AM",".",".","S","C",160,"1","W",-83.03125,29.127216,NA,NA,"CK1703047","","",398,423,378,399,444,"EST",0.6,"C",".",291,"87","87","87","87","87","87","NO",0.5,NA,"",0,NA,NA,7,NA,0,0,0,3,12,NA,"",NA,"NO","NO",NA,"CKM17030405",NA,70,0,0,0.2,NA,NA,NA,NA,NA,NA,NA,"","","","",NA,"",NA,NA,NA,NA,NA,"",NA,45600,20884,NA,NA,NA
"164","CKM20170304","CKM2017030406","AM",".",".","S","D",160,"1","W",-83.03445,29.095183,NA,NA,"CK1703051","","",398,423,378,399,444,"EST",0.5,"C",".",337,"87","87","87","87","87","87","NO",0.3,NA,"",75,NA,NA,0,NA,0,0,0,3,0,NA,"",NA,"NO","NO",NA,"CKM17030406",NA,100,0,90,0,NA,NA,NA,NA,NA,NA,NA,"","","","",NA,"",NA,NA,NA,NA,NA,"",NA,48600,20884,NA,NA,NA
"165","CKM20170304","CKM2017030407","AM",".",".","S","A",20,"1","W",-83.048083,29.094566,NA,NA,"CK1703042","","",398,423,378,399,444,"EST",0.8,"C",".",337,"87","87","87","87","87","87","YES",0.7,NA,"",90,NA,NA,NA,NA,NA,99,99,99,0,NA,"",NA,"NO","NO",NA,"CKM17030407",NA,NA,0,180,NA,0,NA,NA,NA,NA,NA,NA,"","","","",NA,"",NA,NA,NA,NA,NA,"",NA,51780,20884,NA,NA,NA
"166","CKM20170304","CKM2017030408","AM",".",".","S","A",20,"1","W",-83.059566,29.098333,NA,NA,"CK1703041","","",398,423,378,399,444,"EST",0.6,"C",".",336,"87","87","87","87","87","87","YES",0.7,NA,"",20,NA,NA,NA,NA,NA,80,NA,85,0.2,NA,"",NA,"NO","NO",NA,"CKM17030408",NA,NA,0,0,NA,0.1,NA,NA,NA,NA,NA,NA,"","","","",NA,"",NA,NA,NA,NA,NA,"",NA,52920,20884,NA,NA,NA
"167","CKM20170305","CKM2017030501","AM",".",".","S","B",20,"1","W",-83.1776,29.328166,NA,NA,"CK1703007","","",35,83,357,378,444,"EST",0.8,"B",".",108,"99","99","99","99","99","99","NO",0.7,NA,"",0,NA,NA,NA,NA,0,20,NA,25,0,NA,"",NA,"NO","NO",NA,"CKM17030501",NA,NA,0,0,NA,0.3,NA,NA,NA,NA,NA,NA,"","","","",NA,"",NA,NA,NA,NA,NA,"",NA,33660,20885,NA,NA,NA
"168","CKM20170305","CKM2017030502","AM",".",".","S","D",160,"1","W",-83.176616,29.327983,NA,NA,"CK1703021","","",35,83,357,378,444,"EST",2,"B",".",108,"99","99","99","99","99","99","NO",0.8,NA,"",0,NA,NA,0,NA,0,0,0,5,0,NA,"",NA,"NO","NO",NA,"CKM17030502",NA,70,0,0,0.1,NA,NA,NA,NA,NA,NA,NA,"","","","",NA,"",NA,NA,NA,NA,NA,"",NA,34500,20885,NA,NA,NA
"169","CKM20170305","CKM2017030503","AM",".",".","S","D",160,"1","W",-83.176316,29.345616,NA,NA,"CK1703020","","",35,83,357,378,444,"EST",1.1,"B",".",99,"99","99","99","99","99","99","NO",0.8,NA,"",0,NA,NA,0,NA,10,2,0,10,0,NA,"",NA,"NO","NO",NA,"CKM17030503",NA,100,0,0,0.3,NA,NA,NA,NA,NA,NA,NA,"","","","",NA,"",NA,NA,NA,NA,NA,"",NA,36180,20885,NA,NA,NA
"170","CKM20170305","CKM2017030504","AM",".",".","S","D",23,"1","W",-83.17385,29.364283,NA,NA,"CK1703011","","",35,83,357,378,444,"EST",0.6,"B",".",90,"99","99","99","99","99","99","YES",0.6,NA,"",0,NA,NA,0,NA,0,99,0,99,0,NA,"",NA,"NO","NO",NA,"CKM17030504",NA,100,0,0,0.3,NA,NA,NA,NA,NA,NA,NA,"","","","",NA,"",NA,NA,NA,NA,NA,"",NA,37680,20885,NA,NA,NA
"171","CKM20170305","CKM2017030505","AM",".",".","S","D",23,"1","W",-83.167816,29.341516,NA,NA,"CK1703012","","",35,83,357,378,444,"EST",0.7,"B",".",99,"99","99","99","99","99","99","YES",0.7,NA,"",0,NA,NA,0,NA,0,99,0,99,0,NA,"",NA,"NO","NO",NA,"CKM17030505",NA,100,0,0,0.3,NA,NA,NA,NA,NA,NA,NA,"","","","",NA,"",NA,NA,NA,NA,NA,"",NA,38640,20885,NA,NA,NA
"172","CKM20170305","CKM2017030506","AM",".",".","S","D",23,"1","W",-83.138116,29.345083,NA,NA,"CK1703013","","",35,83,357,378,444,"EST",0.5,"B",".",101,"99","99","99","99","99","99","YES",0.5,NA,"",0,NA,NA,0,NA,10,NA,0,5,0,NA,"",NA,"NO","NO",NA,"CKM17030506",NA,100,0,0,0.2,NA,NA,NA,NA,NA,NA,NA,"","","","",NA,"",NA,NA,NA,NA,NA,"",NA,39600,20885,NA,NA,NA
"173","CKM20170305","CKM2017030507","AM",".",".","S","D",160,"1","W",-83.174466,29.313183,NA,NA,"CK1703022","","",35,83,357,378,444,"EST",1.1,"B",".",117,"99","99","99","99","99","99","NO",0.8,NA,"",0,NA,NA,0,NA,0,10,0,10,0,NA,"",NA,"NO","NO",NA,"CKM17030507",NA,100,0,0,0.3,NA,NA,NA,NA,NA,NA,NA,"","","","",NA,"",NA,NA,NA,NA,NA,"",NA,40680,20885,NA,NA,NA
"174","CKM20170305","CKM2017030508","AM",".",".","S","B",20,"1","W",-83.17525,29.30065,NA,NA,"CK1703008","","",35,83,357,378,444,"EST",0.8,"B",".",117,"99","99","99","99","99","99","NO",0.7,NA,"",0,NA,NA,NA,NA,NA,99,99,99,0,NA,"",NA,"NO","NO",NA,"CKM17030508",NA,NA,0,0,NA,0.2,NA,NA,NA,NA,NA,NA,"","","","",NA,"",NA,NA,NA,NA,NA,"",NA,42900,20885,NA,NA,NA
"175","CKM20170306","CKM2017030601","AM",".",".","S","D",23,"1","W",-83.0582,29.194566,NA,NA,"CK1703019","","",399,423,36,111,398,"EST",1.2,"B",".",199,"87","87","87","87","87","87","NO",1,NA,"",0,NA,NA,0,NA,0,0,0,2,0,NA,"",NA,"NO","NO",NA,"CKM17030601",NA,100,0,0,0.2,NA,NA,NA,NA,NA,NA,NA,"","","","",NA,"",NA,NA,NA,NA,NA,"",NA,38100,20885,NA,NA,NA
"176","CKM20170306","CKM2017030602","AM",".",".","S","B",20,"1","W",-83.07705,29.1945,NA,NA,"CK1703010","","",399,423,36,111,398,"EST",0.8,"B",".",198,"87","87","87","87","87","87","YES",0.7,NA,"",0,NA,NA,NA,NA,NA,99,99,99,0.1,NA,"",NA,"NO","NO",NA,"CKM17030602",NA,NA,0,0,NA,0.1,NA,NA,NA,NA,NA,NA,"","","","",NA,"",NA,NA,NA,NA,NA,"",NA,39300,20885,NA,NA,NA
"177","CKM20170306","CKM2017030603","AM",".",".","S","S",20,"1","W",-83.080466,29.200833,NA,NA,"CK1703004","","",399,423,36,111,398,"EST",0.8,"B",".",189,"87","87","87","87","87","87","YES",0.7,NA,"",0,NA,NA,0,NA,0,0,0,1,0.3,NA,"",NA,"NO","NO",NA,"CKM17030603",NA,100,0,0,0.2,NA,NA,NA,NA,NA,NA,NA,"","","","",NA,"",NA,NA,NA,NA,NA,"",NA,39900,20885,NA,NA,NA
"178","CKM20170306","CKM2017030604","AM",".",".","S","D",23,"1","W",-83.061383,29.2039,NA,NA,"CK1703018","","",399,423,36,111,398,"EST",1.5,"B",".",190,"87","87","87","87","87","87","YES",1.5,NA,"",0,NA,NA,0,NA,0,0,0,4,0.2,NA,"",NA,"NO","NO",NA,"CKM17030604",NA,100,0,0,0.3,NA,NA,NA,NA,NA,NA,NA,"","","","",NA,"",NA,NA,NA,NA,NA,"",NA,41400,20885,NA,NA,NA
"179","CKM20170306","CKM2017030605","AM",".",".","S","B",20,"1","W",-83.069,29.210933,NA,NA,"CK1703009","","",399,423,36,111,398,"EST",0.7,"B",".",189,"87","87","87","87","87","87","YES",0.7,NA,"",0,NA,NA,NA,NA,NA,30,30,35,0.1,NA,"",NA,"NO","NO",NA,"CKM17030605",NA,100,0,90,NA,0,NA,NA,NA,NA,NA,NA,"","","","",NA,"",NA,NA,NA,NA,NA,"",NA,42900,20885,NA,NA,NA
"180","CKM20170306","CKM2017030606","AM",".",".","S","S",20,"1","W",-83.087366,29.215666,NA,NA,"CK1703003","","",399,423,36,111,398,"EST",0.6,"B",".",188,"87","87","87","87","87","87","YES",0.9,NA,"",0,NA,NA,0,NA,0,0,0,2,0.1,NA,"",NA,"NO","NO",NA,"CKM17030606",NA,100,0,0,0.2,NA,NA,NA,NA,NA,NA,NA,"","","","",NA,"",NA,NA,NA,NA,NA,"",NA,43920,20885,NA,NA,NA
"181","CKM20170306","CKM2017030607","AM",".",".","S","D",160,"1","W",-83.08765,29.216916,NA,NA,"CK1703026","","",399,423,36,111,398,"EST",0.8,"B",".",177,"87","87","87","87","87","87","YES",0.8,NA,"",0,NA,NA,0,NA,0,0,0,6,20,NA,"",NA,"NO","NO",NA,"CKM17030607",NA,80,90,90,0.2,NA,NA,NA,NA,NA,NA,NA,"","","","",NA,"",NA,NA,NA,NA,NA,"",NA,46200,20885,NA,NA,NA
"182","CKM20170306","CKM2017030608","AM",".",".","S","D",160,"1","W",-83.07375,29.226533,NA,NA,"CK1703027","","",399,423,36,111,398,"EST",0.7,"B",".",178,"87","87","87","87","87","87","NO",0.6,NA,"",0,NA,NA,0,NA,0,0,0,5,100,NA,"",NA,"NO","YES",NA,"CKM17030608",NA,100,0,90,0.7,NA,NA,NA,NA,NA,NA,NA,"","","","",NA,"",NA,NA,NA,NA,NA,"",NA,49200,20885,NA,NA,NA
"183","CKM20170307","CKM2017030701","AM",".",".","S",".",300,"1","W",-83.111916,29.280766,NA,NA,"CK1703066","","",35,423,343,NA,NA,"EST",4.4,"F",".",141,"87","87","87","87","87","87","NO",0.8,NA,"",0,NA,NA,NA,NA,NA,80,80,99,10,NA,"",NA,"NO","NO",NA,"CKM17030701",NA,100,0,0,NA,NA,NA,NA,NA,4,0.1,206,"","","","",NA,"",NA,NA,NA,NA,NA,"",NA,35100,20886,300,NA,NA
"184","CKM20170307","CKM2017030702","AM",".",".","S",".",300,"1","W",-83.131983,29.247833,NA,NA,"CK1703031","","",35,423,343,NA,NA,"EST",2.7,"B",".",163,"87","87","87","87","87","87","NO",1.6,NA,"",0,NA,NA,NA,NA,NA,99,99,99,3,NA,"",NA,"NO","NO",NA,"CKM17030702",NA,NA,0,0,NA,NA,NA,NA,NA,2.8,0.19,160,"","","","",NA,"",NA,NA,NA,NA,NA,"",NA,37320,20886,600,NA,NA
"185","CKM20170307","CKM2017030703","AM",".",".","S",".",300,"1","W",-83.1458,29.2023,NA,NA,"CK1703032","","",35,423,343,NA,NA,"EST",2.7,"B",".",185,"87","87","87","87","87","87","NO",1.6,NA,"",0,NA,NA,NA,NA,NA,99,99,99,1,NA,"",NA,"NO","NO",NA,"CKM17030703",NA,NA,0,0,NA,NA,NA,NA,NA,3.5,0.18,184,"","","","",NA,"",NA,NA,NA,NA,NA,"",NA,39900,20886,600,NA,NA
"186","CKM20170307","CKM2017030704","AM",".",".","S",".",300,"1","W",-83.246883,29.260483,NA,NA,"CK1703029","","",35,423,343,NA,NA,"EST",5.6,"B",".",144,"87","87","87","87","87","87","NO",4.2,NA,"",0,NA,NA,NA,NA,NA,99,99,99,1,NA,"",NA,"NO","NO",NA,"CKM17030704",NA,NA,0,0,NA,NA,NA,NA,NA,5.7,0.19,178,"","","","",NA,"",NA,NA,NA,NA,NA,"",NA,42840,20886,600,NA,NA
"187","CKM20170307","CKM2017030705","AM",".",".","S",".",300,"1","W",-83.203733,29.2658,NA,NA,"CK1703030","","",35,423,343,NA,NA,"EST",2.9,"B",".",146,"87","87","87","87","87","87","NO",2.1,NA,"",0,NA,NA,NA,NA,NA,99,99,99,2,NA,"",NA,"NO","NO",NA,"CKM17030705",NA,NA,0,0,NA,NA,NA,NA,NA,2.8,0.2,177,"","","","",NA,"",NA,NA,NA,NA,NA,"",NA,45060,20886,600,NA,NA
"188","CKM20170307","CKM2017030706","AM",".",".","S",".",300,"1","W",-83.208716,29.2888,NA,NA,"CK1703028","","",35,423,343,NA,NA,"EST",3.6,"B",".",124,"87","87","87","87","87","87","NO",2.5,NA,"",0,NA,NA,NA,NA,NA,99,99,99,5,NA,"",NA,"NO","NO",NA,"CKM17030706",NA,NA,0,0,NA,NA,NA,NA,NA,3.6,0.2,180,"","","","",NA,"",NA,NA,NA,NA,NA,"",NA,46800,20886,600,NA,NA
"189","CKM20170307","CKM2017030707","AM",".",".","S","B",20,"1","W",-83.1858,29.297983,NA,NA,"CK1703005","","",35,423,343,NA,NA,"EST",0.6,"B",".",125,"87","87","87","87","87","87","YES",0.5,NA,"",0,NA,NA,NA,NA,NA,99,99,99,0.2,NA,"",NA,"NO","NO",NA,"CKM17030707",NA,NA,0,0,NA,0,NA,NA,NA,NA,NA,NA,"","","","",NA,"",NA,NA,NA,NA,NA,"",NA,49500,20886,NA,NA,NA
"190","CKM20170308","CKM2017030801","AM",".",".","S","S",20,"1","W",-83.065916,29.231916,NA,NA,"CK1703002","","",378,83,357,399,NA,"EST",0.7,"B",".",179,"99","99","99","99","99","99","NO",0.5,NA,"",0,NA,NA,0,NA,0,0,0,7,0.8,NA,"",NA,"NO","NO",NA,"CKM17030801",NA,100,0,0,0.2,NA,NA,NA,NA,NA,NA,NA,"","","","",NA,"",NA,NA,NA,NA,NA,"",NA,35280,20886,NA,NA,NA
"191","CKM20170308","CKM2017030802","AM",".",".","S","S",20,"1","W",-83.054266,29.233416,NA,NA,"CK1703001","","",378,83,357,399,NA,"EST",0.8,"B",".",167,"99","99","99","99","99","99","NO",0.5,NA,"",0,NA,NA,0,NA,10,0,0,5,0.5,NA,"",NA,"NO","NO",NA,"CKM17030802",NA,100,0,0,0.4,NA,NA,NA,NA,NA,NA,NA,"","","","",NA,"",NA,NA,NA,NA,NA,"",NA,36180,20886,NA,NA,NA
"192","CKM20170308","CKM2017030803","AM",".",".","S","D",23,"1","W",-83.063433,29.252566,NA,NA,"CK1703017","","",378,83,357,399,NA,"EST",0.5,"B",".",155,"99","99","99","99","99","99","YES",0.5,NA,"",0,NA,NA,0,NA,0,0,0,99,0.2,NA,"",NA,"NO","NO",NA,"CKM17030803",NA,100,0,0,0.4,NA,NA,NA,NA,NA,NA,NA,"","","","",NA,"",NA,NA,NA,NA,NA,"",NA,38100,20886,NA,NA,NA
"193","CKM20170308","CKM2017030804","AM",".",".","S","D",23,"1","W",-83.0668,29.292016,NA,NA,"CK1703016","","",378,83,357,399,NA,"EST",0.7,"B",".",132,"99","99","99","99","99","99","NO",0.4,NA,"",0,NA,NA,0,NA,0,0,0,99,0,NA,"",NA,"NO","NO",NA,"CKM17030804",NA,100,0,0,0.3,NA,NA,NA,NA,NA,NA,NA,"","","","",NA,"",NA,NA,NA,NA,NA,"",NA,39660,20886,NA,NA,NA
"194","CKM20170308","CKM2017030805","AM",".",".","S","D",160,"1","W",-83.124016,29.278183,NA,NA,"CK1703025","","",378,83,357,399,NA,"EST",2.3,"B",".",140,"99","99","99","99","99","99","NO",0.8,NA,"",0,NA,NA,0,NA,0,1,0,50,0,NA,"",NA,"NO","YES",NA,"CKM17030805",NA,100,0,0,0.5,NA,NA,NA,NA,NA,NA,NA,"","","","",NA,"",NA,NA,NA,NA,NA,"",NA,40800,20886,NA,NA,NA
"195","CKM20170308","CKM2017030806","AM",".",".","S","D",23,"1","W",-83.141316,29.2907,NA,NA,"CK1703015","","",378,83,357,399,NA,"EST",0.8,"B",".",128,"99","99","99","99","99","99","NO",0.7,NA,"",0,NA,NA,0,NA,0,0,0,99,0,NA,"",NA,"NO","NO",NA,"CKM17030806",NA,100,0,0,0.2,NA,NA,NA,NA,NA,NA,NA,"","","","",NA,"",NA,NA,NA,NA,NA,"",NA,45300,20886,NA,NA,NA
"196","CKM20170308","CKM2017030807","AM",".",".","S","D",23,"1","W",-83.152066,29.296783,NA,NA,"CK1703014","","",378,83,357,399,NA,"EST",1.6,"B",".",127,"99","99","99","99","99","99","NO",0.6,NA,"",0,NA,NA,0,NA,0,0,0,99,0.6,NA,"",NA,"NO","NO",NA,"CKM17030807",NA,100,0,0,0.1,NA,NA,NA,NA,NA,NA,NA,"","","","",NA,"",NA,NA,NA,NA,NA,"",NA,46200,20886,NA,NA,NA
"197","CKM20170308","CKM2017030808","AM",".",".","S","D",160,"1","W",-83.1671,29.289516,NA,NA,"CK1703023","","",378,83,357,399,NA,"EST",1,"B",".",126,"99","99","99","99","99","99","NO",0.5,NA,"",0,NA,NA,0,NA,0,1,4,99,0,NA,"",NA,"NO","NO",NA,"CKM17030808",NA,100,0,0,0.3,NA,NA,NA,NA,NA,NA,NA,"","","","",NA,"",NA,NA,NA,NA,NA,"",NA,47700,20886,NA,NA,NA
"198","CKM20170308","CKM2017030809","AM",".",".","S","D",160,"1","W",-83.164366,29.286766,NA,NA,"CK1703024","","",378,83,357,399,NA,"EST",0.9,"B",".",127,"99","99","99","99","99","99","NO",0.7,NA,"",0,NA,NA,0,NA,0,2,1,99,0,NA,"",NA,"NO","NO",NA,"CKM17030809",NA,100,0,0,0.3,NA,NA,NA,NA,NA,NA,NA,"","","","",NA,"",NA,NA,NA,NA,NA,"",NA,50460,20886,NA,NA,NA
"199","CKM20170401","CKM2017040101","AM",".",".","S","D",160,"1","W",-83.056533,29.130816,NA,NA,"CK1704048","","",398,343,362,423,NA,"EDT",1.4,"C",".",289,"87","87","87","87","87","87","NO",0.6,NA,"",0,NA,NA,0,NA,0,0,0,3,0,NA,"",NA,"NO","NO",NA,"CKM17040101",NA,50,0,0,0.2,NA,NA,NA,NA,NA,NA,NA,"","","","",NA,"",NA,NA,NA,NA,NA,"",NA,36000,20914,NA,NA,NA
"200","CKM20170401","CKM2017040102","AM",".",".","S","S",20,"1","W",-83.053733,29.131766,NA,NA,"CK1704035","","",398,343,362,423,NA,"EDT",0.9,"C",".",289,"87","87","87","87","87","87","NO",0.3,NA,"",0,NA,NA,0,NA,0,0,0,3,0.2,NA,"",NA,"NO","NO",NA,"CKM17040102",NA,100,0,0,0,NA,NA,NA,NA,NA,NA,NA,"","","","",NA,"",NA,NA,NA,NA,NA,"",NA,38100,20914,NA,NA,NA
"201","CKM20170401","CKM2017040103","AM",".",".","S","C",160,"1","W",-83.071583,29.1478,NA,NA,"CK1704047","","",398,343,362,423,NA,"EDT",1.3,"C","",265,"87","87","87","87","87","87","NO",0.5,NA,"",0,NA,NA,4,NA,0,0,0,3,20,NA,"",NA,"NO","NO",NA,"CKM17040103",NA,100,0,0,0.5,NA,NA,NA,NA,NA,NA,NA,"","","","",NA,"",NA,NA,NA,NA,NA,"",NA,41040,20914,NA,NA,NA
"202","CKM20170401","CKM2017040104","AM",".",".","S","S",20,"1","W",-83.06695,29.155616,NA,NA,"CK1704033","","",398,343,362,423,NA,"EDT",0.6,"C",".",242,"87","87","87","87","87","87","NO",0.4,NA,"",0,NA,NA,0,NA,0,0,0,4,0.5,NA,"",NA,"NO","NO",NA,"CKM17040104",NA,100,0,90,0.3,NA,NA,NA,NA,NA,NA,NA,"","","","",NA,"",NA,NA,NA,NA,NA,"",NA,43620,20914,NA,NA,NA
"203","CKM20170401","CKM2017040105","AM",".",".","S","B",20,"1","W",-83.04035,29.173466,NA,NA,"CK1704039","","",398,343,362,423,NA,"EDT",0.8,"C",".",218,"87","87","87","87","87","87","NO",0.2,NA,"",0,NA,NA,NA,NA,NA,99,30,99,0.5,NA,"",NA,"NO","NO",NA,"CKM17040105",NA,100,0,0,NA,0.1,NA,NA,NA,NA,NA,NA,"","","","",NA,"",NA,NA,NA,NA,NA,"",NA,45600,20914,NA,NA,NA
"204","CKM20170401","CKM2017040106","AM",".",".","S","D",160,"1","W",-83.056533,29.175233,NA,NA,"CK1704044","","",398,343,362,423,NA,"EDT",0.9,"C",".",217,"87","87","87","87","87","87","NO",0.6,NA,"",0,NA,NA,0,NA,0,0,0,4,30,NA,"",NA,"NO","YES",NA,"CKM17040106",NA,100,0,0,0.6,NA,NA,NA,NA,NA,NA,NA,"","","","",NA,"",NA,NA,NA,NA,NA,"",NA,48960,20914,NA,NA,NA
"205","CKM20170401","CKM2017040107","AM",".",".","S","B",20,"1","W",-83.06365,29.173966,NA,NA,"CK1704038","","",398,343,362,423,NA,"EDT",0.9,"C",".",217,"87","87","87","87","87","87","NO",0.5,NA,"",0,NA,NA,0,NA,10,10,10,12,0.2,NA,"",NA,"NO","NO",NA,"CKM17040107",NA,100,0,0,NA,0.7,NA,NA,NA,NA,NA,NA,"","","","",NA,"",NA,NA,NA,NA,NA,"",NA,52320,20914,NA,NA,NA
"206","CKM20170401","CKM2017040108","AM",".",".","S",".",300,"1","W",-83.086016,29.16455,NA,NA,"CK1704052","","",398,343,362,423,NA,"EDT",2.4,"C",".",241,"87","87","87","87","87","87","NO",0.5,NA,"",0,NA,NA,NA,NA,NA,99,99,99,20,NA,"",NA,"NO","NO",NA,"CKM17040108",NA,NA,180,0,NA,NA,NA,NA,NA,3.1,0.18,227,"","","","",NA,"",NA,NA,NA,NA,NA,"",NA,54060,20914,600,NA,NA
"207","CKM20170402","CKM2017040201","AM",".",".","S","S",20,"1","W",-82.99775,29.157483,NA,NA,"CK1704034","","",378,83,357,399,444,"EDT",0.7,"C",".",247,"99","99","99","99","99","99","NO",0.2,NA,"",0,NA,NA,0,NA,10,0,0,5,1.5,NA,"",NA,"NO","NO",NA,"CKM17040201",NA,100,0,0,0.2,NA,NA,NA,NA,NA,NA,NA,"","","","",NA,"",NA,NA,NA,NA,NA,"",NA,33480,20914,NA,NA,NA
"208","CKM20170402","CKM2017040202","AM",".",".","S","C",160,"1","W",-83.0119,29.155633,NA,NA,"CK1704045","","",378,83,357,399,444,"EDT",1.4,"C",".",246,"99","99","99","99","99","99","NO",0.3,NA,"",0,NA,NA,1,NA,0,0,0,5,8,NA,"",NA,"NO","NO",NA,"CKM17040202",NA,10,0,0,0.3,NA,NA,NA,NA,NA,NA,NA,"","","","",NA,"",NA,NA,NA,NA,NA,"",NA,36060,20914,NA,NA,NA
"209","CKM20170402","CKM2017040203","AM",".",".","S","C",160,"1","W",-83.015166,29.14195,NA,NA,"CK1704046","","",378,83,357,399,444,"EDT",1.2,"C",".",269,"99","99","99","99","99","99","NO",0.5,NA,"",0,NA,NA,3,NA,0,0,0,6,0,NA,"",NA,"NO","YES",NA,"CKM17040203",NA,100,0,0,0.7,NA,NA,NA,NA,NA,NA,NA,"","","","",NA,"",NA,NA,NA,NA,NA,"",NA,39660,20914,NA,NA,NA
"210","CKM20170402","CKM2017040204","AM",".",".","S","D",160,"1","W",-83.0289,29.118983,NA,NA,"CK1704049","","",378,83,357,399,444,"EDT",1.3,"C",".",291,"99","99","99","99","99","99","NO",0.5,NA,"",0,NA,NA,0,NA,0,0,0,6,0,NA,"",NA,"NO","NO",NA,"CKM17040204",NA,100,0,0,0.5,NA,NA,NA,NA,NA,NA,NA,"","","","",NA,"",NA,NA,NA,NA,NA,"",NA,41520,20914,NA,NA,NA
"211","CKM20170402","CKM2017040205","AM",".",".","S","D",160,"1","W",-83.060516,29.097533,NA,NA,"CK1704051","","",378,83,357,399,444,"EDT",0.9,"C",".",336,"99","99","99","99","99","99","NO",0.6,NA,"",0,NA,NA,0,NA,0,0,0,4,0,NA,"",NA,"NO","NO",NA,"CKM17040205",NA,30,0,0,0.3,NA,NA,NA,NA,NA,NA,NA,"","","","",NA,"",NA,NA,NA,NA,NA,"",NA,44880,20914,NA,NA,NA
"212","CKM20170402","CKM2017040206","AM",".",".","S","S",20,"1","W",-83.06585,29.095683,NA,NA,"CK1704036","","",378,83,357,399,444,"EDT",0.5,"C",".",336,"99","99","99","99","99","99","YES",0.5,NA,"",0,NA,NA,0,NA,0,0,0,3,1,NA,"",NA,"NO","NO",NA,"CKM17040206",NA,NA,0,0,0,NA,NA,NA,NA,NA,NA,NA,"","","","",NA,"",NA,NA,NA,NA,NA,"",NA,47760,20914,NA,NA,NA
"213","CKM20170402","CKM2017040207","AM",".",".","S","D",160,"1","W",-83.0702,29.10275,NA,NA,"CK1704050","","",378,83,357,399,444,"EDT",0.9,"C",".",311,"99","99","99","99","99","99","NO",0.6,NA,"",80,NA,NA,0,NA,0,1,1,5,20,NA,"",NA,"NO","YES",NA,"CKM17040207",NA,50,0,0,0.3,NA,NA,NA,NA,NA,NA,NA,"","","","",NA,"",NA,NA,NA,NA,NA,"",NA,48600,20914,NA,NA,NA
"214","CKM20170403","CKM2017040301","AM",".",".","S","D",23,"1","W",-83.136483,29.320216,NA,NA,"CK1704057","","",357,423,362,398,NA,"EDT",0.9,"F",".",110,"87","87","87","87","87","87","NO",0.6,NA,"",0,NA,NA,0,NA,0,0,0,99,0.1,NA,"",NA,"NO","NO",NA,"CKM17040301",NA,100,0,0,0,NA,NA,NA,NA,NA,NA,NA,"","","","",NA,"",NA,NA,NA,NA,NA,"",NA,33120,20916,NA,NA,NA
"215","CKM20170403","CKM2017040302","AM",".",".","S","D",23,"1","W",-83.108233,29.326316,NA,NA,"CK1704058","","",357,423,362,398,NA,"EDT",1.5,"F",".",112,"87","87","87","87","87","87","NO",0.6,NA,"",0,NA,NA,0,NA,0,0,0,99,2,NA,"",NA,"NO","NO",NA,"CKM17040302",NA,100,0,0,0,NA,NA,NA,NA,NA,NA,NA,"","","","",NA,"",NA,NA,NA,NA,NA,"",NA,34200,20916,NA,NA,NA
"216","CKM20170403","CKM2017040303","AM",".",".","S",".",300,"1","W",-83.113533,29.320983,NA,NA,"CK1704062","","",357,423,362,398,NA,"EDT",5.3,"F",".",112,"87","87","87","87","87","87","NO",1.3,NA,"",0,NA,NA,NA,NA,NA,60,40,99,0,NA,"",NA,"NO","NO",NA,"CKM17040303",NA,100,0,0,NA,NA,NA,NA,NA,2.7,0.1,21,"","","","",NA,"",NA,NA,NA,NA,NA,"",NA,37200,20916,300,NA,NA
"217","CKM20170403","CKM2017040304","AM",".",".","S","D",23,"1","W",-83.162016,29.292033,NA,NA,"CK1704060","","",357,423,362,398,NA,"EDT",0.4,"F",".",127,"87","87","87","87","87","87","NO",0.1,NA,"",0,NA,NA,0,NA,0,0,0,99,0.1,NA,"",NA,"NO","YES",NA,"CKM17040304",NA,100,0,90,0,NA,NA,NA,NA,NA,NA,NA,"","","","",NA,"",NA,NA,NA,NA,NA,"",NA,39120,20916,NA,NA,NA
"218","CKM20170403","CKM2017040305","AM",".",".","S","D",23,"1","W",-83.160716,29.293633,NA,NA,"CK1704061","","",357,423,362,398,NA,"EDT",0.4,"F",".",127,"87","87","87","87","87","87","NO",0.1,NA,"",0,NA,NA,0,NA,0,0,0,99,0,NA,"",NA,"NO","NO",NA,"CKM17040305",NA,100,0,90,0,NA,NA,NA,NA,NA,NA,NA,"","","","",NA,"",NA,NA,NA,NA,NA,"",NA,39900,20916,NA,NA,NA
"219","CKM20170403","CKM2017040306","AM",".",".","S","D",23,"1","W",-83.168583,29.30245,NA,NA,"CK1704059","","",357,423,362,398,NA,"EDT",0.4,"F",".",117,"87","87","87","87","87","87","NO",0.1,NA,"",0,NA,NA,0,NA,0,0,0,99,3,NA,"",NA,"NO","NO",NA,"CKM17040306",NA,100,0,0,0.1,NA,NA,NA,NA,NA,NA,NA,"","","","",NA,"",NA,NA,NA,NA,NA,"",NA,41280,20916,NA,NA,NA
"220","CKM20170403","CKM2017040307","AM",".",".","S",".",300,"1","W",-83.1643,29.3083,NA,NA,"CK1704065","","",357,423,362,398,NA,"EDT",3,"F",".",118,"87","87","87","87","87","87","NO",0.3,NA,"",0,NA,NA,0,NA,0,60,60,99,4,NA,"",NA,"NO","NO",NA,"CKM17040307",NA,100,0,0,NA,NA,NA,NA,NA,2.5,0.08,91,"","","","",NA,"",NA,NA,NA,NA,NA,"",NA,42900,20916,300,NA,NA
"221","CKM20170403","CKM2017040308","AM",".",".","S",".",301,"1","W",-83.157433,29.308766,NA,NA,"CK1704064","","",357,423,362,398,NA,"EDT",1.9,"F",".",118,"87","87","87","87","87","87","NO",0.5,NA,"",0,NA,NA,0,NA,0,20,20,99,0.5,NA,"",NA,"NO","NO",NA,"CKM17040308",NA,100,0,0,NA,NA,NA,NA,NA,1.5,0.09,99,"","","","",NA,"",NA,NA,NA,NA,NA,"",NA,45000,20916,300,NA,NA
"222","CKM20170403","CKM2017040309","AM",".",".","S",".",300,"1","W",-83.145966,29.308766,NA,NA,"CK1704063","","",357,423,362,398,NA,"EDT",3,"F",".",119,"87","87","87","87","87","87","NO",0.7,NA,"",0,NA,NA,0,NA,0,50,50,99,2.5,NA,"",NA,"NO","NO",NA,"CKM17040309",NA,100,0,90,NA,NA,NA,NA,NA,3.2,0.1,28,"","","","",NA,"",NA,NA,NA,NA,NA,"",NA,47700,20916,300,NA,NA
"223","CKM20170403","CKM2017040310","AM",".",".","S",".",300,"1","W",-83.14375,29.315666,NA,NA,"CK1704066","","",357,423,362,398,NA,"EDT",2.3,"F",".",119,"87","87","87","87","87","87","NO",0.8,NA,"",0,NA,NA,0,NA,0,15,15,99,20,NA,"",NA,"NO","NO",NA,"CKM17040310",NA,100,0,90,NA,NA,NA,NA,NA,2,0.1,13,"","","","",NA,"",NA,NA,NA,NA,NA,"",NA,49140,20916,300,NA,NA
"224","CKM20170404","CKM2017040401","AM",".",".","S","A",20,"1","W",-83.06625,29.088483,NA,NA,"CK1704040","","",NA,357,362,444,NA,"EDT",0.5,"C",".",336,"87","87","87","87","87","87","YES",0.5,NA,"",50,NA,NA,NA,NA,NA,99,99,99,0.5,NA,"",NA,"NO","NO",NA,"CKM17040401",NA,NA,0,0,NA,0.1,NA,NA,NA,NA,NA,NA,"","","","",NA,"",NA,NA,NA,NA,NA,"",NA,31860,20920,NA,NA,NA
"225","CKM20170404","CKM2017040402","AM",".",".","S","B",20,"1","W",-83.0763,29.079633,NA,NA,"CK1704041","","",NA,357,362,444,NA,"EDT",0.6,"C",".",359,"87","87","87","87","87","87","YES",0.6,NA,"",0,NA,NA,NA,NA,NA,99,99,99,0,NA,"",NA,"NO","NO",NA,"CKM17040402",NA,NA,0,90,NA,0,NA,NA,NA,NA,NA,NA,"","","","",NA,"",NA,NA,NA,NA,NA,"",NA,32700,20920,NA,NA,NA
"226","CKM20170404","CKM2017040403","AM",".",".","S","B",20,"1","W",-83.035016,29.07425,NA,NA,"CK1704042","","",NA,357,362,444,NA,"EDT",0.7,"C",".",361,"87","87","87","87","87","87","YES",0.7,NA,"",10,NA,NA,NA,NA,NA,99,99,99,0,NA,"",NA,"NO","NO",NA,"CKM17040403",NA,NA,0,180,NA,0.2,NA,NA,NA,NA,NA,NA,"","","","",NA,"",NA,NA,NA,NA,NA,"",NA,33960,20920,NA,NA,NA
"227","CKM20170404","CKM2017040404","AM",".",".","S","A",20,"1","W",-83.016416,29.07795,NA,NA,"CK1704043","","",NA,357,362,444,NA,"EDT",0.7,"C",".",363,"87","87","87","87","87","87","YES",0.7,NA,"",100,NA,NA,NA,NA,NA,99,99,99,3.7,NA,"",NA,"NO","NO",NA,"CKM17040404",NA,NA,0,0,NA,0.1,NA,NA,NA,NA,NA,NA,"","","","",NA,"",NA,NA,NA,NA,NA,"",NA,34980,20920,NA,NA,NA
"228","CKM20170404","CKM2017040405","AM",".",".","S","S",20,"1","W",-83.0252,29.096866,NA,NA,"CK1704037","","",NA,357,362,444,NA,"EDT",0.3,"C",".",338,"87","87","87","87","87","87","YES",0.3,NA,"",40,NA,NA,0,NA,0,0,NA,3,0.1,NA,"",NA,"NO","NO",NA,"CKM17040405",NA,NA,0,0,0.5,NA,NA,NA,NA,NA,NA,NA,"","","","",NA,"",NA,NA,NA,NA,NA,"",NA,36420,20920,NA,NA,NA
"229","CKM20170404","CKM2017040406","AM",".",".","S",".",300,"1","W",-82.981866,29.076433,NA,NA,"CK1704055","","",NA,357,362,444,NA,"EDT",3.2,"C",".",365,"87","87","87","87","87","87","NO",2.1,NA,"",0,NA,NA,NA,NA,NA,99,99,99,4,NA,"",NA,"NO","NO",NA,"CKM17040406",NA,NA,0,0,NA,NA,NA,NA,NA,2.7,0.17,218,"","","","",NA,"",NA,NA,NA,NA,NA,"",NA,37620,20920,600,NA,NA
"230","CKM20170404","CKM2017040407","AM",".",".","S",".",300,"1","W",-83.094083,29.02265,NA,NA,"CK1704056","","",NA,357,362,444,NA,"EDT",7,"C",".",424,"87","87","87","87","87","87","NO",4,NA,"",0,NA,NA,NA,NA,NA,99,99,99,1.5,NA,"",NA,"NO","NO",NA,"CKM17040407",NA,NA,0,90,NA,NA,NA,NA,NA,7,0.17,195,"","","","",NA,"",NA,NA,NA,NA,NA,"",NA,40200,20920,600,NA,NA
"231","CKM20170404","CKM2017040408","AM",".",".","S",".",300,"1","W",-83.08935,29.070816,NA,NA,"CK1704054","","",NA,357,362,444,NA,"EDT",3.4,"C",".",358,"87","87","87","87","87","87","NO",1.9,NA,"",0,NA,NA,NA,NA,NA,99,99,99,0.3,NA,"",NA,"NO","NO",NA,"CKM17040408",NA,NA,0,90,NA,NA,NA,NA,NA,4.1,0.2,249,"","","","",NA,"",NA,NA,NA,NA,NA,"",NA,42180,20920,600,NA,NA
"232","CKM20170404","CKM2017040409","AM",".",".","S",".",300,"1","W",-83.13165,29.098633,NA,NA,"CK1704053","","",NA,357,362,444,NA,"EDT",6.5,"C",".",332,"87","87","87","87","87","87","NO",4.2,NA,"",0,NA,NA,NA,NA,NA,99,99,99,1.5,NA,"",NA,"NO","NO",NA,"CKM17040409",NA,NA,0,90,NA,NA,NA,NA,NA,7,0.2,280,"","","","",NA,"",NA,NA,NA,NA,NA,"",NA,43860,20920,600,NA,NA
"233","CKM20170405","CKM2017040501","AM",".",".","S","B",20,"1","W",-83.09975,29.245133,NA,NA,"CK1704008","","",362,83,357,378,444,"EDT",0.5,"B",".",165,"99","99","99","99","99","99","YES",0.5,NA,"",0,NA,NA,NA,NA,NA,99,99,99,2.5,NA,"",NA,"NO","NO",NA,"CKM17040501",NA,NA,0,180,NA,0,NA,NA,NA,NA,NA,NA,"","","","",NA,"",NA,NA,NA,NA,NA,"",NA,34800,20921,NA,NA,NA
"234","CKM20170405","CKM2017040502","AM",".",".","S","D",160,"1","W",-83.084016,29.262083,NA,NA,"CK1704024","","",362,83,357,378,444,"EDT",0.6,"B",".",153,"99","99","99","99","99","99","NO",0.4,NA,"",0,NA,NA,0,NA,0,0,0,99,0,NA,"",NA,"NO","NO",NA,"CKM17040502",NA,100,180,0,0.3,NA,NA,NA,NA,NA,NA,NA,"","","","",NA,"",NA,NA,NA,NA,NA,"",NA,35880,20921,NA,NA,NA
"235","CKM20170405","CKM2017040503","AM",".",".","S","D",23,"1","W",-83.0642,29.248,NA,NA,"CK1704018","","",362,83,357,378,444,"EDT",1.2,"B",".",167,"99","99","99","99","99","99","NO",1.2,NA,"",0,NA,NA,0,NA,0,0,0,10,0.2,NA,"",NA,"NO","NO",NA,"CKM17040503",NA,100,0,0,0,NA,NA,NA,NA,NA,NA,NA,"","","","",NA,"",NA,NA,NA,NA,NA,"",NA,38400,20921,NA,NA,NA
"236","CKM20170405","CKM2017040504","AM",".",".","S","D",160,"1","W",-83.087683,29.216066,NA,NA,"CK1704025","","",362,83,357,378,444,"EDT",0.8,"B",".",188,"99","99","99","99","99","99","YES",0.8,NA,"",0,NA,NA,0,NA,0,1,1,30,15,NA,"",NA,"NO","YES",NA,"CKM17040504",NA,100,90,90,0.2,NA,NA,NA,NA,NA,NA,NA,"","","","",NA,"",NA,NA,NA,NA,NA,"",NA,39720,20921,NA,NA,NA
"237","CKM20170405","CKM2017040505","AM",".",".","S","D",160,"1","W",-83.073683,29.212416,NA,NA,"CK1704026","","",362,83,357,378,444,"EDT",1.3,"B",".",189,"99","99","99","99","99","99","NO",0.7,NA,"",101,NA,NA,0,NA,0,3,1,5,20,NA,"",NA,"NO","NO",NA,"CKM17040505",NA,100,0,90,0.4,NA,NA,NA,NA,NA,NA,NA,"","","","",NA,"",NA,NA,NA,NA,NA,"",NA,41520,20921,NA,NA,NA
"238","CKM20170405","CKM2017040506","AM",".",".","S","D",23,"1","W",-83.065633,29.200233,NA,NA,"CK1704019","","",362,83,357,378,444,"EDT",0.7,"B",".",190,"99","99","99","99","99","99","NO",0.6,NA,"",0,NA,NA,0,NA,0,1,0,99,0.1,NA,"",NA,"NO","NO",NA,"CKM17040506",NA,100,0,0,0.1,NA,NA,NA,NA,NA,NA,NA,"","","","",NA,"",NA,NA,NA,NA,NA,"",NA,44580,20921,NA,NA,NA
"239","CKM20170405","CKM2017040507","AM",".",".","S","D",160,"1","W",-83.068183,29.187766,NA,NA,"CK1704027","","",362,83,357,378,444,"EDT",1.1,"B",".",198,"99","99","99","99","99","99","NO",0.8,NA,"",0,NA,NA,0,NA,0,4,0,99,100,NA,"",NA,"NO","YES",NA,"CKM17040507",NA,100,0,0,0.4,NA,NA,NA,NA,NA,NA,NA,"","","","",NA,"",NA,NA,NA,NA,NA,"",NA,45780,20921,NA,NA,NA
"240","CKM20170406","CKM2017040601","AM",".",".","S","B",20,"1","W",-83.181383,29.282583,NA,NA,"CK1704005","","",378,83,111,357,NA,"EDT",0.5,"B",".",137,"99","99","99","99","99","99","YES",0.5,NA,"",0,NA,NA,NA,NA,NA,99,99,99,0,NA,"",NA,"NO","NO",NA,"CKM17040601",NA,NA,0,90,NA,0,NA,NA,NA,NA,NA,NA,"","","","",NA,"",NA,NA,NA,NA,NA,"",NA,36180,20922,NA,NA,NA
"241","CKM20170406","CKM2017040602","AM",".",".","S","B",20,"1","W",-83.147116,29.277166,NA,NA,"CK1704006","","",378,83,111,357,NA,"EDT",0.6,"B",".",139,"99","99","99","99","99","99","NO",0.4,NA,"",0,NA,NA,NA,NA,NA,99,99,99,0,NA,"",NA,"NO","NO",NA,"CKM17040602",NA,NA,0,90,NA,0,NA,NA,NA,NA,NA,NA,"","","","",NA,"",NA,NA,NA,NA,NA,"",NA,36840,20922,NA,NA,NA
"242","CKM20170406","CKM2017040603","AM",".",".","S","B",20,"1","W",-83.120466,29.273216,NA,NA,"CK1704007","","",378,83,111,357,NA,"EDT",0.5,"B",".",140,"99","99","99","99","99","99","YES",0.5,NA,"",0,NA,NA,NA,NA,NA,99,99,99,0,NA,"",NA,"NO","NO",NA,"CKM17040603",NA,NA,90,90,NA,0,NA,NA,NA,NA,NA,NA,"","","","",NA,"",NA,NA,NA,NA,NA,"",NA,37560,20922,NA,NA,NA
"243","CKM20170406","CKM2017040604","AM",".",".","S","B",20,"1","W",-83.1341,29.22475,NA,NA,"CK1704009","","",378,83,111,357,NA,"EDT",0.7,"B",".",174,"99","99","99","99","99","99","YES",0.7,NA,"",0,NA,NA,NA,NA,NA,99,99,99,2,NA,"",NA,"NO","NO",NA,"CKM17040604",NA,NA,0,180,NA,0,NA,NA,NA,NA,NA,NA,"","","","",NA,"",NA,NA,NA,NA,NA,"",NA,38940,20922,NA,NA,NA
"244","CKM20170406","CKM2017040605","AM",".",".","S",".",300,"1","W",-83.126566,29.234183,NA,NA,"CK1704032","","",378,83,111,357,NA,"EDT",2.4,"B",".",163,"99","99","99","99","99","99","NO",0.7,NA,"",0,NA,NA,NA,NA,NA,99,99,99,8,NA,"",NA,"NO","NO",NA,"CKM17040605",NA,NA,0,90,NA,NA,NA,NA,NA,2.4,0.19,253,"","","","",NA,"",NA,NA,NA,NA,NA,"",NA,40620,20922,600,NA,NA
"245","CKM20170406","CKM2017040606","AM",".",".","S",".",300,"1","W",-83.142966,29.26575,NA,NA,"CK1704030","","",378,83,111,357,NA,"EDT",1.8,"B",".",150,"99","99","99","99","99","99","NO",0.8,NA,"",0,NA,NA,NA,NA,NA,99,99,99,2,NA,"",NA,"NO","NO",NA,"CKM17040606",NA,NA,0,90,NA,NA,NA,NA,NA,1.9,0.18,261,"","","","",NA,"",NA,NA,NA,NA,NA,"",NA,42360,20922,600,NA,NA
"246","CKM20170406","CKM2017040607","AM",".",".","S",".",300,"1","W",-83.213083,29.245633,NA,NA,"CK1704031","","",378,83,111,357,NA,"EDT",4.6,"B",".",158,"99","99","99","99","99","99","NO",0.9,NA,"",0,NA,NA,NA,NA,NA,99,99,99,3,NA,"",NA,"NO","NO",NA,"CKM17040607",NA,NA,0,90,NA,NA,NA,NA,NA,4.7,0.18,257,"","","","",NA,"",NA,NA,NA,NA,NA,"",NA,44400,20922,600,NA,NA
"247","CKM20170406","CKM2017040608","AM",".",".","S","B",20,"1","W",-83.18165,29.29125,NA,NA,"CK1704010","","",378,83,111,357,NA,"EDT",0.6,"B","",126,"99","99","99","99","99","99","YES",0.6,NA,"",0,NA,NA,NA,NA,NA,99,99,99,0,NA,"",NA,"NO","NO",NA,"CKM17040608",NA,NA,0,0,NA,0.1,NA,NA,NA,NA,NA,NA,"","","","",NA,"",NA,NA,NA,NA,NA,"",NA,46200,20922,NA,NA,NA
"248","CKM20170407","CKM2017040701","AM",".",".","S",".",300,"1","W",-83.209833,29.300983,NA,NA,"CK1704029","","",398,111,357,362,378,"EDT",3.2,"B",".",115,"99","99","99","99","99","99","NO",1.2,NA,"",0,NA,NA,NA,NA,NA,99,99,99,3,NA,"",NA,"NO","NO",NA,"CKM17040701",NA,NA,0,0,NA,NA,NA,NA,NA,3.1,0.2,46,"","","","",NA,"",NA,NA,NA,NA,NA,"",NA,33960,20923,600,NA,NA
"249","CKM20170407","CKM2017040702","AM",".",".","S",".",300,"1","W",-83.225766,29.342733,NA,NA,"CK1704028","","",398,111,357,362,378,"EDT",2.2,"B",".",96,"99","99","99","99","99","99","NO",1.1,NA,"",0,NA,NA,NA,NA,NA,99,99,99,0.1,NA,"",NA,"NO","NO",NA,"CKM17040702",NA,NA,0,0,NA,NA,NA,NA,NA,2.3,0.21,46,"","","","",NA,"",NA,NA,NA,NA,NA,"",NA,36180,20923,600,NA,NA
"250","CKM20170407","CKM2017040703","AM",".",".","S",".",160,"1","W",-83.191383,29.365666,NA,NA,"CK1704020","","",398,111,357,362,378,"EDT",0.5,"B",".",89,"99","99","99","99","99","99","YES",0.5,NA,"",0,NA,NA,0,NA,0,0,1,2,0,NA,"",NA,"NO","NO",NA,"CKM17040703",NA,100,0,90,0,NA,NA,NA,NA,NA,NA,NA,"","","","",NA,"",NA,NA,NA,NA,NA,"",NA,38580,20923,NA,NA,NA
"251","CKM20170407","CKM2017040704","AM",".",".","S","D",23,"1","W",-83.176283,29.349783,NA,NA,"CK1704011","","",398,111,357,362,378,"EDT",0.5,"B",".",99,"99","99","99","99","99","99","YES",0.5,NA,"",0,NA,NA,0,NA,0,0,0,2,5,NA,"",NA,"NO","NO",NA,"CKM17040704",NA,100,0,90,0,NA,NA,NA,NA,NA,NA,NA,"","","","",NA,"",NA,NA,NA,NA,NA,"",NA,40800,20923,NA,NA,NA
"252","CKM20170407","CKM2017040705","AM",".",".","S","D",160,"1","W",-83.175783,29.328166,NA,NA,"CK1704021","","",398,111,357,362,378,"EDT",1.2,"B",".",108,"99","99","99","99","99","99","NO",0.7,NA,"",0,NA,NA,0,NA,0,0,2,4,5,NA,"",NA,"NO","NO",NA,"CKM17040705",NA,70,0,0,0,NA,NA,NA,NA,NA,NA,NA,"","","","",NA,"",NA,NA,NA,NA,NA,"",NA,41640,20923,NA,NA,NA
"253","CKM20170407","CKM2017040706","AM",".",".","S","D",160,"1","W",-83.165716,29.325416,NA,NA,"CK1704022","","",398,111,357,362,378,"EDT",1.2,"B",".",109,"99","99","99","99","99","99","NO",1,NA,"",0,NA,NA,0,NA,0,1,0,99,0,NA,"",NA,"NO","NO",NA,"CKM17040706",NA,100,0,0,0.2,NA,NA,NA,NA,NA,NA,NA,"","","","",NA,"",NA,NA,NA,NA,NA,"",NA,45000,20923,NA,NA,NA
"254","CKM20170408","CKM2017040801","AM",".",".","S","D",23,"1","W",-83.099683,29.288216,NA,NA,"CK1704015","","",83,357,378,398,444,"EDT",1.5,"B",".",131,"87","87","87","87","87","87","NO",1.4,NA,"",0,NA,NA,0,NA,0,0,0,1,0,NA,"",NA,"NO","NO",NA,"CKM17040801",NA,100,0,0,0.4,NA,NA,NA,NA,NA,NA,NA,"","","","",NA,"",NA,NA,NA,NA,NA,"",NA,36600,20928,NA,NA,NA
"255","CKM20170408","CKM2017040802","AM",".",".","S","D",23,"1","W",-83.103816,29.284316,NA,NA,"CK1704014","","",83,357,378,398,444,"EDT",1.3,"B",".",130,"87","87","87","87","87","87","NO",1,NA,"",0,NA,NA,0,NA,0,0,0,1,0.1,NA,"",NA,"NO","NO",NA,"CKM17040802",NA,100,0,90,0.4,NA,NA,NA,NA,NA,NA,NA,"","","","",NA,"",NA,NA,NA,NA,NA,"",NA,37260,20928,NA,NA,NA
"256","CKM20170408","CKM2017040803","AM",".",".","S","D",23,"1","W",-83.10445,29.2783,NA,NA,"CK1704017","","",83,357,378,398,444,"EDT",1.5,"B",".",141,"87","87","87","87","87","87","NO",1.2,NA,"",0,NA,NA,0,NA,0,0,0,3,0,NA,"",NA,"NO","NO",NA,"CKM17040803",NA,100,0,0,0.1,NA,NA,NA,NA,NA,NA,NA,"","","","",NA,"",NA,NA,NA,NA,NA,"",NA,38040,20928,NA,NA,NA
"257","CKM20170408","CKM2017040804","AM",".",".","S","S",20,"1","W",-83.109966,29.27525,NA,NA,"CK1704004","","",83,357,378,398,444,"EDT",0.9,"B","",141,"87","87","87","87","87","87","YES",0.9,NA,"",0,NA,NA,0,NA,0,0,0,1,0,NA,"",NA,"NO","NO",NA,"CKM17040804",NA,100,0,0,0.4,NA,NA,NA,NA,NA,NA,NA,"","","","",NA,"",NA,NA,NA,NA,NA,"",NA,38820,20928,NA,NA,NA
"258","CKM20170408","CKM2017040805","AM",".",".","S","D",23,"1","W",-83.1207,29.280533,NA,NA,"CK1704016","","",83,357,378,398,444,"EDT",1.2,"B",".",140,"87","87","87","87","87","87","NO",1,NA,"",0,NA,NA,0,NA,0,0,0,1,0,NA,"",NA,"NO","NO",NA,"CKM17040805",NA,100,0,90,0.1,NA,NA,NA,NA,NA,NA,NA,"","","","",NA,"",NA,NA,NA,NA,NA,"",NA,40200,20928,NA,NA,NA
"259","CKM20170408","CKM2017040806","AM",".",".","S","S",20,"1","W",-83.125266,29.277783,NA,NA,"CK1704003","","",83,357,378,398,444,"EDT",0.4,"B",".",140,"87","87","87","87","87","87","YES",0.8,NA,"",0,NA,NA,0,NA,0,0,0,2,0,NA,"",NA,"NO","NO",NA,"CKM17040806",NA,100,0,0,0.4,NA,NA,NA,NA,NA,NA,NA,"","","","",NA,"",NA,NA,NA,NA,NA,"",NA,40740,20928,NA,NA,NA
"260","CKM20170408","CKM2017040807","AM",".",".","S","D",23,"1","W",-83.122016,29.28425,NA,NA,"CK1704012","","",83,357,378,398,444,"EDT",0.5,"B",".",129,"87","87","87","87","87","87","NO",0.4,NA,"",0,NA,NA,0,NA,0,0,0,2,0.5,NA,"",NA,"NO","NO",NA,"CKM17040807",NA,100,0,90,0.3,NA,NA,NA,NA,NA,NA,NA,"","","","",NA,"",NA,NA,NA,NA,NA,"",NA,41640,20928,NA,NA,NA
"261","CKM20170408","CKM2017040808","AM",".",".","S","D",23,"1","W",-83.142466,29.290933,NA,NA,"CK1704013","","",83,357,378,398,444,"EDT",1.2,"B",".",128,"87","87","87","87","87","87","NO",0.7,NA,"",0,NA,NA,0,NA,0,0,0,99,0.1,NA,"",NA,"NO","NO",NA,"CKM17040808",NA,100,0,180,0.5,NA,NA,NA,NA,NA,NA,NA,"","","","",NA,"",NA,NA,NA,NA,NA,"",NA,42840,20928,NA,NA,NA
"262","CKM20170408","CKM2017040809","AM",".",".","S","D",160,"1","W",-83.14415,29.287883,NA,NA,"CK1704023","","",83,357,378,398,444,"EDT",0.8,"B",".",128,"87","87","87","87","87","87","YES",0.8,NA,"",0,NA,NA,0,NA,0,0,0,1,0,NA,"",NA,"NO","NO",NA,"CKM17040809",NA,100,0,0,0.4,NA,NA,NA,NA,NA,NA,NA,"","","","",NA,"",NA,NA,NA,NA,NA,"",NA,43800,20928,NA,NA,NA
"263","CKM20170408","CKM2017040810","AM",".",".","S","S",20,"1","W",-83.152683,29.293666,NA,NA,"CK1704002","","",83,357,378,398,444,"EDT",0.7,"B",".",127,"87","87","87","87","87","87","YES",0.7,NA,"",0,NA,NA,0,NA,0,0,0,62,0,NA,"",NA,"NO","NO",NA,"CKM17040810",NA,100,0,180,0.4,NA,NA,NA,NA,NA,NA,NA,"","","","",NA,"",NA,NA,NA,NA,NA,"",NA,45600,20928,NA,NA,NA
"264","CKM20170408","CKM2017040811","AM",".",".","S","S",20,"1","W",-83.168583,29.289683,NA,NA,"CK1704001","","",83,357,378,398,444,"EDT",0.5,"B",".",126,"87","87","87","87","87","87","YES",0.5,NA,"",0,NA,NA,0,NA,0,0,0,3,0,NA,"",NA,"NO","NO",NA,"CKM17040811",NA,NA,0,90,0.1,NA,NA,NA,NA,NA,NA,NA,"","","","",NA,"",NA,NA,NA,NA,NA,"",NA,46980,20928,NA,NA,NA
