Date,Station,Counter,Transect,Dist_Alng,Dist_frm,Live_Dead,Size,Count
2015-01-21,LC08,Nick Fisch,1,18,2.6,L,19,1
2015-01-21,LC08,Nick Fisch,1,18,2.6,L,24,1
2015-01-21,LC08,Nick Fisch,1,18,2.6,L,30,1
2015-01-21,LC08,Nick Fisch,1,18,2.6,L,25,1
2015-01-21,LC08,Nick Fisch,1,18,2.6,L,23,1
2015-01-21,LC08,Nick Fisch,1,18,2.6,L,19,1
2015-01-21,LC08,Nick Fisch,1,18,2.6,L,29,1
2015-01-21,LC08,Nick Fisch,1,18,2.6,L,28,1
2015-01-21,LC08,Nick Fisch,1,18,2.6,L,24,1
2015-01-21,LC08,Nick Fisch,1,18,2.6,L,23,1
2015-01-21,LC08,Nick Fisch,1,18,2.6,L,43,1
2015-01-21,LC08,Nick Fisch,1,18,2.6,L,23,1
2015-01-21,LC08,Nick Fisch,1,18,2.6,L,26,1
2015-01-21,LC08,Nick Fisch,1,18,2.6,L,25,1
2015-01-21,LC08,Nick Fisch,1,18,2.6,L,19,1
2015-01-21,LC08,Nick Fisch,1,18,2.6,L,26,1
2015-01-21,LC08,Nick Fisch,1,18,2.6,L,18,1
2015-01-21,LC08,Nick Fisch,1,18,2.6,L,22,1
2015-01-21,LC08,Nick Fisch,1,18,2.6,L,20,1
2015-01-21,LC08,Nick Fisch,1,18,2.6,L,40,1
2015-01-21,LC08,Nick Fisch,1,18,2.6,L,25,1
2015-01-21,LC08,Nick Fisch,1,18,2.6,L,23,1
2015-01-21,LC08,Nick Fisch,1,18,2.6,L,25,1
2015-01-21,LC08,Nick Fisch,1,18,2.6,L,26,1
2015-01-21,LC08,Nick Fisch,1,18,2.6,L,18,1
2015-01-21,LC08,Nick Fisch,1,18,2.6,L,25,1
2015-01-21,LC08,Nick Fisch,1,18,2.6,L,27,1
2015-01-21,LC08,Nick Fisch,1,18,2.6,L,41,1
2015-01-21,LC08,Nick Fisch,1,18,2.6,L,23,1
2015-01-21,LC08,Nick Fisch,1,18,2.6,L,17,1
2015-01-21,LC08,Nick Fisch,1,18,2.6,L,22,1
2015-01-21,LC08,Nick Fisch,1,18,2.6,L,30,1
2015-01-21,LC08,Nick Fisch,1,18,2.6,L,22,1
2015-01-21,LC08,Nick Fisch,1,18,2.6,L,22,1
2015-01-21,LC08,Nick Fisch,1,18,2.6,L,22,1
2015-01-21,LC08,Nick Fisch,1,18,2.6,L,51,1
2015-01-21,LC08,Nick Fisch,1,18,2.6,L,29,1
2015-01-21,LC08,Nick Fisch,1,18,2.6,L,11,1
2015-01-21,LC08,Nick Fisch,1,18,2.6,L,9,1
2015-01-21,LC08,Nick Fisch,1,18,2.6,L,31,1
2015-01-21,LC08,Nick Fisch,1,18,2.6,L,20,1
2015-01-21,LC08,Nick Fisch,1,18,2.6,L,20,1
2015-01-21,LC08,Nick Fisch,1,18,2.6,L,21,1
2015-01-21,LC08,Nick Fisch,1,18,2.6,L,20,1
2015-01-21,LC08,Nick Fisch,1,18,2.6,L,22,1
2015-01-21,LC08,Nick Fisch,1,18,2.6,L,22,1
2015-01-21,LC08,Nick Fisch,1,18,2.6,L,23,1
2015-01-21,LC08,Nick Fisch,1,18,2.6,L,37,1
2015-01-21,LC08,Nick Fisch,1,18,2.6,L,29,1
2015-01-21,LC08,Nick Fisch,1,18,2.6,L,23,1
2015-01-21,LC08,Nick Fisch,1,18,2.6,D,NA,8
2015-01-21,LC08,Nick Fisch,2,16,1.2,L,11,1
2015-01-21,LC08,Nick Fisch,2,16,1.2,L,18,1
2015-01-21,LC08,Nick Fisch,2,16,1.2,D,NA,0
2015-01-21,LC08,Nick Fisch,2,17,2.8,L,22,1
2015-01-21,LC08,Nick Fisch,2,17,2.8,L,23,1
2015-01-21,LC08,Nick Fisch,2,17,2.8,L,27,1
2015-01-21,LC08,Nick Fisch,2,17,2.8,L,19,1
2015-01-21,LC08,Nick Fisch,2,17,2.8,L,33,1
2015-01-21,LC08,Nick Fisch,2,17,2.8,L,25,1
2015-01-21,LC08,Nick Fisch,2,17,2.8,L,18,1
2015-01-21,LC08,Nick Fisch,2,17,2.8,L,20,1
2015-01-21,LC08,Nick Fisch,2,17,2.8,L,20,1
2015-01-21,LC08,Nick Fisch,2,17,2.8,L,20,1
2015-01-21,LC08,Nick Fisch,2,17,2.8,L,17,1
2015-01-21,LC08,Nick Fisch,2,17,2.8,L,14,1
2015-01-21,LC08,Nick Fisch,2,17,2.8,L,15,1
2015-01-21,LC08,Nick Fisch,2,17,2.8,L,25,1
2015-01-21,LC08,Nick Fisch,2,17,2.8,L,24,1
2015-01-21,LC08,Nick Fisch,2,17,2.8,L,24,1
2015-01-21,LC08,Nick Fisch,2,17,2.8,L,19,1
2015-01-21,LC08,Nick Fisch,2,17,2.8,L,27,1
2015-01-21,LC08,Nick Fisch,2,17,2.8,L,26,1
2015-01-21,LC08,Nick Fisch,2,17,2.8,L,18,1
2015-01-21,LC08,Nick Fisch,2,17,2.8,L,23,1
2015-01-21,LC08,Nick Fisch,2,17,2.8,L,21,1
2015-01-21,LC08,Nick Fisch,2,17,2.8,L,34,1
2015-01-21,LC08,Nick Fisch,2,17,2.8,L,11,1
2015-01-21,LC08,Nick Fisch,2,17,2.8,L,23,1
2015-01-21,LC08,Nick Fisch,2,17,2.8,L,9,1
2015-01-21,LC08,Nick Fisch,2,17,2.8,L,18,1
2015-01-21,LC08,Nick Fisch,2,17,2.8,L,33,1
2015-01-21,LC08,Nick Fisch,2,17,2.8,L,19,1
2015-01-21,LC08,Nick Fisch,2,17,2.8,L,22,1
2015-01-21,LC08,Nick Fisch,2,17,2.8,L,22,1
2015-01-21,LC08,Nick Fisch,2,17,2.8,L,17,1
2015-01-21,LC08,Nick Fisch,2,17,2.8,L,20,1
2015-01-21,LC08,Nick Fisch,2,17,2.8,L,17,1
2015-01-21,LC08,Nick Fisch,2,17,2.8,L,17,1
2015-01-21,LC08,Nick Fisch,2,17,2.8,L,30,1
2015-01-21,LC08,Nick Fisch,2,17,2.8,L,15,1
2015-01-21,LC08,Nick Fisch,2,17,2.8,L,20,1
2015-01-21,LC08,Nick Fisch,2,17,2.8,L,23,1
2015-01-21,LC08,Nick Fisch,2,17,2.8,L,20,1
2015-01-21,LC08,Nick Fisch,2,17,2.8,L,26,1
2015-01-21,LC08,Nick Fisch,2,17,2.8,L,26,1
2015-01-21,LC08,Nick Fisch,2,17,2.8,L,16,1
2015-01-21,LC08,Nick Fisch,2,17,2.8,L,32,1
2015-01-21,LC08,Nick Fisch,2,17,2.8,L,26,1
2015-01-21,LC08,Nick Fisch,2,17,2.8,L,25,1
2015-01-21,LC08,Nick Fisch,2,17,2.8,L,15,1
2015-01-21,LC08,Nick Fisch,2,17,2.8,L,21,1
2015-01-21,LC08,Nick Fisch,2,17,2.8,D,NA,0
2015-05-16,LC02,Nick Fisch,1,3,1.9,L,24,1
2015-05-16,LC02,Nick Fisch,1,3,1.9,L,34,1
2015-05-16,LC02,Nick Fisch,1,3,1.9,L,22,1
2015-05-16,LC02,Nick Fisch,1,3,1.9,L,20,1
2015-05-16,LC02,Nick Fisch,1,3,1.9,L,30,1
2015-05-16,LC02,Nick Fisch,1,3,1.9,L,28,1
2015-05-16,LC02,Nick Fisch,1,3,1.9,L,74,1
2015-05-16,LC02,Nick Fisch,1,3,1.9,L,60,1
2015-05-16,LC02,Nick Fisch,1,3,1.9,L,27,1
2015-05-16,LC02,Nick Fisch,1,3,1.9,D,NA,0
2015-05-16,LC02,Nick Fisch,1,18,3,L,45,1
2015-05-16,LC02,Nick Fisch,1,18,3,L,27,1
2015-05-16,LC02,Nick Fisch,1,18,3,L,30,1
2015-05-16,LC02,Nick Fisch,1,18,3,L,24,1
2015-05-16,LC02,Nick Fisch,1,18,3,L,27,1
2015-05-16,LC02,Nick Fisch,1,18,3,L,30,1
2015-05-16,LC02,Nick Fisch,1,18,3,L,55,1
2015-05-16,LC02,Nick Fisch,1,18,3,L,35,1
2015-05-16,LC02,Nick Fisch,1,18,3,L,44,1
2015-05-16,LC02,Nick Fisch,1,18,3,L,18,1
2015-05-16,LC02,Nick Fisch,1,18,3,L,60,1
2015-05-16,LC02,Nick Fisch,1,18,3,L,31,1
2015-05-16,LC02,Nick Fisch,1,18,3,D,27,1
2015-05-16,LC02,Nick Fisch,1,19,1.8,L,58,1
2015-05-16,LC02,Nick Fisch,1,19,1.8,L,49,1
2015-05-16,LC02,Nick Fisch,1,19,1.8,L,42,1
2015-05-16,LC02,Nick Fisch,1,19,1.8,L,56,1
2015-05-16,LC02,Nick Fisch,1,19,1.8,L,36,1
2015-05-16,LC02,Nick Fisch,1,19,1.8,L,62,1
2015-05-16,LC02,Nick Fisch,1,19,1.8,L,27,1
2015-05-16,LC02,Nick Fisch,1,19,1.8,L,46,1
2015-05-16,LC02,Nick Fisch,1,19,1.8,L,41,1
2015-05-16,LC02,Nick Fisch,1,19,1.8,L,38,1
2015-05-16,LC02,Nick Fisch,1,19,1.8,L,58,1
2015-05-16,LC02,Nick Fisch,1,19,1.8,D,NA,19
2015-05-16,LC02,Nick Fisch,1,20,1.5,L,38,1
2015-05-16,LC02,Nick Fisch,1,20,1.5,L,58,1
2015-05-16,LC02,Nick Fisch,1,20,1.5,L,18,1
2015-05-16,LC02,Nick Fisch,1,20,1.5,L,30,1
2015-05-16,LC02,Nick Fisch,1,20,1.5,L,39,1
2015-05-16,LC02,Nick Fisch,1,20,1.5,L,37,1
2015-05-16,LC02,Nick Fisch,1,20,1.5,L,35,1
2015-05-16,LC02,Nick Fisch,1,20,1.5,L,40,1
2015-05-16,LC02,Nick Fisch,1,20,1.5,L,27,1
2015-05-16,LC02,Nick Fisch,1,20,1.5,L,30,1
2015-05-16,LC02,Nick Fisch,1,20,1.5,L,27,1
2015-05-16,LC02,Nick Fisch,1,20,1.5,L,20,1
2015-05-16,LC02,Nick Fisch,1,20,1.5,L,40,1
2015-05-16,LC02,Nick Fisch,1,20,1.5,L,26,1
2015-05-16,LC02,Nick Fisch,1,20,1.5,L,25,1
2015-05-16,LC02,Nick Fisch,1,20,1.5,L,42,1
2015-05-16,LC02,Nick Fisch,1,20,1.5,L,46,1
2015-05-16,LC02,Nick Fisch,1,20,1.5,D,NA,0
2015-05-16,LC02,Nick Fisch,2,9,0.3,L,45,1
2015-05-16,LC02,Nick Fisch,2,9,0.3,L,20,1
2015-05-16,LC02,Nick Fisch,2,9,0.3,L,29,1
2015-05-16,LC02,Nick Fisch,2,9,0.3,L,65,1
2015-05-16,LC02,Nick Fisch,2,9,0.3,L,22,1
2015-05-16,LC02,Nick Fisch,2,9,0.3,L,21,1
2015-05-16,LC02,Nick Fisch,2,9,0.3,L,42,1
2015-05-16,LC02,Nick Fisch,2,9,0.3,L,20,1
2015-05-16,LC02,Nick Fisch,2,9,0.3,L,23,1
2015-05-16,LC02,Nick Fisch,2,9,0.3,L,28,1
2015-05-16,LC02,Nick Fisch,2,9,0.3,L,44,1
2015-05-16,LC02,Nick Fisch,2,9,0.3,L,40,1
2015-05-16,LC02,Nick Fisch,2,9,0.3,L,43,1
2015-05-16,LC02,Nick Fisch,2,9,0.3,L,26,1
2015-05-16,LC02,Nick Fisch,2,9,0.3,L,50,1
2015-05-16,LC02,Nick Fisch,2,9,0.3,L,50,1
2015-05-16,LC02,Nick Fisch,2,9,0.3,L,20,1
2015-05-16,LC02,Nick Fisch,2,9,0.3,D,22,1
2015-05-16,LC02,Nick Fisch,2,13,1.7,L,35,1
2015-05-16,LC02,Nick Fisch,2,13,1.7,L,45,1
2015-05-16,LC02,Nick Fisch,2,13,1.7,L,28,1
2015-05-16,LC02,Nick Fisch,2,13,1.7,L,33,1
2015-05-16,LC02,Nick Fisch,2,13,1.7,L,40,1
2015-05-16,LC02,Nick Fisch,2,13,1.7,L,25,1
2015-05-16,LC02,Nick Fisch,2,13,1.7,L,30,1
2015-05-16,LC02,Nick Fisch,2,13,1.7,L,30,1
2015-05-16,LC02,Nick Fisch,2,13,1.7,L,19,1
2015-05-16,LC02,Nick Fisch,2,13,1.7,L,32,1
2015-05-16,LC02,Nick Fisch,2,13,1.7,D,NA,1
2015-05-16,LC02,Nick Fisch,2,14,1.3,L,34,1
2015-05-16,LC02,Nick Fisch,2,14,1.3,L,49,1
2015-05-16,LC02,Nick Fisch,2,14,1.3,L,31,1
2015-05-16,LC02,Nick Fisch,2,14,1.3,L,22,1
2015-05-16,LC02,Nick Fisch,2,14,1.3,L,25,1
2015-05-16,LC02,Nick Fisch,2,14,1.3,L,60,1
2015-05-16,LC02,Nick Fisch,2,14,1.3,L,40,1
2015-05-16,LC02,Nick Fisch,2,14,1.3,L,46,1
2015-05-16,LC02,Nick Fisch,2,14,1.3,L,25,1
2015-05-16,LC02,Nick Fisch,2,14,1.3,L,48,1
2015-05-16,LC02,Nick Fisch,2,14,1.3,L,44,1
2015-05-16,LC02,Nick Fisch,2,14,1.3,L,35,1
2015-05-16,LC02,Nick Fisch,2,14,1.3,L,23,1
2015-05-16,LC02,Nick Fisch,2,14,1.3,L,32,1
2015-05-16,LC02,Nick Fisch,2,14,1.3,L,34,1
2015-05-16,LC02,Nick Fisch,2,14,1.3,L,27,1
2015-05-16,LC02,Nick Fisch,2,14,1.3,L,20,1
2015-05-16,LC02,Nick Fisch,2,14,1.3,L,44,1
2015-05-16,LC02,Nick Fisch,2,14,1.3,L,21,1
2015-05-16,LC02,Nick Fisch,2,14,1.3,L,34,1
2015-05-16,LC02,Nick Fisch,2,14,1.3,L,28,1
2015-05-16,LC02,Nick Fisch,2,14,1.3,L,28,1
2015-05-16,LC02,Nick Fisch,2,14,1.3,D,NA,0
2015-05-16,LC02,Nick Fisch,3,3,2.5,L,48,1
2015-05-16,LC02,Nick Fisch,3,3,2.5,L,51,1
2015-05-16,LC02,Nick Fisch,3,3,2.5,L,67,1
2015-05-16,LC02,Nick Fisch,3,3,2.5,L,28,1
2015-05-16,LC02,Nick Fisch,3,3,2.5,L,38,1
2015-05-16,LC02,Nick Fisch,3,3,2.5,L,26,1
2015-05-16,LC02,Nick Fisch,3,3,2.5,L,32,1
2015-05-16,LC02,Nick Fisch,3,3,2.5,L,47,1
2015-05-16,LC02,Nick Fisch,3,3,2.5,L,19,1
2015-05-16,LC02,Nick Fisch,3,3,2.5,L,47,1
2015-05-16,LC02,Nick Fisch,3,3,2.5,L,49,1
2015-05-16,LC02,Nick Fisch,3,3,2.5,L,41,1
2015-05-16,LC02,Nick Fisch,3,3,2.5,L,35,1
2015-05-16,LC02,Nick Fisch,3,3,2.5,L,30,1
2015-05-16,LC02,Nick Fisch,3,3,2.5,L,49,1
2015-05-16,LC02,Nick Fisch,3,3,2.5,L,50,1
2015-05-16,LC02,Nick Fisch,3,3,2.5,L,52,1
2015-05-16,LC02,Nick Fisch,3,3,2.5,L,25,1
2015-05-16,LC02,Nick Fisch,3,3,2.5,L,25,1
2015-05-16,LC02,Nick Fisch,3,3,2.5,L,28,1
2015-05-16,LC02,Nick Fisch,3,3,2.5,L,24,1
2015-05-16,LC02,Nick Fisch,3,3,2.5,L,33,1
2015-05-16,LC02,Nick Fisch,3,3,2.5,L,23,1
2015-05-16,LC02,Nick Fisch,3,3,2.5,L,40,1
2015-05-16,LC02,Nick Fisch,3,3,2.5,L,29,1
2015-05-16,LC02,Nick Fisch,3,3,2.5,L,31,1
2015-05-16,LC02,Nick Fisch,3,3,2.5,L,29,1
2015-05-16,LC02,Nick Fisch,3,3,2.5,L,20,1
2015-05-16,LC02,Nick Fisch,3,3,2.5,L,33,1
2015-05-16,LC02,Nick Fisch,3,3,2.5,L,41,1
2015-05-16,LC02,Nick Fisch,3,3,2.5,L,18,1
2015-05-16,LC02,Nick Fisch,3,3,2.5,L,35,1
2015-05-16,LC02,Nick Fisch,3,3,2.5,L,28,1
2015-05-16,LC02,Nick Fisch,3,3,2.5,D,NA,0
2015-05-16,LC02,Nick Fisch,3,7,4,L,34,1
2015-05-16,LC02,Nick Fisch,3,7,4,L,18,1
2015-05-16,LC02,Nick Fisch,3,7,4,L,28,1
2015-05-16,LC02,Nick Fisch,3,7,4,L,34,1
2015-05-16,LC02,Nick Fisch,3,7,4,L,32,1
2015-05-16,LC02,Nick Fisch,3,7,4,L,35,1
2015-05-16,LC02,Nick Fisch,3,7,4,L,25,1
2015-05-16,LC02,Nick Fisch,3,7,4,L,30,1
2015-05-16,LC02,Nick Fisch,3,7,4,L,32,1
2015-05-16,LC02,Nick Fisch,3,7,4,D,NA,0
2015-05-16,LC02,Nick Fisch,3,9,2,L,28,1
2015-05-16,LC02,Nick Fisch,3,9,2,L,27,1
2015-05-16,LC02,Nick Fisch,3,9,2,L,33,1
2015-05-16,LC02,Nick Fisch,3,9,2,L,28,1
2015-05-16,LC02,Nick Fisch,3,9,2,D,NA,29
2015-05-16,LC02,Nick Fisch,3,16,3.5,L,NA,0
2015-05-16,LC02,Nick Fisch,3,16,3.5,D,NA,0
2015-05-16,LC02,Nick Fisch,3,17,0.1,L,29,1
2015-05-16,LC02,Nick Fisch,3,17,0.1,L,36,1
2015-05-16,LC02,Nick Fisch,3,17,0.1,L,28,1
2015-05-16,LC02,Nick Fisch,3,17,0.1,L,23,1
2015-05-16,LC02,Nick Fisch,3,17,0.1,L,16,1
2015-05-16,LC02,Nick Fisch,3,17,0.1,D,NA,0
2015-05-16,LC02,Nick Fisch,3,21,0.4,D,22,1
2015-05-16,LC02,Nick Fisch,3,21,0.4,L,NA,0
2015-05-16,LC03,Nick Fisch,1,0,4,L,27,1
2015-05-16,LC03,Nick Fisch,1,0,4,D,NA,0
2015-05-16,LC03,Nick Fisch,1,2,1.5,L,37,1
2015-05-16,LC03,Nick Fisch,1,2,1.5,D,NA,0
2015-05-16,LC03,Nick Fisch,1,5,0.1,L,22,1
2015-05-16,LC03,Nick Fisch,1,5,0.1,D,NA,0
2015-05-16,LC03,Nick Fisch,1,5,0.5,L,47,1
2015-05-16,LC03,Nick Fisch,1,5,0.5,D,NA,0
2015-05-16,LC03,Nick Fisch,1,5,2.5,L,NA,0
2015-05-16,LC03,Nick Fisch,1,5,2.5,D,NA,0
2015-05-16,LC03,Nick Fisch,1,6,0.1,L,NA,0
2015-05-16,LC03,Nick Fisch,1,6,0.1,D,NA,0
2015-05-16,LC03,Nick Fisch,1,7,2.5,L,32,1
2015-05-16,LC03,Nick Fisch,1,7,2.5,L,40,1
2015-05-16,LC03,Nick Fisch,1,7,2.5,L,32,1
2015-05-16,LC03,Nick Fisch,1,7,2.5,D,NA,0
2015-05-16,LC03,Nick Fisch,1,9,0.7,L,NA,0
2015-05-16,LC03,Nick Fisch,1,9,0.7,D,NA,0
2015-05-16,LC03,Nick Fisch,1,9,1.8,L,NA,0
2015-05-16,LC03,Nick Fisch,1,9,1.8,D,NA,0
2015-05-16,LC03,Nick Fisch,1,9,3.3,D,69,1
2015-05-16,LC03,Nick Fisch,1,9,3.3,L,NA,0
2015-05-16,LC03,Nick Fisch,1,9,4,L,NA,0
2015-05-16,LC03,Nick Fisch,1,9,4,D,NA,0
2015-05-16,LC03,Nick Fisch,1,11,1.7,L,32,1
2015-05-16,LC03,Nick Fisch,1,11,1.7,L,22,1
2015-05-16,LC03,Nick Fisch,1,11,1.7,D,NA,0
2015-05-16,LC03,Nick Fisch,1,13,1.1,L,NA,0
2015-05-16,LC03,Nick Fisch,1,13,1.1,D,NA,0
2015-05-16,LC03,Nick Fisch,1,13,2,L,22,1
2015-05-16,LC03,Nick Fisch,1,13,2,L,15,1
2015-05-16,LC03,Nick Fisch,1,13,2,D,NA,0
2015-05-16,LC03,Nick Fisch,1,17,1.8,L,38,1
2015-05-16,LC03,Nick Fisch,1,17,1.8,L,37,1
2015-05-16,LC03,Nick Fisch,1,17,1.8,L,31,1
2015-05-16,LC03,Nick Fisch,1,17,1.8,D,NA,0
2015-05-16,LC03,Nick Fisch,1,18,0.1,L,19,1
2015-05-16,LC03,Nick Fisch,1,18,0.1,L,21,1
2015-05-16,LC03,Nick Fisch,1,18,0.1,L,18,1
2015-05-16,LC03,Nick Fisch,1,18,0.1,L,26,1
2015-05-16,LC03,Nick Fisch,1,18,0.1,L,20,1
2015-05-16,LC03,Nick Fisch,1,18,0.1,D,NA,0
2015-05-16,LC03,Nick Fisch,1,18,3.7,L,NA,0
2015-05-16,LC03,Nick Fisch,1,18,3.7,D,NA,0
2015-05-16,LC03,Nick Fisch,1,20,1.9,L,29,1
2015-05-16,LC03,Nick Fisch,1,20,1.9,D,NA,0
2015-05-16,LC03,Nick Fisch,1,21,0.5,L,31,1
2015-05-16,LC03,Nick Fisch,1,21,0.5,L,29,1
2015-05-16,LC03,Nick Fisch,1,21,0.5,L,18,1
2015-05-16,LC03,Nick Fisch,1,21,0.5,L,26,1
2015-05-16,LC03,Nick Fisch,1,21,0.5,L,30,1
2015-05-16,LC03,Nick Fisch,1,21,0.5,L,54,1
2015-05-16,LC03,Nick Fisch,1,21,0.5,D,18,1
2015-05-16,LC03,Nick Fisch,1,21,3.8,D,58,1
2015-05-16,LC03,Nick Fisch,1,21,3.8,L,NA,0
2015-05-16,LC03,Nick Fisch,2,0,0,L,NA,0
2015-05-16,LC03,Nick Fisch,2,0,0,D,NA,0
2015-05-16,LC03,Nick Fisch,2,0,2.9,L,33,1
2015-05-16,LC03,Nick Fisch,2,0,2.9,L,35,1
2015-05-16,LC03,Nick Fisch,2,0,2.9,L,30,1
2015-05-16,LC03,Nick Fisch,2,0,2.9,L,35,1
2015-05-16,LC03,Nick Fisch,2,0,2.9,L,55,1
2015-05-16,LC03,Nick Fisch,2,0,2.9,L,53,1
2015-05-16,LC03,Nick Fisch,2,0,2.9,D,NA,0
2015-05-16,LC03,Nick Fisch,2,3,2.1,L,38,1
2015-05-16,LC03,Nick Fisch,2,3,2.1,L,37,1
2015-05-16,LC03,Nick Fisch,2,3,2.1,D,NA,0
2015-05-16,LC03,Nick Fisch,2,5,2.2,L,21,1
2015-05-16,LC03,Nick Fisch,2,5,2.2,D,28,1
2015-05-16,LC03,Nick Fisch,2,5,2.2,L,NA,45
2015-05-16,LC03,Nick Fisch,2,7,2.2,L,32,1
2015-05-16,LC03,Nick Fisch,2,7,2.2,L,26,1
2015-05-16,LC03,Nick Fisch,2,7,2.2,L,23,1
2015-05-16,LC03,Nick Fisch,2,7,2.2,D,NA,0
2015-05-16,LC03,Nick Fisch,2,9,0.2,L,25,1
2015-05-16,LC03,Nick Fisch,2,9,0.2,L,20,1
2015-05-16,LC03,Nick Fisch,2,9,0.2,L,27,1
2015-05-16,LC03,Nick Fisch,2,9,0.2,D,NA,0
2015-05-16,LC03,Nick Fisch,2,10,4,L,24,1
2015-05-16,LC03,Nick Fisch,2,10,4,L,55,1
2015-05-16,LC03,Nick Fisch,2,10,4,L,34,1
2015-05-16,LC03,Nick Fisch,2,10,4,L,34,1
2015-05-16,LC03,Nick Fisch,2,10,4,D,47,1
2015-05-16,LC03,Nick Fisch,2,10,4,L,NA,40
2015-05-16,LC03,Nick Fisch,2,13,0.1,L,34,1
2015-05-16,LC03,Nick Fisch,2,13,0.1,L,33,1
2015-05-16,LC03,Nick Fisch,2,13,0.1,D,34,1
2015-05-16,LC03,Nick Fisch,2,13,0.1,L,NA,20
2015-05-16,LC03,Nick Fisch,2,15,1.5,L,21,1
2015-05-16,LC03,Nick Fisch,2,15,1.5,L,51,1
2015-05-16,LC03,Nick Fisch,2,15,1.5,L,27,1
2015-05-16,LC03,Nick Fisch,2,15,1.5,L,27,1
2015-05-16,LC03,Nick Fisch,2,15,1.5,L,25,1
2015-05-16,LC03,Nick Fisch,2,15,1.5,D,NA,0
2015-05-16,LC03,Nick Fisch,2,16,3.5,L,26,1
2015-05-16,LC03,Nick Fisch,2,16,3.5,L,30,1
2015-05-16,LC03,Nick Fisch,2,16,3.5,L,20,1
2015-05-16,LC03,Nick Fisch,2,16,3.5,L,32,1
2015-05-16,LC03,Nick Fisch,2,16,3.5,D,NA,1
2015-05-16,LC03,Nick Fisch,2,17,4,L,23,1
2015-05-16,LC03,Nick Fisch,2,17,4,D,NA,0
2015-05-16,LC03,Nick Fisch,2,18,3.8,L,23,1
2015-05-16,LC03,Nick Fisch,2,18,3.8,L,20,1
2015-05-16,LC03,Nick Fisch,2,18,3.8,L,31,1
2015-05-16,LC03,Nick Fisch,2,18,3.8,D,24,1
2015-05-16,LC03,Nick Fisch,2,19,1.9,L,44,1
2015-05-16,LC03,Nick Fisch,2,19,1.9,L,24,1
2015-05-16,LC03,Nick Fisch,2,19,1.9,D,NA,0
2015-05-16,LC03,Nick Fisch,2,20,2.5,L,18,1
2015-05-16,LC03,Nick Fisch,2,20,2.5,D,25,1
2015-05-16,LC03,Nick Fisch,2,20,2.5,D,28,1
2015-05-16,LC03,Nick Fisch,2,20,2.5,L,NA,59
2015-05-16,LC03,Nick Fisch,3,2,0.5,L,24,1
2015-05-16,LC03,Nick Fisch,3,2,0.5,L,22,1
2015-05-16,LC03,Nick Fisch,3,2,0.5,D,NA,0
2015-05-16,LC03,Nick Fisch,3,3,0.1,L,30,1
2015-05-16,LC03,Nick Fisch,3,3,0.1,D,55,1
2015-05-16,LC03,Nick Fisch,3,3,0.1,L,NA,65
2015-05-16,LC03,Nick Fisch,3,3,3.4,L,44,1
2015-05-16,LC03,Nick Fisch,3,3,3.4,L,20,1
2015-05-16,LC03,Nick Fisch,3,3,3.4,L,38,1
2015-05-16,LC03,Nick Fisch,3,3,3.4,L,23,1
2015-05-16,LC03,Nick Fisch,3,3,3.4,L,15,1
2015-05-16,LC03,Nick Fisch,3,3,3.4,D,NA,0
2015-05-16,LC03,Nick Fisch,3,8,3.1,L,25,1
2015-05-16,LC03,Nick Fisch,3,8,3.1,D,NA,0
2015-05-16,LC03,Nick Fisch,3,9,3,D,18,1
2015-05-16,LC03,Nick Fisch,3,9,3,L,NA,0
2015-05-16,LC03,Nick Fisch,3,10,3.9,L,24,1
2015-05-16,LC03,Nick Fisch,3,10,3.9,L,31,1
2015-05-16,LC03,Nick Fisch,3,10,3.9,L,26,1
2015-05-16,LC03,Nick Fisch,3,10,3.9,L,20,1
2015-05-16,LC03,Nick Fisch,3,10,3.9,L,26,1
2015-05-16,LC03,Nick Fisch,3,10,3.9,D,NA,0
2015-05-16,LC03,Nick Fisch,3,11,3.2,L,21,1
2015-05-16,LC03,Nick Fisch,3,11,3.2,L,44,1
2015-05-16,LC03,Nick Fisch,3,11,3.2,D,20,1
2015-05-16,LC03,Nick Fisch,3,11,3.8,L,40,1
2015-05-16,LC03,Nick Fisch,3,11,3.8,D,NA,8
2015-05-16,LC03,Nick Fisch,3,12,3.7,L,34,1
2015-05-16,LC03,Nick Fisch,3,12,3.7,L,52,1
2015-05-16,LC03,Nick Fisch,3,12,3.7,L,63,1
2015-05-16,LC03,Nick Fisch,3,12,3.7,L,40,1
2015-05-16,LC03,Nick Fisch,3,12,3.7,L,31,1
2015-05-16,LC03,Nick Fisch,3,12,3.7,D,40,1
2015-05-16,LC03,Nick Fisch,3,12,3.7,L,NA,59
2015-05-16,LC03,Nick Fisch,3,12,3.9,L,30,1
2015-05-16,LC03,Nick Fisch,3,12,3.9,L,25,1
2015-05-16,LC03,Nick Fisch,3,12,3.9,L,20,1
2015-05-16,LC03,Nick Fisch,3,12,3.9,L,19,1
2015-05-16,LC03,Nick Fisch,3,12,3.9,D,34,1
2015-05-16,LC03,Nick Fisch,3,12,3.9,L,NA,23
2015-05-16,LC03,Nick Fisch,3,14,0.1,L,28,1
2015-05-16,LC03,Nick Fisch,3,14,0.1,D,NA,0
2015-05-16,LC03,Nick Fisch,3,14,1.5,L,31,1
2015-05-16,LC03,Nick Fisch,3,14,1.5,L,24,1
2015-05-16,LC03,Nick Fisch,3,14,1.5,L,22,1
2015-05-16,LC03,Nick Fisch,3,14,1.5,D,19,1
2015-05-16,LC03,Nick Fisch,3,14,1.5,L,NA,57
2015-05-16,LC03,Nick Fisch,3,15,3.6,L,22,1
2015-05-16,LC03,Nick Fisch,3,15,3.6,L,16,1
2015-05-16,LC03,Nick Fisch,3,15,3.6,L,34,1
2015-05-16,LC03,Nick Fisch,3,15,3.6,L,23,1
2015-05-16,LC03,Nick Fisch,3,15,3.6,L,31,1
2015-05-16,LC03,Nick Fisch,3,15,3.6,L,31,1
2015-05-16,LC03,Nick Fisch,3,15,3.6,D,NA,0
2015-05-16,LC03,Nick Fisch,3,16,1.9,L,18,1
2015-05-16,LC03,Nick Fisch,3,16,1.9,D,25,1
2015-05-16,LC03,Nick Fisch,3,16,1.9,L,NA,26
2015-05-16,LC03,Nick Fisch,3,17,0.8,L,NA,0
2015-05-16,LC03,Nick Fisch,3,17,0.8,D,NA,0
2015-05-16,LC03,Nick Fisch,3,18,0.3,L,NA,0
2015-05-16,LC03,Nick Fisch,3,18,0.3,D,NA,0
2015-05-16,LC03,Nick Fisch,3,19,1.8,L,NA,0
2015-05-16,LC03,Nick Fisch,3,19,1.8,D,NA,0
2015-05-16,LC03,Nick Fisch,3,19,3.7,L,NA,0
2015-05-16,LC03,Nick Fisch,3,19,3.7,D,NA,0
2015-05-17,LC01,Nick Fisch,1,2,1.5,L,35,1
2015-05-17,LC01,Nick Fisch,1,2,1.5,L,24,1
2015-05-17,LC01,Nick Fisch,1,2,1.5,L,38,1
2015-05-17,LC01,Nick Fisch,1,2,1.5,L,22,1
2015-05-17,LC01,Nick Fisch,1,2,1.5,L,28,1
2015-05-17,LC01,Nick Fisch,1,2,1.5,L,24,1
2015-05-17,LC01,Nick Fisch,1,2,1.5,L,20,1
2015-05-17,LC01,Nick Fisch,1,2,1.5,L,34,1
2015-05-17,LC01,Nick Fisch,1,2,1.5,L,32,1
2015-05-17,LC01,Nick Fisch,1,2,1.5,L,35,1
2015-05-17,LC01,Nick Fisch,1,2,1.5,L,32,1
2015-05-17,LC01,Nick Fisch,1,2,1.5,L,24,1
2015-05-17,LC01,Nick Fisch,1,2,1.5,L,28,1
2015-05-17,LC01,Nick Fisch,1,2,1.5,L,56,1
2015-05-17,LC01,Nick Fisch,1,2,1.5,L,18,1
2015-05-17,LC01,Nick Fisch,1,2,1.5,L,30,1
2015-05-17,LC01,Nick Fisch,1,2,1.5,L,33,1
2015-05-17,LC01,Nick Fisch,1,2,1.5,L,34,1
2015-05-17,LC01,Nick Fisch,1,2,1.5,L,44,1
2015-05-17,LC01,Nick Fisch,1,2,1.5,L,22,1
2015-05-17,LC01,Nick Fisch,1,2,1.5,L,25,1
2015-05-17,LC01,Nick Fisch,1,2,1.5,L,35,1
2015-05-17,LC01,Nick Fisch,1,2,1.5,L,30,1
2015-05-17,LC01,Nick Fisch,1,2,1.5,L,25,1
2015-05-17,LC01,Nick Fisch,1,2,1.5,L,24,1
2015-05-17,LC01,Nick Fisch,1,2,1.5,L,31,1
2015-05-17,LC01,Nick Fisch,1,2,1.5,L,30,1
2015-05-17,LC01,Nick Fisch,1,2,1.5,L,40,1
2015-05-17,LC01,Nick Fisch,1,2,1.5,L,35,1
2015-05-17,LC01,Nick Fisch,1,2,1.5,D,NA,5
2015-05-17,LC01,Nick Fisch,1,9,0.7,L,49,1
2015-05-17,LC01,Nick Fisch,1,9,0.7,L,49,1
2015-05-17,LC01,Nick Fisch,1,9,0.7,L,35,1
2015-05-17,LC01,Nick Fisch,1,9,0.7,L,24,1
2015-05-17,LC01,Nick Fisch,1,9,0.7,L,40,1
2015-05-17,LC01,Nick Fisch,1,9,0.7,L,32,1
2015-05-17,LC01,Nick Fisch,1,9,0.7,L,32,1
2015-05-17,LC01,Nick Fisch,1,9,0.7,L,41,1
2015-05-17,LC01,Nick Fisch,1,9,0.7,L,28,1
2015-05-17,LC01,Nick Fisch,1,9,0.7,L,25,1
2015-05-17,LC01,Nick Fisch,1,9,0.7,L,40,1
2015-05-17,LC01,Nick Fisch,1,9,0.7,L,26,1
2015-05-17,LC01,Nick Fisch,1,9,0.7,L,22,1
2015-05-17,LC01,Nick Fisch,1,9,0.7,L,40,1
2015-05-17,LC01,Nick Fisch,1,9,0.7,L,23,1
2015-05-17,LC01,Nick Fisch,1,9,0.7,D,NA,0
2015-05-17,LC01,Nick Fisch,1,20,1.9,L,51,1
2015-05-17,LC01,Nick Fisch,1,20,1.9,L,29,1
2015-05-17,LC01,Nick Fisch,1,20,1.9,L,60,1
2015-05-17,LC01,Nick Fisch,1,20,1.9,L,43,1
2015-05-17,LC01,Nick Fisch,1,20,1.9,L,31,1
2015-05-17,LC01,Nick Fisch,1,20,1.9,L,29,1
2015-05-17,LC01,Nick Fisch,1,20,1.9,L,32,1
2015-05-17,LC01,Nick Fisch,1,20,1.9,L,28,1
2015-05-17,LC01,Nick Fisch,1,20,1.9,L,40,1
2015-05-17,LC01,Nick Fisch,1,20,1.9,L,30,1
2015-05-17,LC01,Nick Fisch,1,20,1.9,D,NA,0
2015-05-17,LC01,Nick Fisch,2,0,4,L,NA,0
2015-05-17,LC01,Nick Fisch,2,0,4,D,NA,0
2015-05-17,LC01,Nick Fisch,2,9,1.8,L,72,1
2015-05-17,LC01,Nick Fisch,2,9,1.8,L,34,1
2015-05-17,LC01,Nick Fisch,2,9,1.8,L,31,1
2015-05-17,LC01,Nick Fisch,2,9,1.8,L,45,1
2015-05-17,LC01,Nick Fisch,2,9,1.8,L,26,1
2015-05-17,LC01,Nick Fisch,2,9,1.8,L,36,1
2015-05-17,LC01,Nick Fisch,2,9,1.8,L,60,1
2015-05-17,LC01,Nick Fisch,2,9,1.8,L,32,1
2015-05-17,LC01,Nick Fisch,2,9,1.8,L,49,1
2015-05-17,LC01,Nick Fisch,2,9,1.8,L,36,1
2015-05-17,LC01,Nick Fisch,2,9,1.8,L,66,1
2015-05-17,LC01,Nick Fisch,2,9,1.8,L,25,1
2015-05-17,LC01,Nick Fisch,2,9,1.8,L,50,1
2015-05-17,LC01,Nick Fisch,2,9,1.8,L,33,1
2015-05-17,LC01,Nick Fisch,2,9,1.8,L,61,1
2015-05-17,LC01,Nick Fisch,2,9,1.8,L,51,1
2015-05-17,LC01,Nick Fisch,2,9,1.8,L,40,1
2015-05-17,LC01,Nick Fisch,2,9,1.8,L,39,1
2015-05-17,LC01,Nick Fisch,2,9,1.8,L,59,1
2015-05-17,LC01,Nick Fisch,2,9,1.8,L,50,1
2015-05-17,LC01,Nick Fisch,2,9,1.8,L,54,1
2015-05-17,LC01,Nick Fisch,2,9,1.8,L,59,1
2015-05-17,LC01,Nick Fisch,2,9,1.8,L,58,1
2015-05-17,LC01,Nick Fisch,2,9,1.8,L,46,1
2015-05-17,LC01,Nick Fisch,2,9,1.8,L,27,1
2015-05-17,LC01,Nick Fisch,2,9,1.8,D,NA,11
2015-05-17,LC01,Nick Fisch,2,13,2,L,30,1
2015-05-17,LC01,Nick Fisch,2,13,2,L,50,1
2015-05-17,LC01,Nick Fisch,2,13,2,L,46,1
2015-05-17,LC01,Nick Fisch,2,13,2,L,43,1
2015-05-17,LC01,Nick Fisch,2,13,2,L,36,1
2015-05-17,LC01,Nick Fisch,2,13,2,L,28,1
2015-05-17,LC01,Nick Fisch,2,13,2,L,22,1
2015-05-17,LC01,Nick Fisch,2,13,2,L,27,1
2015-05-17,LC01,Nick Fisch,2,13,2,L,38,1
2015-05-17,LC01,Nick Fisch,2,13,2,L,27,1
2015-05-17,LC01,Nick Fisch,2,13,2,L,37,1
2015-05-17,LC01,Nick Fisch,2,13,2,L,52,1
2015-05-17,LC01,Nick Fisch,2,13,2,L,24,1
2015-05-17,LC01,Nick Fisch,2,13,2,L,38,1
2015-05-17,LC01,Nick Fisch,2,13,2,L,42,1
2015-05-17,LC01,Nick Fisch,2,13,2,L,19,1
2015-05-17,LC01,Nick Fisch,2,13,2,L,23,1
2015-05-17,LC01,Nick Fisch,2,13,2,L,40,1
2015-05-17,LC01,Nick Fisch,2,13,2,L,24,1
2015-05-17,LC01,Nick Fisch,2,13,2,L,34,1
2015-05-17,LC01,Nick Fisch,2,13,2,L,22,1
2015-05-17,LC01,Nick Fisch,2,13,2,L,33,1
2015-05-17,LC01,Nick Fisch,2,13,2,L,28,1
2015-05-17,LC01,Nick Fisch,2,13,2,L,42,1
2015-05-17,LC01,Nick Fisch,2,13,2,L,29,1
2015-05-17,LC01,Nick Fisch,2,13,2,D,NA,0
2015-05-17,LC01,Nick Fisch,3,5,1,L,32,1
2015-05-17,LC01,Nick Fisch,3,5,1,L,20,1
2015-05-17,LC01,Nick Fisch,3,5,1,L,47,1
2015-05-17,LC01,Nick Fisch,3,5,1,L,36,1
2015-05-17,LC01,Nick Fisch,3,5,1,L,31,1
2015-05-17,LC01,Nick Fisch,3,5,1,L,24,1
2015-05-17,LC01,Nick Fisch,3,5,1,L,16,1
2015-05-17,LC01,Nick Fisch,3,5,1,D,NA,9
2015-05-17,LC01,Nick Fisch,3,5,2.5,L,59,1
2015-05-17,LC01,Nick Fisch,3,5,2.5,L,49,1
2015-05-17,LC01,Nick Fisch,3,5,2.5,L,65,1
2015-05-17,LC01,Nick Fisch,3,5,2.5,L,40,1
2015-05-17,LC01,Nick Fisch,3,5,2.5,L,60,1
2015-05-17,LC01,Nick Fisch,3,5,2.5,L,42,1
2015-05-17,LC01,Nick Fisch,3,5,2.5,L,60,1
2015-05-17,LC01,Nick Fisch,3,5,2.5,L,47,1
2015-05-17,LC01,Nick Fisch,3,5,2.5,L,50,1
2015-05-17,LC01,Nick Fisch,3,5,2.5,L,35,1
2015-05-17,LC01,Nick Fisch,3,5,2.5,L,44,1
2015-05-17,LC01,Nick Fisch,3,5,2.5,L,46,1
2015-05-17,LC01,Nick Fisch,3,5,2.5,D,NA,0
2015-05-17,LC01,Nick Fisch,3,7,2.5,L,52,1
2015-05-17,LC01,Nick Fisch,3,7,2.5,L,44,1
2015-05-17,LC01,Nick Fisch,3,7,2.5,L,47,1
2015-05-17,LC01,Nick Fisch,3,7,2.5,L,36,1
2015-05-17,LC01,Nick Fisch,3,7,2.5,L,35,1
2015-05-17,LC01,Nick Fisch,3,7,2.5,L,59,1
2015-05-17,LC01,Nick Fisch,3,7,2.5,L,63,1
2015-05-17,LC01,Nick Fisch,3,7,2.5,L,25,1
2015-05-17,LC01,Nick Fisch,3,7,2.5,L,40,1
2015-05-17,LC01,Nick Fisch,3,7,2.5,L,22,1
2015-05-17,LC01,Nick Fisch,3,7,2.5,L,34,1
2015-05-17,LC01,Nick Fisch,3,7,2.5,L,39,1
2015-05-17,LC01,Nick Fisch,3,7,2.5,L,62,1
2015-05-17,LC01,Nick Fisch,3,7,2.5,L,39,1
2015-05-17,LC01,Nick Fisch,3,7,2.5,L,33,1
2015-05-17,LC01,Nick Fisch,3,7,2.5,L,78,1
2015-05-17,LC01,Nick Fisch,3,7,2.5,L,43,1
2015-05-17,LC01,Nick Fisch,3,7,2.5,L,81,1
2015-05-17,LC01,Nick Fisch,3,7,2.5,L,59,1
2015-05-17,LC01,Nick Fisch,3,7,2.5,L,29,1
2015-05-17,LC01,Nick Fisch,3,7,2.5,L,62,1
2015-05-17,LC01,Nick Fisch,3,7,2.5,L,38,1
2015-05-17,LC01,Nick Fisch,3,7,2.5,L,52,1
2015-05-17,LC01,Nick Fisch,3,7,2.5,L,88,1
2015-05-17,LC01,Nick Fisch,3,7,2.5,L,42,1
2015-05-17,LC01,Nick Fisch,3,7,2.5,L,63,1
2015-05-17,LC01,Nick Fisch,3,7,2.5,L,86,1
2015-05-17,LC01,Nick Fisch,3,7,2.5,L,34,1
2015-05-17,LC01,Nick Fisch,3,7,2.5,L,52,1
2015-05-17,LC01,Nick Fisch,3,7,2.5,D,40,1
2015-05-17,LC01,Nick Fisch,3,7,2.5,D,43,1
2015-05-17,LC04,Nick Fisch,1,1,1.6,L,29,1
2015-05-17,LC04,Nick Fisch,1,1,1.6,L,20,1
2015-05-17,LC04,Nick Fisch,1,1,1.6,D,NA,0
2015-05-17,LC04,Nick Fisch,1,2,2.4,L,33,1
2015-05-17,LC04,Nick Fisch,1,2,2.4,L,21,1
2015-05-17,LC04,Nick Fisch,1,2,2.4,L,34,1
2015-05-17,LC04,Nick Fisch,1,2,2.4,L,36,1
2015-05-17,LC04,Nick Fisch,1,2,2.4,L,21,1
2015-05-17,LC04,Nick Fisch,1,2,2.4,L,32,1
2015-05-17,LC04,Nick Fisch,1,2,2.4,L,30,1
2015-05-17,LC04,Nick Fisch,1,2,2.4,D,NA,0
2015-05-17,LC04,Nick Fisch,1,3,0.6,L,24,1
2015-05-17,LC04,Nick Fisch,1,3,0.6,L,18,1
2015-05-17,LC04,Nick Fisch,1,3,0.6,D,NA,0
2015-05-17,LC04,Nick Fisch,1,3,0.8,L,20,1
2015-05-17,LC04,Nick Fisch,1,3,0.8,L,8,1
2015-05-17,LC04,Nick Fisch,1,3,0.8,D,NA,0
2015-05-17,LC04,Nick Fisch,1,5,2.6,L,19,1
2015-05-17,LC04,Nick Fisch,1,5,2.6,L,19,1
2015-05-17,LC04,Nick Fisch,1,5,2.6,D,NA,2
2015-05-17,LC04,Nick Fisch,1,11,0.5,L,25,1
2015-05-17,LC04,Nick Fisch,1,11,0.5,D,13,1
2015-05-17,LC04,Nick Fisch,1,11,3.2,L,19,1
2015-05-17,LC04,Nick Fisch,1,11,3.2,L,17,1
2015-05-17,LC04,Nick Fisch,1,11,3.2,L,22,1
2015-05-17,LC04,Nick Fisch,1,11,3.2,L,15,1
2015-05-17,LC04,Nick Fisch,1,11,3.2,D,64,1
2015-05-17,LC04,Nick Fisch,1,11,3.9,L,26,1
2015-05-17,LC04,Nick Fisch,1,11,3.9,L,21,1
2015-05-17,LC04,Nick Fisch,1,11,3.9,L,25,1
2015-05-17,LC04,Nick Fisch,1,11,3.9,L,28,1
2015-05-17,LC04,Nick Fisch,1,11,3.9,L,29,1
2015-05-17,LC04,Nick Fisch,1,11,3.9,D,NA,0
2015-05-17,LC04,Nick Fisch,1,14,0.5,L,26,1
2015-05-17,LC04,Nick Fisch,1,14,0.5,L,30,1
2015-05-17,LC04,Nick Fisch,1,14,0.5,L,35,1
2015-05-17,LC04,Nick Fisch,1,14,0.5,D,62,1
2015-05-17,LC04,Nick Fisch,1,14,0.5,L,NA,26
2015-05-17,LC04,Nick Fisch,1,15,3.7,L,28,1
2015-05-17,LC04,Nick Fisch,1,15,3.7,L,23,1
2015-05-17,LC04,Nick Fisch,1,15,3.7,L,20,1
2015-05-17,LC04,Nick Fisch,1,15,3.7,L,21,1
2015-05-17,LC04,Nick Fisch,1,15,3.7,D,24,1
2015-05-17,LC04,Nick Fisch,1,18,0.4,L,32,1
2015-05-17,LC04,Nick Fisch,1,18,0.4,L,25,1
2015-05-17,LC04,Nick Fisch,1,18,0.4,D,NA,0
2015-05-17,LC04,Nick Fisch,1,18,1.8,L,33,1
2015-05-17,LC04,Nick Fisch,1,18,1.8,L,35,1
2015-05-17,LC04,Nick Fisch,1,18,1.8,L,29,1
2015-05-17,LC04,Nick Fisch,1,18,1.8,L,27,1
2015-05-17,LC04,Nick Fisch,1,18,1.8,L,28,1
2015-05-17,LC04,Nick Fisch,1,18,1.8,L,28,1
2015-05-17,LC04,Nick Fisch,1,18,1.8,L,30,1
2015-05-17,LC04,Nick Fisch,1,18,1.8,L,31,1
2015-05-17,LC04,Nick Fisch,1,18,1.8,L,29,1
2015-05-17,LC04,Nick Fisch,1,18,1.8,L,15,1
2015-05-17,LC04,Nick Fisch,1,18,1.8,L,32,1
2015-05-17,LC04,Nick Fisch,1,18,1.8,D,NA,0
2015-05-17,LC04,Nick Fisch,2,2,0.5,L,21,1
2015-05-17,LC04,Nick Fisch,2,2,0.5,D,24,1
2015-05-17,LC04,Nick Fisch,2,3,3.4,L,40,1
2015-05-17,LC04,Nick Fisch,2,3,3.4,L,25,1
2015-05-17,LC04,Nick Fisch,2,3,3.4,L,30,1
2015-05-17,LC04,Nick Fisch,2,3,3.4,L,28,1
2015-05-17,LC04,Nick Fisch,2,3,3.4,L,24,1
2015-05-17,LC04,Nick Fisch,2,3,3.4,L,22,1
2015-05-17,LC04,Nick Fisch,2,3,3.4,D,24,1
2015-05-17,LC04,Nick Fisch,2,7,2.2,L,NA,0
2015-05-17,LC04,Nick Fisch,2,7,2.2,D,NA,0
2015-05-17,LC04,Nick Fisch,2,8,3.1,L,30,1
2015-05-17,LC04,Nick Fisch,2,8,3.1,L,25,1
2015-05-17,LC04,Nick Fisch,2,8,3.1,L,30,1
2015-05-17,LC04,Nick Fisch,2,8,3.1,L,28,1
2015-05-17,LC04,Nick Fisch,2,8,3.1,L,22,1
2015-05-17,LC04,Nick Fisch,2,8,3.1,L,24,1
2015-05-17,LC04,Nick Fisch,2,8,3.1,D,NA,0
2015-05-17,LC04,Nick Fisch,2,9,3,L,25,1
2015-05-17,LC04,Nick Fisch,2,9,3,L,6,1
2015-05-17,LC04,Nick Fisch,2,9,3,L,7,1
2015-05-17,LC04,Nick Fisch,2,9,3,D,20,1
2015-05-17,LC04,Nick Fisch,2,12,3.7,L,22,1
2015-05-17,LC04,Nick Fisch,2,12,3.7,L,33,1
2015-05-17,LC04,Nick Fisch,2,12,3.7,L,27,1
2015-05-17,LC04,Nick Fisch,2,12,3.7,L,32,1
2015-05-17,LC04,Nick Fisch,2,12,3.7,L,20,1
2015-05-17,LC04,Nick Fisch,2,12,3.7,L,19,1
2015-05-17,LC04,Nick Fisch,2,12,3.7,D,NA,0
2015-05-17,LC04,Nick Fisch,2,12,3.9,L,NA,0
2015-05-17,LC04,Nick Fisch,2,12,3.9,D,NA,0
2015-05-17,LC04,Nick Fisch,2,14,0.1,L,30,1
2015-05-17,LC04,Nick Fisch,2,14,0.1,L,30,1
2015-05-17,LC04,Nick Fisch,2,14,0.1,L,24,1
2015-05-17,LC04,Nick Fisch,2,14,0.1,L,22,1
2015-05-17,LC04,Nick Fisch,2,14,0.1,D,NA,0
2015-05-17,LC04,Nick Fisch,2,14,1.5,L,37,1
2015-05-17,LC04,Nick Fisch,2,14,1.5,L,33,1
2015-05-17,LC04,Nick Fisch,2,14,1.5,D,51,1
2015-05-17,LC04,Nick Fisch,2,16,1.9,L,28,1
2015-05-17,LC04,Nick Fisch,2,16,1.9,L,24,1
2015-05-17,LC04,Nick Fisch,2,16,1.9,L,22,1
2015-05-17,LC04,Nick Fisch,2,16,1.9,L,20,1
2015-05-17,LC04,Nick Fisch,2,16,1.9,D,NA,0
2015-05-17,LC04,Nick Fisch,2,16,3.5,L,NA,0
2015-05-17,LC04,Nick Fisch,2,16,3.5,D,NA,0
2015-05-17,LC04,Nick Fisch,2,17,0.8,L,32,1
2015-05-17,LC04,Nick Fisch,2,17,0.8,D,NA,0
2015-05-17,LC04,Nick Fisch,2,18,0.3,L,50,1
2015-05-17,LC04,Nick Fisch,2,18,0.3,L,42,1
2015-05-17,LC04,Nick Fisch,2,18,0.3,L,16,1
2015-05-17,LC04,Nick Fisch,2,18,0.3,L,15,1
2015-05-17,LC04,Nick Fisch,2,18,0.3,L,28,1
2015-05-17,LC04,Nick Fisch,2,18,0.3,D,18,1
2015-05-17,LC04,Nick Fisch,2,19,0.8,L,35,1
2015-05-17,LC04,Nick Fisch,2,19,0.8,L,25,1
2015-05-17,LC04,Nick Fisch,2,19,0.8,L,22,1
2015-05-17,LC04,Nick Fisch,2,19,0.8,L,43,1
2015-05-17,LC04,Nick Fisch,2,19,0.8,L,34,1
2015-05-17,LC04,Nick Fisch,2,19,0.8,L,35,1
2015-05-17,LC04,Nick Fisch,2,19,0.8,D,NA,0
2015-05-17,LC04,Nick Fisch,2,19,1.8,L,65,1
2015-05-17,LC04,Nick Fisch,2,19,1.8,D,NA,0
2015-05-17,LC04,Nick Fisch,2,19,1.9,L,NA,0
2015-05-17,LC04,Nick Fisch,2,19,1.9,D,NA,0
2015-05-17,LC04,Nick Fisch,2,19,3.7,L,NA,0
2015-05-17,LC04,Nick Fisch,2,19,3.7,D,NA,0
2015-05-17,LC04,Nick Fisch,3,0,0,L,NA,0
2015-05-17,LC04,Nick Fisch,3,0,0,D,NA,0
2015-05-17,LC04,Nick Fisch,3,0,2.9,L,NA,0
2015-05-17,LC04,Nick Fisch,3,0,2.9,D,NA,0
2015-05-17,LC04,Nick Fisch,3,3,2.1,L,59,1
2015-05-17,LC04,Nick Fisch,3,3,2.1,L,18,1
2015-05-17,LC04,Nick Fisch,3,3,2.1,L,19,1
2015-05-17,LC04,Nick Fisch,3,3,2.1,D,30,1
2015-05-17,LC04,Nick Fisch,3,5,0.5,L,NA,0
2015-05-17,LC04,Nick Fisch,3,5,0.5,D,NA,0
2015-05-17,LC04,Nick Fisch,3,5,2.2,L,NA,0
2015-05-17,LC04,Nick Fisch,3,5,2.2,D,NA,0
2015-05-17,LC04,Nick Fisch,3,6,0.1,L,NA,0
2015-05-17,LC04,Nick Fisch,3,6,0.1,D,NA,0
2015-05-17,LC04,Nick Fisch,3,9,0.2,L,24,1
2015-05-17,LC04,Nick Fisch,3,9,0.2,L,46,1
2015-05-17,LC04,Nick Fisch,3,9,0.2,D,83,1
2015-05-17,LC04,Nick Fisch,3,9,0.2,L,NA,183
2015-05-17,LC04,Nick Fisch,3,9,3.3,L,21,1
2015-05-17,LC04,Nick Fisch,3,9,3.3,L,20,1
2015-05-17,LC04,Nick Fisch,3,9,3.3,D,NA,0
2015-05-17,LC04,Nick Fisch,3,10,4,L,34,1
2015-05-17,LC04,Nick Fisch,3,10,4,L,36,1
2015-05-17,LC04,Nick Fisch,3,10,4,L,24,1
2015-05-17,LC04,Nick Fisch,3,10,4,D,NA,0
2015-05-17,LC04,Nick Fisch,3,11,1.7,D,27,1
2015-05-17,LC04,Nick Fisch,3,11,1.7,L,NA,0
2015-05-17,LC04,Nick Fisch,3,13,0.1,D,62,1
2015-05-17,LC04,Nick Fisch,3,13,0.1,L,NA,0
2015-05-17,LC04,Nick Fisch,3,15,1.5,L,25,1
2015-05-17,LC04,Nick Fisch,3,15,1.5,L,22,1
2015-05-17,LC04,Nick Fisch,3,15,1.5,D,NA,0
2015-05-17,LC04,Nick Fisch,3,17,1.8,L,40,1
2015-05-17,LC04,Nick Fisch,3,17,1.8,L,22,1
2015-05-17,LC04,Nick Fisch,3,17,1.8,L,29,1
2015-05-17,LC04,Nick Fisch,3,17,1.8,L,24,1
2015-05-17,LC04,Nick Fisch,3,17,1.8,L,26,1
2015-05-17,LC04,Nick Fisch,3,17,1.8,L,36,1
2015-05-17,LC04,Nick Fisch,3,17,1.8,L,27,1
2015-05-17,LC04,Nick Fisch,3,17,1.8,L,21,1
2015-05-17,LC04,Nick Fisch,3,17,1.8,D,NA,0
2015-05-17,LC04,Nick Fisch,3,17,4,L,30,1
2015-05-17,LC04,Nick Fisch,3,17,4,L,22,1
2015-05-17,LC04,Nick Fisch,3,17,4,L,28,1
2015-05-17,LC04,Nick Fisch,3,17,4,D,NA,0
2015-05-17,LC04,Nick Fisch,3,18,0.1,L,31,1
2015-05-17,LC04,Nick Fisch,3,18,0.1,L,23,1
2015-05-17,LC04,Nick Fisch,3,18,0.1,L,41,1
2015-05-17,LC04,Nick Fisch,3,18,0.1,D,NA,0
2015-05-17,LC04,Nick Fisch,3,18,3.7,L,NA,0
2015-05-17,LC04,Nick Fisch,3,18,3.7,D,NA,0
2015-05-17,LC04,Nick Fisch,3,18,3.8,L,31,1
2015-05-17,LC04,Nick Fisch,3,18,3.8,L,21,1
2015-05-17,LC04,Nick Fisch,3,18,3.8,L,26,1
2015-05-17,LC04,Nick Fisch,3,18,3.8,L,21,1
2015-05-17,LC04,Nick Fisch,3,18,3.8,D,NA,0
2015-05-17,LC04,Nick Fisch,3,20,2.5,L,34,1
2015-05-17,LC04,Nick Fisch,3,20,2.5,L,30,1
2015-05-17,LC04,Nick Fisch,3,20,2.5,D,NA,0
2015-05-17,LC04,Nick Fisch,3,21,0.5,L,29,1
2015-05-17,LC04,Nick Fisch,3,21,0.5,D,NA,0
2015-05-18,LC05,Nick Fisch,1,0,3.9,L,NA,0
2015-05-18,LC05,Nick Fisch,1,0,3.9,D,NA,0
2015-05-18,LC05,Nick Fisch,1,3,2.3,L,NA,0
2015-05-18,LC05,Nick Fisch,1,3,2.3,D,NA,0
2015-05-18,LC05,Nick Fisch,1,3,2.6,L,NA,0
2015-05-18,LC05,Nick Fisch,1,3,2.6,D,NA,0
2015-05-18,LC05,Nick Fisch,1,6,0.3,L,NA,0
2015-05-18,LC05,Nick Fisch,1,6,0.3,D,NA,0
2015-05-18,LC05,Nick Fisch,1,6,1.1,L,25,1
2015-05-18,LC05,Nick Fisch,1,6,1.1,L,30,1
2015-05-18,LC05,Nick Fisch,1,6,1.1,L,20,1
2015-05-18,LC05,Nick Fisch,1,6,1.1,L,22,1
2015-05-18,LC05,Nick Fisch,1,6,1.1,L,20,1
2015-05-18,LC05,Nick Fisch,1,6,1.1,L,20,1
2015-05-18,LC05,Nick Fisch,1,6,1.1,D,NA,6
2015-05-18,LC05,Nick Fisch,1,11,1.9,L,33,1
2015-05-18,LC05,Nick Fisch,1,11,1.9,L,23,1
2015-05-18,LC05,Nick Fisch,1,11,1.9,L,23,1
2015-05-18,LC05,Nick Fisch,1,11,1.9,L,40,1
2015-05-18,LC05,Nick Fisch,1,11,1.9,L,32,1
2015-05-18,LC05,Nick Fisch,1,11,1.9,L,23,1
2015-05-18,LC05,Nick Fisch,1,11,1.9,L,31,1
2015-05-18,LC05,Nick Fisch,1,11,1.9,L,26,1
2015-05-18,LC05,Nick Fisch,1,11,1.9,L,21,1
2015-05-18,LC05,Nick Fisch,1,11,1.9,L,30,1
2015-05-18,LC05,Nick Fisch,1,11,1.9,L,52,1
2015-05-18,LC05,Nick Fisch,1,11,1.9,L,20,1
2015-05-18,LC05,Nick Fisch,1,11,1.9,L,24,1
2015-05-18,LC05,Nick Fisch,1,11,1.9,L,25,1
2015-05-18,LC05,Nick Fisch,1,11,1.9,L,33,1
2015-05-18,LC05,Nick Fisch,1,11,1.9,L,24,1
2015-05-18,LC05,Nick Fisch,1,11,1.9,L,28,1
2015-05-18,LC05,Nick Fisch,1,11,1.9,L,22,1
2015-05-18,LC05,Nick Fisch,1,11,1.9,L,25,1
2015-05-18,LC05,Nick Fisch,1,11,1.9,L,24,1
2015-05-18,LC05,Nick Fisch,1,11,1.9,L,32,1
2015-05-18,LC05,Nick Fisch,1,11,1.9,L,32,1
2015-05-18,LC05,Nick Fisch,1,11,1.9,L,18,1
2015-05-18,LC05,Nick Fisch,1,11,1.9,L,30,1
2015-05-18,LC05,Nick Fisch,1,11,1.9,L,32,1
2015-05-18,LC05,Nick Fisch,1,11,1.9,L,18,1
2015-05-18,LC05,Nick Fisch,1,11,1.9,L,34,1
2015-05-18,LC05,Nick Fisch,1,11,1.9,L,20,1
2015-05-18,LC05,Nick Fisch,1,11,1.9,L,30,1
2015-05-18,LC05,Nick Fisch,1,11,1.9,L,30,1
2015-05-18,LC05,Nick Fisch,1,11,1.9,L,25,1
2015-05-18,LC05,Nick Fisch,1,11,1.9,L,28,1
2015-05-18,LC05,Nick Fisch,1,11,1.9,L,39,1
2015-05-18,LC05,Nick Fisch,1,11,1.9,L,28,1
2015-05-18,LC05,Nick Fisch,1,11,1.9,L,30,1
2015-05-18,LC05,Nick Fisch,1,11,1.9,L,26,1
2015-05-18,LC05,Nick Fisch,1,11,1.9,L,22,1
2015-05-18,LC05,Nick Fisch,1,11,1.9,L,39,1
2015-05-18,LC05,Nick Fisch,1,11,1.9,L,30,1
2015-05-18,LC05,Nick Fisch,1,11,1.9,L,30,1
2015-05-18,LC05,Nick Fisch,1,11,1.9,L,25,1
2015-05-18,LC05,Nick Fisch,1,11,1.9,L,32,1
2015-05-18,LC05,Nick Fisch,1,11,1.9,L,22,1
2015-05-18,LC05,Nick Fisch,1,11,1.9,D,NA,0
2015-05-18,LC05,Nick Fisch,1,15,1.5,L,NA,0
2015-05-18,LC05,Nick Fisch,1,15,1.5,D,NA,0
2015-05-18,LC05,Nick Fisch,1,17,3.6,L,NA,0
2015-05-18,LC05,Nick Fisch,1,17,3.6,D,NA,0
2015-05-18,LC05,Nick Fisch,1,18,4,L,28,1
2015-05-18,LC05,Nick Fisch,1,18,4,L,20,1
2015-05-18,LC05,Nick Fisch,1,18,4,D,20,1
2015-05-18,LC05,Nick Fisch,2,0,2.7,L,30,1
2015-05-18,LC05,Nick Fisch,2,0,2.7,L,20,1
2015-05-18,LC05,Nick Fisch,2,0,2.7,L,30,1
2015-05-18,LC05,Nick Fisch,2,0,2.7,L,15,1
2015-05-18,LC05,Nick Fisch,2,0,2.7,L,28,1
2015-05-18,LC05,Nick Fisch,2,0,2.7,L,24,1
2015-05-18,LC05,Nick Fisch,2,0,2.7,L,40,1
2015-05-18,LC05,Nick Fisch,2,0,2.7,L,49,1
2015-05-18,LC05,Nick Fisch,2,0,2.7,D,NA,0
2015-05-18,LC05,Nick Fisch,2,1,2.6,L,34,1
2015-05-18,LC05,Nick Fisch,2,1,2.6,L,22,1
2015-05-18,LC05,Nick Fisch,2,1,2.6,D,NA,0
2015-05-18,LC05,Nick Fisch,2,13,1.2,L,41,1
2015-05-18,LC05,Nick Fisch,2,13,1.2,L,23,1
2015-05-18,LC05,Nick Fisch,2,13,1.2,L,38,1
2015-05-18,LC05,Nick Fisch,2,13,1.2,L,18,1
2015-05-18,LC05,Nick Fisch,2,13,1.2,L,30,1
2015-05-18,LC05,Nick Fisch,2,13,1.2,L,28,1
2015-05-18,LC05,Nick Fisch,2,13,1.2,L,38,1
2015-05-18,LC05,Nick Fisch,2,13,1.2,L,21,1
2015-05-18,LC05,Nick Fisch,2,13,1.2,L,43,1
2015-05-18,LC05,Nick Fisch,2,13,1.2,L,37,1
2015-05-18,LC05,Nick Fisch,2,13,1.2,L,28,1
2015-05-18,LC05,Nick Fisch,2,13,1.2,L,21,1
2015-05-18,LC05,Nick Fisch,2,13,1.2,L,25,1
2015-05-18,LC05,Nick Fisch,2,13,1.2,L,33,1
2015-05-18,LC05,Nick Fisch,2,13,1.2,L,29,1
2015-05-18,LC05,Nick Fisch,2,13,1.2,L,29,1
2015-05-18,LC05,Nick Fisch,2,13,1.2,L,30,1
2015-05-18,LC05,Nick Fisch,2,13,1.2,L,22,1
2015-05-18,LC05,Nick Fisch,2,13,1.2,L,21,1
2015-05-18,LC05,Nick Fisch,2,13,1.2,L,25,1
2015-05-18,LC05,Nick Fisch,2,13,1.2,L,32,1
2015-05-18,LC05,Nick Fisch,2,13,1.2,L,29,1
2015-05-18,LC05,Nick Fisch,2,13,1.2,L,31,1
2015-05-18,LC05,Nick Fisch,2,13,1.2,L,22,1
2015-05-18,LC05,Nick Fisch,2,13,1.2,L,43,1
2015-05-18,LC05,Nick Fisch,2,13,1.2,L,35,1
2015-05-18,LC05,Nick Fisch,2,13,1.2,L,42,1
2015-05-18,LC05,Nick Fisch,2,13,1.2,L,37,1
2015-05-18,LC05,Nick Fisch,2,13,1.2,L,31,1
2015-05-18,LC05,Nick Fisch,2,13,1.2,L,36,1
2015-05-18,LC05,Nick Fisch,2,13,1.2,L,45,1
2015-05-18,LC05,Nick Fisch,2,13,1.2,L,51,1
2015-05-18,LC05,Nick Fisch,2,13,1.2,L,31,1
2015-05-18,LC05,Nick Fisch,2,13,1.2,L,29,1
2015-05-18,LC05,Nick Fisch,2,13,1.2,L,30,1
2015-05-18,LC05,Nick Fisch,2,13,1.2,D,19,1
2015-05-18,LC05,Nick Fisch,2,13,1.2,D,NA,18
2015-05-18,LC05,Nick Fisch,3,7,0.9,L,49,1
2015-05-18,LC05,Nick Fisch,3,7,0.9,L,28,1
2015-05-18,LC05,Nick Fisch,3,7,0.9,L,48,1
2015-05-18,LC05,Nick Fisch,3,7,0.9,L,48,1
2015-05-18,LC05,Nick Fisch,3,7,0.9,L,54,1
2015-05-18,LC05,Nick Fisch,3,7,0.9,L,40,1
2015-05-18,LC05,Nick Fisch,3,7,0.9,L,49,1
2015-05-18,LC05,Nick Fisch,3,7,0.9,D,43,1
2015-05-18,LC05,Nick Fisch,3,8,2.8,L,30,1
2015-05-18,LC05,Nick Fisch,3,8,2.8,L,18,1
2015-05-18,LC05,Nick Fisch,3,8,2.8,L,19,1
2015-05-18,LC05,Nick Fisch,3,8,2.8,L,20,1
2015-05-18,LC05,Nick Fisch,3,8,2.8,L,21,1
2015-05-18,LC05,Nick Fisch,3,8,2.8,L,32,1
2015-05-18,LC05,Nick Fisch,3,8,2.8,L,28,1
2015-05-18,LC05,Nick Fisch,3,8,2.8,L,24,1
2015-05-18,LC05,Nick Fisch,3,8,2.8,L,19,1
2015-05-18,LC05,Nick Fisch,3,8,2.8,D,NA,4
2015-05-18,LC05,Nick Fisch,3,19,1.4,L,25,1
2015-05-18,LC05,Nick Fisch,3,19,1.4,L,32,1
2015-05-18,LC05,Nick Fisch,3,19,1.4,L,51,1
2015-05-18,LC05,Nick Fisch,3,19,1.4,L,34,1
2015-05-18,LC05,Nick Fisch,3,19,1.4,L,50,1
2015-05-18,LC05,Nick Fisch,3,19,1.4,L,20,1
2015-05-18,LC05,Nick Fisch,3,19,1.4,L,40,1
2015-05-18,LC05,Nick Fisch,3,19,1.4,L,33,1
2015-05-18,LC05,Nick Fisch,3,19,1.4,L,20,1
2015-05-18,LC05,Nick Fisch,3,19,1.4,L,41,1
2015-05-18,LC05,Nick Fisch,3,19,1.4,L,22,1
2015-05-18,LC05,Nick Fisch,3,19,1.4,L,71,1
2015-05-18,LC05,Nick Fisch,3,19,1.4,L,15,1
2015-05-18,LC05,Nick Fisch,3,19,1.4,L,35,1
2015-05-18,LC05,Nick Fisch,3,19,1.4,L,18,1
2015-05-18,LC05,Nick Fisch,3,19,1.4,L,21,1
2015-05-18,LC05,Nick Fisch,3,19,1.4,L,32,1
2015-05-18,LC05,Nick Fisch,3,19,1.4,L,36,1
2015-05-18,LC05,Nick Fisch,3,19,1.4,L,18,1
2015-05-18,LC05,Nick Fisch,3,19,1.4,L,20,1
2015-05-18,LC05,Nick Fisch,3,19,1.4,L,35,1
2015-05-18,LC05,Nick Fisch,3,19,1.4,L,28,1
2015-05-18,LC05,Nick Fisch,3,19,1.4,L,39,1
2015-05-18,LC05,Nick Fisch,3,19,1.4,L,21,1
2015-05-18,LC05,Nick Fisch,3,19,1.4,L,21,1
2015-05-18,LC05,Nick Fisch,3,19,1.4,L,38,1
2015-05-18,LC05,Nick Fisch,3,19,1.4,L,30,1
2015-05-18,LC05,Nick Fisch,3,19,1.4,L,17,1
2015-05-18,LC05,Nick Fisch,3,19,1.4,D,NA,0
2015-05-18,LC05,Nick Fisch,3,19,3.6,L,23,1
2015-05-18,LC05,Nick Fisch,3,19,3.6,L,26,1
2015-05-18,LC05,Nick Fisch,3,19,3.6,L,27,1
2015-05-18,LC05,Nick Fisch,3,19,3.6,D,NA,0
2015-05-18,LC05,Nick Fisch,3,21,2.7,L,30,1
2015-05-18,LC05,Nick Fisch,3,21,2.7,L,32,1
2015-05-18,LC05,Nick Fisch,3,21,2.7,L,35,1
2015-05-18,LC05,Nick Fisch,3,21,2.7,L,55,1
2015-05-18,LC05,Nick Fisch,3,21,2.7,L,30,1
2015-05-18,LC05,Nick Fisch,3,21,2.7,L,40,1
2015-05-18,LC05,Nick Fisch,3,21,2.7,L,31,1
2015-05-18,LC05,Nick Fisch,3,21,2.7,L,26,1
2015-05-18,LC05,Nick Fisch,3,21,2.7,L,22,1
2015-05-18,LC05,Nick Fisch,3,21,2.7,L,33,1
2015-05-18,LC05,Nick Fisch,3,21,2.7,L,30,1
2015-05-18,LC05,Nick Fisch,3,21,2.7,L,27,1
2015-05-18,LC05,Nick Fisch,3,21,2.7,D,NA,0
2015-05-31,LC07,Nick Fisch,1,0,2.7,L,25,1
2015-05-31,LC07,Nick Fisch,1,0,2.7,L,30,1
2015-05-31,LC07,Nick Fisch,1,0,2.7,D,NA,0
2015-05-31,LC07,Nick Fisch,1,0,3.9,L,NA,0
2015-05-31,LC07,Nick Fisch,1,0,3.9,D,NA,0
2015-05-31,LC07,Nick Fisch,1,1,2.6,L,19,1
2015-05-31,LC07,Nick Fisch,1,1,2.6,D,NA,0
2015-05-31,LC07,Nick Fisch,1,3,2.3,L,21,1
2015-05-31,LC07,Nick Fisch,1,3,2.3,L,32,1
2015-05-31,LC07,Nick Fisch,1,3,2.3,D,28,1
2015-05-31,LC07,Nick Fisch,1,3,2.3,L,NA,14
2015-05-31,LC07,Nick Fisch,1,3,2.6,L,NA,0
2015-05-31,LC07,Nick Fisch,1,3,2.6,D,NA,0
2015-05-31,LC07,Nick Fisch,1,6,0.3,L,28,1
2015-05-31,LC07,Nick Fisch,1,6,0.3,L,30,1
2015-05-31,LC07,Nick Fisch,1,6,0.3,D,NA,0
2015-05-31,LC07,Nick Fisch,1,6,1.1,L,NA,0
2015-05-31,LC07,Nick Fisch,1,6,1.1,D,NA,0
2015-05-31,LC07,Nick Fisch,1,7,0.9,L,28,1
2015-05-31,LC07,Nick Fisch,1,7,0.9,L,22,1
2015-05-31,LC07,Nick Fisch,1,7,0.9,D,NA,0
2015-05-31,LC07,Nick Fisch,1,8,2.1,L,30,1
2015-05-31,LC07,Nick Fisch,1,8,2.1,D,NA,0
2015-05-31,LC07,Nick Fisch,1,8,2.8,L,NA,0
2015-05-31,LC07,Nick Fisch,1,8,2.8,D,NA,0
2015-05-31,LC07,Nick Fisch,1,11,1.9,L,32,1
2015-05-31,LC07,Nick Fisch,1,11,1.9,L,22,1
2015-05-31,LC07,Nick Fisch,1,11,1.9,L,33,1
2015-05-31,LC07,Nick Fisch,1,11,1.9,L,24,1
2015-05-31,LC07,Nick Fisch,1,11,1.9,L,33,1
2015-05-31,LC07,Nick Fisch,1,11,1.9,L,39,1
2015-05-31,LC07,Nick Fisch,1,11,1.9,L,35,1
2015-05-31,LC07,Nick Fisch,1,11,1.9,L,17,1
2015-05-31,LC07,Nick Fisch,1,11,1.9,L,25,1
2015-05-31,LC07,Nick Fisch,1,11,1.9,L,35,1
2015-05-31,LC07,Nick Fisch,1,11,1.9,D,NA,0
2015-05-31,LC07,Nick Fisch,1,13,1.2,L,26,1
2015-05-31,LC07,Nick Fisch,1,13,1.2,L,30,1
2015-05-31,LC07,Nick Fisch,1,13,1.2,L,22,1
2015-05-31,LC07,Nick Fisch,1,13,1.2,D,NA,0
2015-05-31,LC07,Nick Fisch,1,15,1.5,L,37,1
2015-05-31,LC07,Nick Fisch,1,15,1.5,D,21,1
2015-05-31,LC07,Nick Fisch,1,17,2.9,L,21,1
2015-05-31,LC07,Nick Fisch,1,17,2.9,L,26,1
2015-05-31,LC07,Nick Fisch,1,17,2.9,D,140,1
2015-05-31,LC07,Nick Fisch,1,17,3.6,L,28,1
2015-05-31,LC07,Nick Fisch,1,17,3.6,L,21,1
2015-05-31,LC07,Nick Fisch,1,17,3.6,D,NA,0
2015-05-31,LC07,Nick Fisch,1,18,3.3,L,NA,0
2015-05-31,LC07,Nick Fisch,1,18,3.3,D,NA,0
2015-05-31,LC07,Nick Fisch,1,18,4,L,NA,0
2015-05-31,LC07,Nick Fisch,1,18,4,D,NA,0
2015-05-31,LC07,Nick Fisch,1,19,1.4,L,NA,0
2015-05-31,LC07,Nick Fisch,1,19,1.4,D,NA,0
2015-05-31,LC07,Nick Fisch,1,19,3.6,L,NA,0
2015-05-31,LC07,Nick Fisch,1,19,3.6,D,NA,0
2015-05-31,LC07,Nick Fisch,1,21,2.7,L,29,1
2015-05-31,LC07,Nick Fisch,1,21,2.7,D,NA,0
2015-05-31,LC07,Nick Fisch,2,2,0.8,L,30,1
2015-05-31,LC07,Nick Fisch,2,2,0.8,L,23,1
2015-05-31,LC07,Nick Fisch,2,2,0.8,L,21,1
2015-05-31,LC07,Nick Fisch,2,2,0.8,L,25,1
2015-05-31,LC07,Nick Fisch,2,2,0.8,L,18,1
2015-05-31,LC07,Nick Fisch,2,2,0.8,L,24,1
2015-05-31,LC07,Nick Fisch,2,2,0.8,L,28,1
2015-05-31,LC07,Nick Fisch,2,2,0.8,L,19,1
2015-05-31,LC07,Nick Fisch,2,2,0.8,L,28,1
2015-05-31,LC07,Nick Fisch,2,2,0.8,L,27,1
2015-05-31,LC07,Nick Fisch,2,2,0.8,L,21,1
2015-05-31,LC07,Nick Fisch,2,2,0.8,L,20,1
2015-05-31,LC07,Nick Fisch,2,2,0.8,L,18,1
2015-05-31,LC07,Nick Fisch,2,2,0.8,L,19,1
2015-05-31,LC07,Nick Fisch,2,2,0.8,L,25,1
2015-05-31,LC07,Nick Fisch,2,2,0.8,L,23,1
2015-05-31,LC07,Nick Fisch,2,2,0.8,L,22,1
2015-05-31,LC07,Nick Fisch,2,2,0.8,L,28,1
2015-05-31,LC07,Nick Fisch,2,2,0.8,L,20,1
2015-05-31,LC07,Nick Fisch,2,2,0.8,L,24,1
2015-05-31,LC07,Nick Fisch,2,2,0.8,L,22,1
2015-05-31,LC07,Nick Fisch,2,2,0.8,L,30,1
2015-05-31,LC07,Nick Fisch,2,2,0.8,L,20,1
2015-05-31,LC07,Nick Fisch,2,2,0.8,L,26,1
2015-05-31,LC07,Nick Fisch,2,2,0.8,L,23,1
2015-05-31,LC07,Nick Fisch,2,2,0.8,L,19,1
2015-05-31,LC07,Nick Fisch,2,2,0.8,L,21,1
2015-05-31,LC07,Nick Fisch,2,2,0.8,L,22,1
2015-05-31,LC07,Nick Fisch,2,2,0.8,L,19,1
2015-05-31,LC07,Nick Fisch,2,2,0.8,D,19,1
2015-05-31,LC07,Nick Fisch,2,2,0.8,L,NA,16
2015-05-31,LC07,Nick Fisch,2,3,2,L,23,1
2015-05-31,LC07,Nick Fisch,2,3,2,L,24,1
2015-05-31,LC07,Nick Fisch,2,3,2,L,33,1
2015-05-31,LC07,Nick Fisch,2,3,2,L,24,1
2015-05-31,LC07,Nick Fisch,2,3,2,L,40,1
2015-05-31,LC07,Nick Fisch,2,3,2,D,20,1
2015-05-31,LC07,Nick Fisch,2,5,2.2,L,24,1
2015-05-31,LC07,Nick Fisch,2,5,2.2,L,41,1
2015-05-31,LC07,Nick Fisch,2,5,2.2,L,27,1
2015-05-31,LC07,Nick Fisch,2,5,2.2,L,19,1
2015-05-31,LC07,Nick Fisch,2,5,2.2,L,24,1
2015-05-31,LC07,Nick Fisch,2,5,2.2,L,28,1
2015-05-31,LC07,Nick Fisch,2,5,2.2,D,NA,0
2015-05-31,LC07,Nick Fisch,2,5,2.6,L,28,1
2015-05-31,LC07,Nick Fisch,2,5,2.6,L,22,1
2015-05-31,LC07,Nick Fisch,2,5,2.6,L,34,1
2015-05-31,LC07,Nick Fisch,2,5,2.6,L,21,1
2015-05-31,LC07,Nick Fisch,2,5,2.6,L,24,1
2015-05-31,LC07,Nick Fisch,2,5,2.6,L,41,1
2015-05-31,LC07,Nick Fisch,2,5,2.6,L,27,1
2015-05-31,LC07,Nick Fisch,2,5,2.6,L,26,1
2015-05-31,LC07,Nick Fisch,2,5,2.6,D,NA,0
2015-05-31,LC07,Nick Fisch,2,8,2.1,L,23,1
2015-05-31,LC07,Nick Fisch,2,8,2.1,D,NA,0
2015-05-31,LC07,Nick Fisch,2,10,2.8,L,31,1
2015-05-31,LC07,Nick Fisch,2,10,2.8,D,21,1
2015-05-31,LC07,Nick Fisch,2,11,2.8,L,31,1
2015-05-31,LC07,Nick Fisch,2,11,2.8,L,21,1
2015-05-31,LC07,Nick Fisch,2,11,2.8,L,22,1
2015-05-31,LC07,Nick Fisch,2,11,2.8,L,34,1
2015-05-31,LC07,Nick Fisch,2,11,2.8,L,19,1
2015-05-31,LC07,Nick Fisch,2,11,2.8,L,19,1
2015-05-31,LC07,Nick Fisch,2,11,2.8,L,20,1
2015-05-31,LC07,Nick Fisch,2,11,2.8,L,40,1
2015-05-31,LC07,Nick Fisch,2,11,2.8,D,NA,0
2015-05-31,LC07,Nick Fisch,2,12,3.3,L,NA,0
2015-05-31,LC07,Nick Fisch,2,12,3.3,D,NA,0
2015-05-31,LC07,Nick Fisch,2,14,2.2,L,16,1
2015-05-31,LC07,Nick Fisch,2,14,2.2,D,NA,0
2015-05-31,LC07,Nick Fisch,2,15,0.5,L,NA,0
2015-05-31,LC07,Nick Fisch,2,15,0.5,D,NA,0
2015-05-31,LC07,Nick Fisch,2,15,1.9,L,NA,0
2015-05-31,LC07,Nick Fisch,2,15,1.9,D,NA,0
2015-05-31,LC07,Nick Fisch,2,15,4,L,25,1
2015-05-31,LC07,Nick Fisch,2,15,4,D,NA,0
2015-05-31,LC07,Nick Fisch,2,19,0.8,L,NA,0
2015-05-31,LC07,Nick Fisch,2,19,0.8,D,NA,0
2015-05-31,LC07,Nick Fisch,2,19,2.9,L,NA,0
2015-05-31,LC07,Nick Fisch,2,19,2.9,D,NA,0
2015-05-31,LC07,Nick Fisch,3,2,0.4,L,27,1
2015-05-31,LC07,Nick Fisch,3,2,0.4,L,24,1
2015-05-31,LC07,Nick Fisch,3,2,0.4,L,34,1
2015-05-31,LC07,Nick Fisch,3,2,0.4,L,36,1
2015-05-31,LC07,Nick Fisch,3,2,0.4,L,26,1
2015-05-31,LC07,Nick Fisch,3,2,0.4,L,27,1
2015-05-31,LC07,Nick Fisch,3,2,0.4,D,NA,0
2015-05-31,LC07,Nick Fisch,3,3,3.1,L,NA,0
2015-05-31,LC07,Nick Fisch,3,3,3.1,D,NA,0
2015-05-31,LC07,Nick Fisch,3,5,2.3,L,30,1
2015-05-31,LC07,Nick Fisch,3,5,2.3,L,24,1
2015-05-31,LC07,Nick Fisch,3,5,2.3,L,27,1
2015-05-31,LC07,Nick Fisch,3,5,2.3,L,36,1
2015-05-31,LC07,Nick Fisch,3,5,2.3,L,28,1
2015-05-31,LC07,Nick Fisch,3,5,2.3,L,33,1
2015-05-31,LC07,Nick Fisch,3,5,2.3,L,24,1
2015-05-31,LC07,Nick Fisch,3,5,2.3,L,27,1
2015-05-31,LC07,Nick Fisch,3,5,2.3,D,24,1
2015-05-31,LC07,Nick Fisch,3,7,0.8,L,39,1
2015-05-31,LC07,Nick Fisch,3,7,0.8,L,24,1
2015-05-31,LC07,Nick Fisch,3,7,0.8,L,26,1
2015-05-31,LC07,Nick Fisch,3,7,0.8,L,18,1
2015-05-31,LC07,Nick Fisch,3,7,0.8,L,34,1
2015-05-31,LC07,Nick Fisch,3,7,0.8,L,41,1
2015-05-31,LC07,Nick Fisch,3,7,0.8,L,25,1
2015-05-31,LC07,Nick Fisch,3,7,0.8,L,34,1
2015-05-31,LC07,Nick Fisch,3,7,0.8,L,25,1
2015-05-31,LC07,Nick Fisch,3,7,0.8,L,28,1
2015-05-31,LC07,Nick Fisch,3,7,0.8,D,NA,0
2015-05-31,LC07,Nick Fisch,3,9,2,L,35,1
2015-05-31,LC07,Nick Fisch,3,9,2,L,26,1
2015-05-31,LC07,Nick Fisch,3,9,2,L,19,1
2015-05-31,LC07,Nick Fisch,3,9,2,L,34,1
2015-05-31,LC07,Nick Fisch,3,9,2,L,21,1
2015-05-31,LC07,Nick Fisch,3,9,2,D,NA,0
2015-05-31,LC07,Nick Fisch,3,13,1.3,L,19,1
2015-05-31,LC07,Nick Fisch,3,13,1.3,L,20,1
2015-05-31,LC07,Nick Fisch,3,13,1.3,L,16,1
2015-05-31,LC07,Nick Fisch,3,13,1.3,L,3.5,1
2015-05-31,LC07,Nick Fisch,3,13,1.3,D,NA,0
2015-05-31,LC07,Nick Fisch,3,13,3,L,22,1
2015-05-31,LC07,Nick Fisch,3,13,3,D,NA,0
2015-05-31,LC07,Nick Fisch,3,14,1.8,L,NA,0
2015-05-31,LC07,Nick Fisch,3,14,1.8,D,NA,0
2015-05-31,LC07,Nick Fisch,3,16,0.4,L,32,1
2015-05-31,LC07,Nick Fisch,3,16,0.4,D,NA,0
2015-05-31,LC07,Nick Fisch,3,16,0.5,L,NA,0
2015-05-31,LC07,Nick Fisch,3,16,0.5,D,NA,0
2015-05-31,LC07,Nick Fisch,3,18,2.8,L,29,1
2015-05-31,LC07,Nick Fisch,3,18,2.8,L,15,1
2015-05-31,LC07,Nick Fisch,3,18,2.8,L,21,1
2015-05-31,LC07,Nick Fisch,3,18,2.8,L,15,1
2015-05-31,LC07,Nick Fisch,3,18,2.8,L,54,1
2015-05-31,LC07,Nick Fisch,3,18,2.8,L,17,1
2015-05-31,LC07,Nick Fisch,3,18,2.8,L,20,1
2015-05-31,LC07,Nick Fisch,3,18,2.8,L,29,1
2015-05-31,LC07,Nick Fisch,3,18,2.8,L,22,1
2015-05-31,LC07,Nick Fisch,3,18,2.8,L,30,1
2015-05-31,LC07,Nick Fisch,3,18,2.8,L,16,1
2015-05-31,LC07,Nick Fisch,3,18,2.8,L,17,1
2015-05-31,LC07,Nick Fisch,3,18,2.8,L,20,1
2015-05-31,LC07,Nick Fisch,3,18,2.8,L,26,1
2015-05-31,LC07,Nick Fisch,3,18,2.8,D,NA,0
2015-05-31,LC08,Nick Fisch,1,0,0.7,L,27,1
2015-05-31,LC08,Nick Fisch,1,0,0.7,L,28,1
2015-05-31,LC08,Nick Fisch,1,0,0.7,D,NA,0
2015-05-31,LC08,Nick Fisch,1,1,1,L,32,1
2015-05-31,LC08,Nick Fisch,1,1,1,D,NA,0
2015-05-31,LC08,Nick Fisch,1,1,2.9,L,34,1
2015-05-31,LC08,Nick Fisch,1,1,2.9,L,26,1
2015-05-31,LC08,Nick Fisch,1,1,2.9,L,22,1
2015-05-31,LC08,Nick Fisch,1,1,2.9,L,22,1
2015-05-31,LC08,Nick Fisch,1,1,2.9,D,NA,3
2015-05-31,LC08,Nick Fisch,1,1,3.1,L,NA,0
2015-05-31,LC08,Nick Fisch,1,1,3.1,D,NA,0
2015-05-31,LC08,Nick Fisch,1,2,3.8,L,NA,0
2015-05-31,LC08,Nick Fisch,1,2,3.8,D,NA,0
2015-05-31,LC08,Nick Fisch,1,5,3.4,L,32,1
2015-05-31,LC08,Nick Fisch,1,5,3.4,L,45,1
2015-05-31,LC08,Nick Fisch,1,5,3.4,L,19,1
2015-05-31,LC08,Nick Fisch,1,5,3.4,D,25,1
2015-05-31,LC08,Nick Fisch,1,9,2.4,L,32,1
2015-05-31,LC08,Nick Fisch,1,9,2.4,L,26,1
2015-05-31,LC08,Nick Fisch,1,9,2.4,L,22,1
2015-05-31,LC08,Nick Fisch,1,9,2.4,L,28,1
2015-05-31,LC08,Nick Fisch,1,9,2.4,D,NA,0
2015-05-31,LC08,Nick Fisch,1,11,3.5,L,32,1
2015-05-31,LC08,Nick Fisch,1,11,3.5,D,NA,0
2015-05-31,LC08,Nick Fisch,1,13,0.6,L,28,1
2015-05-31,LC08,Nick Fisch,1,13,0.6,L,28,1
2015-05-31,LC08,Nick Fisch,1,13,0.6,L,27,1
2015-05-31,LC08,Nick Fisch,1,13,0.6,D,NA,0
2015-05-31,LC08,Nick Fisch,1,14,0.7,L,29,1
2015-05-31,LC08,Nick Fisch,1,14,0.7,L,34,1
2015-05-31,LC08,Nick Fisch,1,14,0.7,L,27,1
2015-05-31,LC08,Nick Fisch,1,14,0.7,L,27,1
2015-05-31,LC08,Nick Fisch,1,14,0.7,L,25,1
2015-05-31,LC08,Nick Fisch,1,14,0.7,L,24,1
2015-05-31,LC08,Nick Fisch,1,14,0.7,L,34,1
2015-05-31,LC08,Nick Fisch,1,14,0.7,D,NA,0
2015-05-31,LC08,Nick Fisch,1,18,1.6,L,21,1
2015-05-31,LC08,Nick Fisch,1,18,1.6,L,28,1
2015-05-31,LC08,Nick Fisch,1,18,1.6,L,28,1
2015-05-31,LC08,Nick Fisch,1,18,1.6,L,24,1
2015-05-31,LC08,Nick Fisch,1,18,1.6,L,30,1
2015-05-31,LC08,Nick Fisch,1,18,1.6,L,27,1
2015-05-31,LC08,Nick Fisch,1,18,1.6,L,27,1
2015-05-31,LC08,Nick Fisch,1,18,1.6,L,28,1
2015-05-31,LC08,Nick Fisch,1,18,1.6,D,19,1
2015-05-31,LC08,Nick Fisch,1,18,2.1,L,27,1
2015-05-31,LC08,Nick Fisch,1,18,2.1,L,30,1
2015-05-31,LC08,Nick Fisch,1,18,2.1,L,39,1
2015-05-31,LC08,Nick Fisch,1,18,2.1,L,42,1
2015-05-31,LC08,Nick Fisch,1,18,2.1,D,NA,4
2015-05-31,LC08,Nick Fisch,1,20,1.8,L,42,1
2015-05-31,LC08,Nick Fisch,1,20,1.8,L,24,1
2015-05-31,LC08,Nick Fisch,1,20,1.8,L,24,1
2015-05-31,LC08,Nick Fisch,1,20,1.8,L,24,1
2015-05-31,LC08,Nick Fisch,1,20,1.8,L,25,1
2015-05-31,LC08,Nick Fisch,1,20,1.8,L,19,1
2015-05-31,LC08,Nick Fisch,1,20,1.8,L,16,1
2015-05-31,LC08,Nick Fisch,1,20,1.8,L,26,1
2015-05-31,LC08,Nick Fisch,1,20,1.8,L,27,1
2015-05-31,LC08,Nick Fisch,1,20,1.8,L,32,1
2015-05-31,LC08,Nick Fisch,1,20,1.8,L,20,1
2015-05-31,LC08,Nick Fisch,1,20,1.8,L,27,1
2015-05-31,LC08,Nick Fisch,1,20,1.8,L,30,1
2015-05-31,LC08,Nick Fisch,1,20,1.8,L,24,1
2015-05-31,LC08,Nick Fisch,1,20,1.8,L,32,1
2015-05-31,LC08,Nick Fisch,1,20,1.8,L,25,1
2015-05-31,LC08,Nick Fisch,1,20,1.8,L,23,1
2015-05-31,LC08,Nick Fisch,1,20,1.8,L,23,1
2015-05-31,LC08,Nick Fisch,1,20,1.8,D,20,1
2015-05-31,LC08,Nick Fisch,2,0,3,L,29,1
2015-05-31,LC08,Nick Fisch,2,0,3,D,NA,0
2015-05-31,LC08,Nick Fisch,2,2,1.4,L,NA,0
2015-05-31,LC08,Nick Fisch,2,2,1.4,D,NA,0
2015-05-31,LC08,Nick Fisch,2,3,2,L,28,1
2015-05-31,LC08,Nick Fisch,2,3,2,L,24,1
2015-05-31,LC08,Nick Fisch,2,3,2,L,32,1
2015-05-31,LC08,Nick Fisch,2,3,2,L,28,1
2015-05-31,LC08,Nick Fisch,2,3,2,D,NA,0
2015-05-31,LC08,Nick Fisch,2,4,0.8,L,34,1
2015-05-31,LC08,Nick Fisch,2,4,0.8,D,NA,0
2015-05-31,LC08,Nick Fisch,2,4,1,L,NA,0
2015-05-31,LC08,Nick Fisch,2,4,1,D,NA,0
2015-05-31,LC08,Nick Fisch,2,5,2.2,L,26,1
2015-05-31,LC08,Nick Fisch,2,5,2.2,L,34,1
2015-05-31,LC08,Nick Fisch,2,5,2.2,D,NA,0
2015-05-31,LC08,Nick Fisch,2,5,2.8,L,24,1
2015-05-31,LC08,Nick Fisch,2,5,2.8,L,40,1
2015-05-31,LC08,Nick Fisch,2,5,2.8,L,15,1
2015-05-31,LC08,Nick Fisch,2,5,2.8,D,NA,0
2015-05-31,LC08,Nick Fisch,2,5,3,L,NA,0
2015-05-31,LC08,Nick Fisch,2,5,3,D,NA,0
2015-05-31,LC08,Nick Fisch,2,5,3.5,L,NA,0
2015-05-31,LC08,Nick Fisch,2,5,3.5,D,NA,0
2015-05-31,LC08,Nick Fisch,2,7,3.6,L,30,1
2015-05-31,LC08,Nick Fisch,2,7,3.6,D,36,1
2015-05-31,LC08,Nick Fisch,2,8,0.6,L,23,1
2015-05-31,LC08,Nick Fisch,2,8,0.6,L,24,1
2015-05-31,LC08,Nick Fisch,2,8,0.6,D,NA,0
2015-05-31,LC08,Nick Fisch,2,8,3.2,L,29,1
2015-05-31,LC08,Nick Fisch,2,8,3.2,L,37,1
2015-05-31,LC08,Nick Fisch,2,8,3.2,L,30,1
2015-05-31,LC08,Nick Fisch,2,8,3.2,D,NA,0
2015-05-31,LC08,Nick Fisch,2,8,3.9,L,26,1
2015-05-31,LC08,Nick Fisch,2,8,3.9,L,18,1
2015-05-31,LC08,Nick Fisch,2,8,3.9,L,32,1
2015-05-31,LC08,Nick Fisch,2,8,3.9,L,34,1
2015-05-31,LC08,Nick Fisch,2,8,3.9,L,41,1
2015-05-31,LC08,Nick Fisch,2,8,3.9,L,35,1
2015-05-31,LC08,Nick Fisch,2,8,3.9,L,31,1
2015-05-31,LC08,Nick Fisch,2,8,3.9,D,NA,0
2015-05-31,LC08,Nick Fisch,2,9,0.9,L,31,1
2015-05-31,LC08,Nick Fisch,2,9,0.9,L,34,1
2015-05-31,LC08,Nick Fisch,2,9,0.9,L,22,1
2015-05-31,LC08,Nick Fisch,2,9,0.9,D,NA,0
2015-05-31,LC08,Nick Fisch,2,11,0,L,24,1
2015-05-31,LC08,Nick Fisch,2,11,0,L,23,1
2015-05-31,LC08,Nick Fisch,2,11,0,D,NA,0
2015-05-31,LC08,Nick Fisch,2,11,1.7,L,NA,0
2015-05-31,LC08,Nick Fisch,2,11,1.7,D,NA,0
2015-05-31,LC08,Nick Fisch,2,13,3.3,L,29,1
2015-05-31,LC08,Nick Fisch,2,13,3.3,L,20,1
2015-05-31,LC08,Nick Fisch,2,13,3.3,D,22,1
2015-05-31,LC08,Nick Fisch,2,16,0.3,L,26,1
2015-05-31,LC08,Nick Fisch,2,16,0.3,D,NA,0
2015-05-31,LC08,Nick Fisch,2,19,1.7,L,30,1
2015-05-31,LC08,Nick Fisch,2,19,1.7,L,34,1
2015-05-31,LC08,Nick Fisch,2,19,1.7,D,NA,0
2015-05-31,LC08,Nick Fisch,2,20,2.3,L,NA,0
2015-05-31,LC08,Nick Fisch,2,20,2.3,D,NA,0
2015-05-31,LC08,Nick Fisch,3,0,3.6,L,21,1
2015-05-31,LC08,Nick Fisch,3,0,3.6,D,NA,0
2015-05-31,LC08,Nick Fisch,3,1,0.9,L,29,1
2015-05-31,LC08,Nick Fisch,3,1,0.9,L,24,1
2015-05-31,LC08,Nick Fisch,3,1,0.9,L,27,1
2015-05-31,LC08,Nick Fisch,3,1,0.9,L,28,1
2015-05-31,LC08,Nick Fisch,3,1,0.9,D,20,1
2015-05-31,LC08,Nick Fisch,3,1,3.1,L,24,1
2015-05-31,LC08,Nick Fisch,3,1,3.1,D,NA,0
2015-05-31,LC08,Nick Fisch,3,1,3.2,L,31,1
2015-05-31,LC08,Nick Fisch,3,1,3.2,D,NA,0
2015-05-31,LC08,Nick Fisch,3,2,3.1,L,31,1
2015-05-31,LC08,Nick Fisch,3,2,3.1,D,NA,0
2015-05-31,LC08,Nick Fisch,3,4,2.9,L,NA,0
2015-05-31,LC08,Nick Fisch,3,4,2.9,D,NA,0
2015-05-31,LC08,Nick Fisch,3,5,0.9,L,NA,0
2015-05-31,LC08,Nick Fisch,3,5,0.9,D,NA,0
2015-05-31,LC08,Nick Fisch,3,7,1.5,L,38,1
2015-05-31,LC08,Nick Fisch,3,7,1.5,L,27,1
2015-05-31,LC08,Nick Fisch,3,7,1.5,L,21,1
2015-05-31,LC08,Nick Fisch,3,7,1.5,L,31,1
2015-05-31,LC08,Nick Fisch,3,7,1.5,L,27,1
2015-05-31,LC08,Nick Fisch,3,7,1.5,L,32,1
2015-05-31,LC08,Nick Fisch,3,7,1.5,L,33,1
2015-05-31,LC08,Nick Fisch,3,7,1.5,L,26,1
2015-05-31,LC08,Nick Fisch,3,7,1.5,L,28,1
2015-05-31,LC08,Nick Fisch,3,7,1.5,L,18,1
2015-05-31,LC08,Nick Fisch,3,7,1.5,D,26,1
2015-05-31,LC08,Nick Fisch,3,7,1.5,L,NA,16
2015-05-31,LC08,Nick Fisch,3,11,2.2,L,26,1
2015-05-31,LC08,Nick Fisch,3,11,2.2,L,27,1
2015-05-31,LC08,Nick Fisch,3,11,2.2,L,21,1
2015-05-31,LC08,Nick Fisch,3,11,2.2,L,24,1
2015-05-31,LC08,Nick Fisch,3,11,2.2,L,15,1
2015-05-31,LC08,Nick Fisch,3,11,2.2,L,23,1
2015-05-31,LC08,Nick Fisch,3,11,2.2,L,25,1
2015-05-31,LC08,Nick Fisch,3,11,2.2,D,23,1
2015-05-31,LC08,Nick Fisch,3,13,0.3,L,31,1
2015-05-31,LC08,Nick Fisch,3,13,0.3,L,28,1
2015-05-31,LC08,Nick Fisch,3,13,0.3,L,34,1
2015-05-31,LC08,Nick Fisch,3,13,0.3,L,36,1
2015-05-31,LC08,Nick Fisch,3,13,0.3,L,48,1
2015-05-31,LC08,Nick Fisch,3,13,0.3,L,22,1
2015-05-31,LC08,Nick Fisch,3,13,0.3,L,23,1
2015-05-31,LC08,Nick Fisch,3,13,0.3,L,33,1
2015-05-31,LC08,Nick Fisch,3,13,0.3,D,NA,0
2015-05-31,LC08,Nick Fisch,3,14,1.6,L,NA,0
2015-05-31,LC08,Nick Fisch,3,14,1.6,D,NA,0
2015-05-31,LC08,Nick Fisch,3,15,0.1,L,28,1
2015-05-31,LC08,Nick Fisch,3,15,0.1,L,20,1
2015-05-31,LC08,Nick Fisch,3,15,0.1,L,19,1
2015-05-31,LC08,Nick Fisch,3,15,0.1,L,30,1
2015-05-31,LC08,Nick Fisch,3,15,0.1,L,31,1
2015-05-31,LC08,Nick Fisch,3,15,0.1,L,31,1
2015-05-31,LC08,Nick Fisch,3,15,0.1,L,34,1
2015-05-31,LC08,Nick Fisch,3,15,0.1,L,27,1
2015-05-31,LC08,Nick Fisch,3,15,0.1,L,32,1
2015-05-31,LC08,Nick Fisch,3,15,0.1,L,36,1
2015-05-31,LC08,Nick Fisch,3,15,0.1,L,21,1
2015-05-31,LC08,Nick Fisch,3,15,0.1,L,25,1
2015-05-31,LC08,Nick Fisch,3,15,0.1,L,32,1
2015-05-31,LC08,Nick Fisch,3,15,0.1,L,25,1
2015-05-31,LC08,Nick Fisch,3,15,0.1,L,24,1
2015-05-31,LC08,Nick Fisch,3,15,0.1,L,18,1
2015-05-31,LC08,Nick Fisch,3,15,0.1,D,20,1
2015-05-31,LC08,Nick Fisch,3,17,0.3,L,NA,0
2015-05-31,LC08,Nick Fisch,3,17,0.3,D,NA,0
2015-05-31,LC08,Nick Fisch,3,17,1.5,L,34,1
2015-05-31,LC08,Nick Fisch,3,17,1.5,L,15,1
2015-05-31,LC08,Nick Fisch,3,17,1.5,L,18,1
2015-05-31,LC08,Nick Fisch,3,17,1.5,L,15,1
2015-05-31,LC08,Nick Fisch,3,17,1.5,D,NA,0
2015-05-31,LC08,Nick Fisch,3,17,2.1,L,34,1
2015-05-31,LC08,Nick Fisch,3,17,2.1,D,NA,0
2015-06-01,LC06,Nick Fisch,1,4,2.25,L,38,1
2015-06-01,LC06,Nick Fisch,1,4,2.25,L,40,1
2015-06-01,LC06,Nick Fisch,1,4,2.25,L,27,1
2015-06-01,LC06,Nick Fisch,1,4,2.25,L,31,1
2015-06-01,LC06,Nick Fisch,1,4,2.25,L,36,1
2015-06-01,LC06,Nick Fisch,1,4,2.25,L,38,1
2015-06-01,LC06,Nick Fisch,1,4,2.25,L,48,1
2015-06-01,LC06,Nick Fisch,1,4,2.25,L,43,1
2015-06-01,LC06,Nick Fisch,1,4,2.25,L,49,1
2015-06-01,LC06,Nick Fisch,1,4,2.25,L,54,1
2015-06-01,LC06,Nick Fisch,1,4,2.25,L,33,1
2015-06-01,LC06,Nick Fisch,1,4,2.25,L,41,1
2015-06-01,LC06,Nick Fisch,1,4,2.25,L,28,1
2015-06-01,LC06,Nick Fisch,1,4,2.25,L,44,1
2015-06-01,LC06,Nick Fisch,1,4,2.25,L,33,1
2015-06-01,LC06,Nick Fisch,1,4,2.25,L,44,1
2015-06-01,LC06,Nick Fisch,1,4,2.25,L,22,1
2015-06-01,LC06,Nick Fisch,1,4,2.25,L,47,1
2015-06-01,LC06,Nick Fisch,1,4,2.25,L,39,1
2015-06-01,LC06,Nick Fisch,1,4,2.25,L,21,1
2015-06-01,LC06,Nick Fisch,1,4,2.25,L,43,1
2015-06-01,LC06,Nick Fisch,1,4,2.25,L,31,1
2015-06-01,LC06,Nick Fisch,1,4,2.25,D,23,1
2015-06-01,LC06,Nick Fisch,1,4,3.25,L,45,1
2015-06-01,LC06,Nick Fisch,1,4,3.25,D,NA,0
2015-06-01,LC06,Nick Fisch,1,7,2.5,L,34,1
2015-06-01,LC06,Nick Fisch,1,7,2.5,L,26,1
2015-06-01,LC06,Nick Fisch,1,7,2.5,L,27,1
2015-06-01,LC06,Nick Fisch,1,7,2.5,L,42,1
2015-06-01,LC06,Nick Fisch,1,7,2.5,L,31,1
2015-06-01,LC06,Nick Fisch,1,7,2.5,D,NA,0
2015-06-01,LC06,Nick Fisch,1,12,5,L,26,1
2015-06-01,LC06,Nick Fisch,1,12,5,L,28,1
2015-06-01,LC06,Nick Fisch,1,12,5,L,22,1
2015-06-01,LC06,Nick Fisch,1,12,5,L,37,1
2015-06-01,LC06,Nick Fisch,1,12,5,L,50,1
2015-06-01,LC06,Nick Fisch,1,12,5,L,24,1
2015-06-01,LC06,Nick Fisch,1,12,5,L,44,1
2015-06-01,LC06,Nick Fisch,1,12,5,L,24,1
2015-06-01,LC06,Nick Fisch,1,12,5,L,38,1
2015-06-01,LC06,Nick Fisch,1,12,5,L,42,1
2015-06-01,LC06,Nick Fisch,1,12,5,D,NA,0
2015-06-01,LC06,Nick Fisch,1,15,1,L,22,1
2015-06-01,LC06,Nick Fisch,1,15,1,D,NA,0
2015-06-01,LC06,Nick Fisch,1,19,1,L,55,1
2015-06-01,LC06,Nick Fisch,1,19,1,L,56,1
2015-06-01,LC06,Nick Fisch,1,19,1,L,20,1
2015-06-01,LC06,Nick Fisch,1,19,1,L,49,1
2015-06-01,LC06,Nick Fisch,1,19,1,L,60,1
2015-06-01,LC06,Nick Fisch,1,19,1,L,30,1
2015-06-01,LC06,Nick Fisch,1,19,1,L,31,1
2015-06-01,LC06,Nick Fisch,1,19,1,L,25,1
2015-06-01,LC06,Nick Fisch,1,19,1,L,28,1
2015-06-01,LC06,Nick Fisch,1,19,1,L,52,1
2015-06-01,LC06,Nick Fisch,1,19,1,L,19,1
2015-06-01,LC06,Nick Fisch,1,19,1,L,31,1
2015-06-01,LC06,Nick Fisch,1,19,1,L,47,1
2015-06-01,LC06,Nick Fisch,1,19,1,L,24,1
2015-06-01,LC06,Nick Fisch,1,19,1,L,47,1
2015-06-01,LC06,Nick Fisch,1,19,1,L,30,1
2015-06-01,LC06,Nick Fisch,1,19,1,L,51,1
2015-06-01,LC06,Nick Fisch,1,19,1,L,28,1
2015-06-01,LC06,Nick Fisch,1,19,1,L,46,1
2015-06-01,LC06,Nick Fisch,1,19,1,L,44,1
2015-06-01,LC06,Nick Fisch,1,19,1,L,30,1
2015-06-01,LC06,Nick Fisch,1,19,1,L,50,1
2015-06-01,LC06,Nick Fisch,1,19,1,D,NA,0
2015-06-01,LC06,Nick Fisch,2,1,4.25,L,33,1
2015-06-01,LC06,Nick Fisch,2,1,4.25,L,44,1
2015-06-01,LC06,Nick Fisch,2,1,4.25,L,67,1
2015-06-01,LC06,Nick Fisch,2,1,4.25,L,55,1
2015-06-01,LC06,Nick Fisch,2,1,4.25,L,19,1
2015-06-01,LC06,Nick Fisch,2,1,4.25,L,52,1
2015-06-01,LC06,Nick Fisch,2,1,4.25,L,25,1
2015-06-01,LC06,Nick Fisch,2,1,4.25,L,32,1
2015-06-01,LC06,Nick Fisch,2,1,4.25,L,19,1
2015-06-01,LC06,Nick Fisch,2,1,4.25,D,34,1
2015-06-01,LC06,Nick Fisch,2,1,4.25,L,NA,15
2015-06-01,LC06,Nick Fisch,2,6,3.25,L,30,1
2015-06-01,LC06,Nick Fisch,2,6,3.25,L,26,1
2015-06-01,LC06,Nick Fisch,2,6,3.25,L,25,1
2015-06-01,LC06,Nick Fisch,2,6,3.25,L,25,1
2015-06-01,LC06,Nick Fisch,2,6,3.25,L,56,1
2015-06-01,LC06,Nick Fisch,2,6,3.25,L,64,1
2015-06-01,LC06,Nick Fisch,2,6,3.25,D,NA,0
2015-06-01,LC06,Nick Fisch,2,6,3.5,L,38,1
2015-06-01,LC06,Nick Fisch,2,6,3.5,L,32,1
2015-06-01,LC06,Nick Fisch,2,6,3.5,L,32,1
2015-06-01,LC06,Nick Fisch,2,6,3.5,L,34,1
2015-06-01,LC06,Nick Fisch,2,6,3.5,L,42,1
2015-06-01,LC06,Nick Fisch,2,6,3.5,L,31,1
2015-06-01,LC06,Nick Fisch,2,6,3.5,L,60,1
2015-06-01,LC06,Nick Fisch,2,6,3.5,L,36,1
2015-06-01,LC06,Nick Fisch,2,6,3.5,L,19,1
2015-06-01,LC06,Nick Fisch,2,6,3.5,L,42,1
2015-06-01,LC06,Nick Fisch,2,6,3.5,L,31,1
2015-06-01,LC06,Nick Fisch,2,6,3.5,L,38,1
2015-06-01,LC06,Nick Fisch,2,6,3.5,L,31,1
2015-06-01,LC06,Nick Fisch,2,6,3.5,L,41,1
2015-06-01,LC06,Nick Fisch,2,6,3.5,D,NA,7
2015-06-01,LC06,Nick Fisch,2,7,1.75,L,NA,0
2015-06-01,LC06,Nick Fisch,2,7,1.75,D,NA,0
2015-06-01,LC06,Nick Fisch,2,9,0,L,44,1
2015-06-01,LC06,Nick Fisch,2,9,0,L,33,1
2015-06-01,LC06,Nick Fisch,2,9,0,L,49,1
2015-06-01,LC06,Nick Fisch,2,9,0,L,31,1
2015-06-01,LC06,Nick Fisch,2,9,0,L,28,1
2015-06-01,LC06,Nick Fisch,2,9,0,D,15,1
2015-06-01,LC06,Nick Fisch,2,9,4.5,L,21,1
2015-06-01,LC06,Nick Fisch,2,9,4.5,L,32,1
2015-06-01,LC06,Nick Fisch,2,9,4.5,L,25,1
2015-06-01,LC06,Nick Fisch,2,9,4.5,L,37,1
2015-06-01,LC06,Nick Fisch,2,9,4.5,L,54,1
2015-06-01,LC06,Nick Fisch,2,9,4.5,L,42,1
2015-06-01,LC06,Nick Fisch,2,9,4.5,L,30,1
2015-06-01,LC06,Nick Fisch,2,9,4.5,L,35,1
2015-06-01,LC06,Nick Fisch,2,9,4.5,D,NA,0
2015-06-01,LC06,Nick Fisch,2,11,4,L,60,1
2015-06-01,LC06,Nick Fisch,2,11,4,L,55,1
2015-06-01,LC06,Nick Fisch,2,11,4,L,29,1
2015-06-01,LC06,Nick Fisch,2,11,4,L,30,1
2015-06-01,LC06,Nick Fisch,2,11,4,L,37,1
2015-06-01,LC06,Nick Fisch,2,11,4,L,49,1
2015-06-01,LC06,Nick Fisch,2,11,4,L,25,1
2015-06-01,LC06,Nick Fisch,2,11,4,L,47,1
2015-06-01,LC06,Nick Fisch,2,11,4,L,35,1
2015-06-01,LC06,Nick Fisch,2,11,4,L,28,1
2015-06-01,LC06,Nick Fisch,2,11,4,L,38,1
2015-06-01,LC06,Nick Fisch,2,11,4,L,46,1
2015-06-01,LC06,Nick Fisch,2,11,4,L,30,1
2015-06-01,LC06,Nick Fisch,2,11,4,D,NA,0
2015-06-01,LC06,Nick Fisch,2,12,1.75,L,37,1
2015-06-01,LC06,Nick Fisch,2,12,1.75,L,38,1
2015-06-01,LC06,Nick Fisch,2,12,1.75,D,NA,0
2015-06-01,LC06,Nick Fisch,2,13,4.75,L,37,1
2015-06-01,LC06,Nick Fisch,2,13,4.75,L,27,1
2015-06-01,LC06,Nick Fisch,2,13,4.75,D,NA,0
2015-06-01,LC06,Nick Fisch,2,17,1,L,31,1
2015-06-01,LC06,Nick Fisch,2,17,1,L,24,1
2015-06-01,LC06,Nick Fisch,2,17,1,L,19,1
2015-06-01,LC06,Nick Fisch,2,17,1,L,33,1
2015-06-01,LC06,Nick Fisch,2,17,1,L,29,1
2015-06-01,LC06,Nick Fisch,2,17,1,L,24,1
2015-06-01,LC06,Nick Fisch,2,17,1,L,36,1
2015-06-01,LC06,Nick Fisch,2,17,1,D,NA,0
2015-06-01,LC06,Nick Fisch,2,17,1.5,L,52,1
2015-06-01,LC06,Nick Fisch,2,17,1.5,L,32,1
2015-06-01,LC06,Nick Fisch,2,17,1.5,L,27,1
2015-06-01,LC06,Nick Fisch,2,17,1.5,L,36,1
2015-06-01,LC06,Nick Fisch,2,17,1.5,L,20,1
2015-06-01,LC06,Nick Fisch,2,17,1.5,L,41,1
2015-06-01,LC06,Nick Fisch,2,17,1.5,L,32,1
2015-06-01,LC06,Nick Fisch,2,17,1.5,L,30,1
2015-06-01,LC06,Nick Fisch,2,17,1.5,L,47,1
2015-06-01,LC06,Nick Fisch,2,17,1.5,D,NA,0
2015-06-01,LC06,Nick Fisch,2,19,1,L,45,1
2015-06-01,LC06,Nick Fisch,2,19,1,L,24,1
2015-06-01,LC06,Nick Fisch,2,19,1,L,22,1
2015-06-01,LC06,Nick Fisch,2,19,1,L,19,1
2015-06-01,LC06,Nick Fisch,2,19,1,L,35,1
2015-06-01,LC06,Nick Fisch,2,19,1,L,22,1
2015-06-01,LC06,Nick Fisch,2,19,1,L,32,1
2015-06-01,LC06,Nick Fisch,2,19,1,L,31,1
2015-06-01,LC06,Nick Fisch,2,19,1,D,35,1
2015-06-01,LC06,Nick Fisch,2,19,1.25,L,39,1
2015-06-01,LC06,Nick Fisch,2,19,1.25,L,48,1
2015-06-01,LC06,Nick Fisch,2,19,1.25,L,45,1
2015-06-01,LC06,Nick Fisch,2,19,1.25,L,28,1
2015-06-01,LC06,Nick Fisch,2,19,1.25,L,31,1
2015-06-01,LC06,Nick Fisch,2,19,1.25,L,26,1
2015-06-01,LC06,Nick Fisch,2,19,1.25,D,NA,0
2015-06-01,LC06,Nick Fisch,3,2,2.5,L,54,1
2015-06-01,LC06,Nick Fisch,3,2,2.5,L,90,1
2015-06-01,LC06,Nick Fisch,3,2,2.5,L,125,1
2015-06-01,LC06,Nick Fisch,3,2,2.5,L,48,1
2015-06-01,LC06,Nick Fisch,3,2,2.5,L,75,1
2015-06-01,LC06,Nick Fisch,3,2,2.5,L,107,1
2015-06-01,LC06,Nick Fisch,3,2,2.5,L,86,1
2015-06-01,LC06,Nick Fisch,3,2,2.5,L,78,1
2015-06-01,LC06,Nick Fisch,3,2,2.5,D,95,1
2015-06-01,LC06,Nick Fisch,3,2,2.5,L,NA,34
2015-06-01,LC06,Nick Fisch,3,3,0.5,L,19,1
2015-06-01,LC06,Nick Fisch,3,3,0.5,L,24,1
2015-06-01,LC06,Nick Fisch,3,3,0.5,D,15,1
2015-06-01,LC06,Nick Fisch,3,4,3,L,25,1
2015-06-01,LC06,Nick Fisch,3,4,3,L,41,1
2015-06-01,LC06,Nick Fisch,3,4,3,L,25,1
2015-06-01,LC06,Nick Fisch,3,4,3,L,17,1
2015-06-01,LC06,Nick Fisch,3,4,3,L,19,1
2015-06-01,LC06,Nick Fisch,3,4,3,L,38,1
2015-06-01,LC06,Nick Fisch,3,4,3,D,20,1
2015-06-01,LC06,Nick Fisch,3,5,0.5,L,19,1
2015-06-01,LC06,Nick Fisch,3,5,0.5,L,29,1
2015-06-01,LC06,Nick Fisch,3,5,0.5,L,20,1
2015-06-01,LC06,Nick Fisch,3,5,0.5,L,27,1
2015-06-01,LC06,Nick Fisch,3,5,0.5,D,NA,0
2015-06-01,LC06,Nick Fisch,3,5,1.5,L,24,1
2015-06-01,LC06,Nick Fisch,3,5,1.5,L,26,1
2015-06-01,LC06,Nick Fisch,3,5,1.5,L,38,1
2015-06-01,LC06,Nick Fisch,3,5,1.5,L,18,1
2015-06-01,LC06,Nick Fisch,3,5,1.5,L,37,1
2015-06-01,LC06,Nick Fisch,3,5,1.5,L,23,1
2015-06-01,LC06,Nick Fisch,3,5,1.5,L,27,1
2015-06-01,LC06,Nick Fisch,3,5,1.5,L,46,1
2015-06-01,LC06,Nick Fisch,3,5,1.5,L,23,1
2015-06-01,LC06,Nick Fisch,3,5,1.5,L,30,1
2015-06-01,LC06,Nick Fisch,3,5,1.5,L,40,1
2015-06-01,LC06,Nick Fisch,3,5,1.5,L,32,1
2015-06-01,LC06,Nick Fisch,3,5,1.5,L,27,1
2015-06-01,LC06,Nick Fisch,3,5,1.5,L,34,1
2015-06-01,LC06,Nick Fisch,3,5,1.5,L,26,1
2015-06-01,LC06,Nick Fisch,3,5,1.5,D,20,1
2015-06-01,LC06,Nick Fisch,3,7,1.5,L,33,1
2015-06-01,LC06,Nick Fisch,3,7,1.5,D,28,1
2015-06-01,LC06,Nick Fisch,3,7,2.5,L,45,1
2015-06-01,LC06,Nick Fisch,3,7,2.5,L,19,1
2015-06-01,LC06,Nick Fisch,3,7,2.5,L,48,1
2015-06-01,LC06,Nick Fisch,3,7,2.5,L,18,1
2015-06-01,LC06,Nick Fisch,3,7,2.5,L,21,1
2015-06-01,LC06,Nick Fisch,3,7,2.5,L,29,1
2015-06-01,LC06,Nick Fisch,3,7,2.5,L,16,1
2015-06-01,LC06,Nick Fisch,3,7,2.5,L,45,1
2015-06-01,LC06,Nick Fisch,3,7,2.5,L,40,1
2015-06-01,LC06,Nick Fisch,3,7,2.5,D,34,1
2015-06-01,LC06,Nick Fisch,3,14,0.25,L,42,1
2015-06-01,LC06,Nick Fisch,3,14,0.25,L,45,1
2015-06-01,LC06,Nick Fisch,3,14,0.25,L,43,1
2015-06-01,LC06,Nick Fisch,3,14,0.25,L,48,1
2015-06-01,LC06,Nick Fisch,3,14,0.25,D,NA,0
2015-06-01,LC06,Nick Fisch,3,16,3.75,L,50,1
2015-06-01,LC06,Nick Fisch,3,16,3.75,L,2,1
2015-06-01,LC06,Nick Fisch,3,16,3.75,L,45,1
2015-06-01,LC06,Nick Fisch,3,16,3.75,L,28,1
2015-06-01,LC06,Nick Fisch,3,16,3.75,D,NA,0
2015-06-01,LC06,Nick Fisch,3,16,4.5,L,48,1
2015-06-01,LC06,Nick Fisch,3,16,4.5,L,39,1
2015-06-01,LC06,Nick Fisch,3,16,4.5,L,32,1
2015-06-01,LC06,Nick Fisch,3,16,4.5,L,26,1
2015-06-01,LC06,Nick Fisch,3,16,4.5,L,42,1
2015-06-01,LC06,Nick Fisch,3,16,4.5,L,40,1
2015-06-01,LC06,Nick Fisch,3,16,4.5,L,34,1
2015-06-01,LC06,Nick Fisch,3,16,4.5,L,29,1
2015-06-01,LC06,Nick Fisch,3,16,4.5,L,51,1
2015-06-01,LC06,Nick Fisch,3,16,4.5,L,35,1
2015-06-01,LC06,Nick Fisch,3,16,4.5,L,18,1
2015-06-01,LC06,Nick Fisch,3,16,4.5,L,42,1
2015-06-01,LC06,Nick Fisch,3,16,4.5,D,NA,0
2015-06-01,LC06,Nick Fisch,3,19,0.75,L,40,1
2015-06-01,LC06,Nick Fisch,3,19,0.75,D,NA,0
2015-06-01,LC06,Nick Fisch,3,19,3.5,L,28,1
2015-06-01,LC06,Nick Fisch,3,19,3.5,L,17,1
2015-06-01,LC06,Nick Fisch,3,19,3.5,L,25,1
2015-06-01,LC06,Nick Fisch,3,19,3.5,L,28,1
2015-06-01,LC06,Nick Fisch,3,19,3.5,L,37,1
2015-06-01,LC06,Nick Fisch,3,19,3.5,L,28,1
2015-06-01,LC06,Nick Fisch,3,19,3.5,L,49,1
2015-06-01,LC06,Nick Fisch,3,19,3.5,L,31,1
2015-06-01,LC06,Nick Fisch,3,19,3.5,L,38,1
2015-06-01,LC06,Nick Fisch,3,19,3.5,D,NA,0
2015-06-01,LC06,Nick Fisch,3,20,2.75,L,37,1
2015-06-01,LC06,Nick Fisch,3,20,2.75,D,NA,0
2015-06-01,LC06,Nick Fisch,3,20,4.5,L,27,1
2015-06-01,LC06,Nick Fisch,3,20,4.5,D,NA,0
