Date,Station,Transect,Survey_type,Lat,Long,filename
,,NA,Quadrat,NA,NA,OysterData_16Feb2018_Quadrat_final.csv
10/27/2010,,NA,Quadrat,NA,NA,Grid_data_Nov_2012_bp.csv
12/8/2010,,NA,Quadrat,NA,NA,Grid_data_Nov_2012_bp.csv
1/30/2018,BTI11,NA,Quadrat,29.26693,83.08455,OysterData_30Jan2018_Quadrat_final.csv
1/30/2018,BTI12,NA,Quadrat,29.26691,83.08456,OysterData_30Jan2018_Quadrat_final.csv
1/30/2018,BTI21,NA,Quadrat,29.26827,83.08306,OysterData_30Jan2018_Quadrat_final.csv
1/30/2018,BTI22,NA,Quadrat,29.26822,83.08311,OysterData_30Jan2018_Quadrat_final.csv
1/30/2018,BTI31,NA,Quadrat,29.2673,83.08237,OysterData_30Jan2018_Quadrat_final.csv
1/30/2018,BTI32,NA,Quadrat,29.26738,83.08236,OysterData_30Jan2018_Quadrat_final.csv
1/30/2018,BTI41,NA,Quadrat,29.26526,83.08311,OysterData_30Jan2018_Quadrat_final.csv
1/30/2018,BTI42,NA,Quadrat,29.26542,83.08289,OysterData_30Jan2018_Quadrat_final.csv
1/30/2018,BTI43,NA,Quadrat,29.26534,83.08294,OysterData_30Jan2018_Quadrat_final.csv
10/17/2012,CKI1,NA,Quadrat,NA,NA,Grid_data_Nov_2012_bp.csv
10/17/2012,CKI1,NA,Transect,NA,NA,Transect_data_Nov_2012_bp.csv
10/27/2010,CKI1,NA,Transect,NA,NA,Transect_data_Nov_2012_bp.csv
12/8/2010,CKI1,NA,Transect,NA,NA,Transect_data_Nov_2012_bp.csv
5/27/2010,CKI1,NA,Quadrat,NA,NA,Grid_data_Nov_2012_bp.csv
5/27/2010,CKI1,NA,Transect,3227972,300804,Transect_data_Nov_2012_bp.csv
7/12/2011,CKI1,NA,Transect,NA,NA,Transect_data_Nov_2012_bp.csv
7/9/2010,CKI1,NA,Quadrat,NA,NA,Grid_data_Nov_2012_bp.csv
7/9/2010,CKI1,NA,Transect,3227972,300804,Transect_data_Nov_2012_bp.csv
8/8/2010,CKI1,NA,Quadrat,NA,NA,Grid_data_Nov_2012_bp.csv
8/8/2010,CKI1,NA,Transect,NA,NA,Transect_data_Nov_2012_bp.csv
10/16/2012,CKI2,NA,Quadrat,NA,NA,Grid_data_Nov_2012_bp.csv
10/16/2012,CKI2,NA,Transect,NA,NA,Transect_data_Nov_2012_bp.csv
5/27/2010,CKI2,NA,Quadrat,NA,NA,Grid_data_Nov_2012_bp.csv
5/27/2010,CKI2,NA,Transect,3227813,300736,Transect_data_Nov_2012_bp.csv
7/9/2010,CKI2,NA,Quadrat,NA,NA,Grid_data_Nov_2012_bp.csv
7/9/2010,CKI2,NA,Transect,3227813,300736,Transect_data_Nov_2012_bp.csv
8/8/2010,CKI2,NA,Quadrat,NA,NA,Grid_data_Nov_2012_bp.csv
8/8/2010,CKI2,NA,Transect,NA,NA,Transect_data_Nov_2012_bp.csv
5/27/2010,CKI3,NA,Quadrat,NA,NA,Grid_data_Nov_2012_bp.csv
5/27/2010,CKI3,NA,Transect,3228267,300734,Transect_data_Nov_2012_bp.csv
7/9/2010,CKI3,NA,Quadrat,NA,NA,Grid_data_Nov_2012_bp.csv
7/9/2010,CKI3,NA,Transect,3228267,300734,Transect_data_Nov_2012_bp.csv
NA,CKIA,NA,Grub,29.16843,83.04439,Grub_locations.csv
10/16/2012,CKN1,NA,Quadrat,NA,NA,Grid_data_Nov_2012_bp.csv
10/16/2012,CKN1,NA,Transect,NA,NA,Transect_data_Nov_2012_bp.csv
10/27/2010,CKN1,NA,Transect,NA,NA,Transect_data_Nov_2012_bp.csv
12/8/2010,CKN1,NA,Transect,NA,NA,Transect_data_Nov_2012_bp.csv
5/27/2010,CKN1,NA,Quadrat,NA,NA,Grid_data_Nov_2012_bp.csv
5/27/2010,CKN1,NA,Transect,3227182,299767,Transect_data_Nov_2012_bp.csv
7/12/2011,CKN1,NA,Transect,NA,NA,Transect_data_Nov_2012_bp.csv
7/9/2010,CKN1,NA,Quadrat,NA,NA,Grid_data_Nov_2012_bp.csv
7/9/2010,CKN1,NA,Transect,3227182,299767,Transect_data_Nov_2012_bp.csv
8/8/2010,CKN1,NA,Quadrat,NA,NA,Grid_data_Nov_2012_bp.csv
8/8/2010,CKN1,NA,Transect,NA,NA,Transect_data_Nov_2012_bp.csv
10/17/2012,CKN2,NA,Quadrat,NA,NA,Grid_data_Nov_2012_bp.csv
10/17/2012,CKN2,NA,Transect,NA,NA,Transect_data_Nov_2012_bp.csv
5/27/2010,CKN2,NA,Quadrat,NA,NA,Grid_data_Nov_2012_bp.csv
5/27/2010,CKN2,NA,Transect,3226660,299777,Transect_data_Nov_2012_bp.csv
7/12/2011,CKN2,NA,Transect,NA,NA,Transect_data_Nov_2012_bp.csv
7/9/2010,CKN2,NA,Quadrat,NA,NA,Grid_data_Nov_2012_bp.csv
7/9/2010,CKN2,NA,Transect,3226660,299777,Transect_data_Nov_2012_bp.csv
8/8/2010,CKN2,NA,Quadrat,NA,NA,Grid_data_Nov_2012_bp.csv
8/8/2010,CKN2,NA,Transect,NA,NA,Transect_data_Nov_2012_bp.csv
10/16/2012,CKN3,NA,Quadrat,NA,NA,Grid_data_Nov_2012_bp.csv
10/16/2012,CKN3,NA,Transect,NA,NA,Transect_data_Nov_2012_bp.csv
5/27/2010,CKN3,NA,Quadrat,NA,NA,Grid_data_Nov_2012_bp.csv
5/27/2010,CKN3,NA,Transect,3227068,299555,Transect_data_Nov_2012_bp.csv
7/12/2011,CKN3,NA,Transect,NA,NA,Transect_data_Nov_2012_bp.csv
7/9/2010,CKN3,NA,Quadrat,NA,NA,Grid_data_Nov_2012_bp.csv
7/9/2010,CKN3,NA,Transect,3227068,299555,Transect_data_Nov_2012_bp.csv
8/8/2010,CKN3,NA,Quadrat,NA,NA,Grid_data_Nov_2012_bp.csv
8/8/2010,CKN3,NA,Transect,NA,NA,Transect_data_Nov_2012_bp.csv
NA,CKNB,NA,Grub,29.15781,83.05475,Grub_locations.csv
10/16/2012,CKO1,NA,Quadrat,NA,NA,Grid_data_Nov_2012_bp.csv
10/16/2012,CKO1,NA,Transect,NA,NA,Transect_data_Nov_2012_bp.csv
10/27/2010,CKO1,NA,Transect,NA,NA,Transect_data_Nov_2012_bp.csv
12/8/2010,CKO1,NA,Transect,NA,NA,Transect_data_Nov_2012_bp.csv
5/27/2010,CKO1,NA,Quadrat,NA,NA,Grid_data_Nov_2012_bp.csv
5/27/2010,CKO1,NA,Transect,3226099,298326,Transect_data_Nov_2012_bp.csv
7/12/2011,CKO1,NA,Transect,NA,NA,Transect_data_Nov_2012_bp.csv
7/9/2010,CKO1,NA,Quadrat,NA,NA,Grid_data_Nov_2012_bp.csv
7/9/2010,CKO1,NA,Transect,3226099,298326,Transect_data_Nov_2012_bp.csv
8/8/2010,CKO1,NA,Quadrat,NA,NA,Grid_data_Nov_2012_bp.csv
8/8/2010,CKO1,NA,Transect,NA,NA,Transect_data_Nov_2012_bp.csv
10/16/2012,CKO2,NA,Quadrat,NA,NA,Grid_data_Nov_2012_bp.csv
10/16/2012,CKO2,NA,Transect,NA,NA,Transect_data_Nov_2012_bp.csv
5/27/2010,CKO2,NA,Quadrat,NA,NA,Grid_data_Nov_2012_bp.csv
5/27/2010,CKO2,NA,Transect,3225980,298351,Transect_data_Nov_2012_bp.csv
7/12/2011,CKO2,NA,Transect,NA,NA,Transect_data_Nov_2012_bp.csv
7/9/2010,CKO2,NA,Quadrat,NA,NA,Grid_data_Nov_2012_bp.csv
7/9/2010,CKO2,NA,Transect,3225980,298351,Transect_data_Nov_2012_bp.csv
8/8/2010,CKO2,NA,Quadrat,NA,NA,Grid_data_Nov_2012_bp.csv
8/8/2010,CKO2,NA,Transect,NA,NA,Transect_data_Nov_2012_bp.csv
10/16/2012,CKO3,NA,Quadrat,NA,NA,Grid_data_Nov_2012_bp.csv
10/16/2012,CKO3,NA,Transect,NA,NA,Transect_data_Nov_2012_bp.csv
5/27/2010,CKO3,NA,Quadrat,NA,NA,Grid_data_Nov_2012_bp.csv
5/27/2010,CKO3,NA,Transect,3226055,298392,Transect_data_Nov_2012_bp.csv
7/12/2011,CKO3,NA,Transect,NA,NA,Transect_data_Nov_2012_bp.csv
7/9/2010,CKO3,NA,Quadrat,NA,NA,Grid_data_Nov_2012_bp.csv
7/9/2010,CKO3,NA,Transect,3226055,298392,Transect_data_Nov_2012_bp.csv
8/8/2010,CKO3,NA,Quadrat,NA,NA,Grid_data_Nov_2012_bp.csv
8/8/2010,CKO3,NA,Transect,NA,NA,Transect_data_Nov_2012_bp.csv
NA,CKOA,NA,Grub,29.14634,83.07288,Grub_locations.csv
10/16/2012,CRI1,NA,Quadrat,NA,NA,Grid_data_Nov_2012_bp.csv
10/16/2012,CRI1,NA,Transect,NA,NA,Transect_data_Nov_2012_bp.csv
10/25/2010,CRI1,NA,Quadrat,NA,NA,Grid_data_Nov_2012_bp.csv
10/25/2010,CRI1,NA,Transect,3228724,306778,Transect_data_Nov_2012_bp.csv
12/6/2010,CRI1,NA,Quadrat,NA,NA,Grid_data_Nov_2012_bp.csv
12/6/2010,CRI1,NA,Transect,3228724,306778,Transect_data_Nov_2012_bp.csv
5/24/2010,CRI1,NA,Quadrat,NA,NA,Grid_data_Nov_2012_bp.csv
5/24/2010,CRI1,NA,Transect,3228724,306778,Transect_data_Nov_2012_bp.csv
7/12/2011,CRI1,NA,Quadrat,NA,NA,Grid_data_Nov_2012_bp.csv
7/12/2011,CRI1,NA,Transect,NA,NA,Transect_data_Nov_2012_bp.csv
7/9/2010,CRI1,NA,Quadrat,NA,NA,Grid_data_Nov_2012_bp.csv
7/9/2010,CRI1,NA,Transect,3228724,306778,Transect_data_Nov_2012_bp.csv
8/5/2010,CRI1,NA,Quadrat,NA,NA,Grid_data_Nov_2012_bp.csv
8/5/2010,CRI1,NA,Transect,NA,NA,Transect_data_Nov_2012_bp.csv
10/16/2012,CRI2,NA,Quadrat,NA,NA,Grid_data_Nov_2012_bp.csv
10/16/2012,CRI2,NA,Transect,NA,NA,Transect_data_Nov_2012_bp.csv
10/25/2010,CRI2,NA,Quadrat,NA,NA,Grid_data_Nov_2012_bp.csv
10/25/2010,CRI2,NA,Transect,3228814,306883,Transect_data_Nov_2012_bp.csv
12/6/2010,CRI2,NA,Quadrat,NA,NA,Grid_data_Nov_2012_bp.csv
12/6/2010,CRI2,NA,Transect,3228814,306883,Transect_data_Nov_2012_bp.csv
5/27/2010,CRI2,NA,Quadrat,NA,NA,Grid_data_Nov_2012_bp.csv
5/27/2010,CRI2,NA,Transect,3228814,306883,Transect_data_Nov_2012_bp.csv
7/12/2011,CRI2,NA,Quadrat,NA,NA,Grid_data_Nov_2012_bp.csv
7/12/2011,CRI2,NA,Transect,NA,NA,Transect_data_Nov_2012_bp.csv
7/6/2010,CRI2,NA,Quadrat,NA,NA,Grid_data_Nov_2012_bp.csv
7/6/2010,CRI2,NA,Transect,3228814,306883,Transect_data_Nov_2012_bp.csv
8/5/2010,CRI2,NA,Quadrat,NA,NA,Grid_data_Nov_2012_bp.csv
8/5/2010,CRI2,NA,Transect,NA,NA,Transect_data_Nov_2012_bp.csv
10/16/2012,CRI3,NA,Transect,NA,NA,Transect_data_Nov_2012_bp.csv
10/25/2010,CRI3,NA,Quadrat,NA,NA,Grid_data_Nov_2012_bp.csv
10/25/2010,CRI3,NA,Transect,3228950,306723,Transect_data_Nov_2012_bp.csv
12/6/2010,CRI3,NA,Quadrat,NA,NA,Grid_data_Nov_2012_bp.csv
12/6/2010,CRI3,NA,Transect,3228950,306723,Transect_data_Nov_2012_bp.csv
5/27/2010,CRI3,NA,Quadrat,NA,NA,Grid_data_Nov_2012_bp.csv
5/27/2010,CRI3,NA,Transect,3228950,306723,Transect_data_Nov_2012_bp.csv
7/12/2011,CRI3,NA,Quadrat,NA,NA,Grid_data_Nov_2012_bp.csv
7/12/2011,CRI3,NA,Transect,NA,NA,Transect_data_Nov_2012_bp.csv
7/9/2010,CRI3,NA,Quadrat,NA,NA,Grid_data_Nov_2012_bp.csv
7/9/2010,CRI3,NA,Transect,3228950,306723,Transect_data_Nov_2012_bp.csv
8/5/2010,CRI3,NA,Quadrat,NA,NA,Grid_data_Nov_2012_bp.csv
8/5/2010,CRI3,NA,Transect,NA,NA,Transect_data_Nov_2012_bp.csv
10/16/2012,CRN1,NA,Quadrat,NA,NA,Grid_data_Nov_2012_bp.csv
10/16/2012,CRN1,NA,Transect,NA,NA,Transect_data_Nov_2012_bp.csv
10/25/2010,CRN1,NA,Quadrat,NA,NA,Grid_data_Nov_2012_bp.csv
10/25/2010,CRN1,NA,Transect,3227868,306120,Transect_data_Nov_2012_bp.csv
12/6/2010,CRN1,NA,Quadrat,NA,NA,Grid_data_Nov_2012_bp.csv
12/6/2010,CRN1,NA,Transect,3227868,306120,Transect_data_Nov_2012_bp.csv
5/23/2010,CRN1,NA,Quadrat,NA,NA,Grid_data_Nov_2012_bp.csv
5/23/2010,CRN1,NA,Transect,3227868,306120,Transect_data_Nov_2012_bp.csv
7/12/2011,CRN1,NA,Quadrat,NA,NA,Grid_data_Nov_2012_bp.csv
7/12/2011,CRN1,NA,Transect,NA,NA,Transect_data_Nov_2012_bp.csv
7/9/2010,CRN1,NA,Quadrat,NA,NA,Grid_data_Nov_2012_bp.csv
7/9/2010,CRN1,NA,Transect,3227868,306120,Transect_data_Nov_2012_bp.csv
8/5/2010,CRN1,NA,Quadrat,NA,NA,Grid_data_Nov_2012_bp.csv
8/5/2010,CRN1,NA,Transect,NA,NA,Transect_data_Nov_2012_bp.csv
10/16/2012,CRN2,NA,Quadrat,NA,NA,Grid_data_Nov_2012_bp.csv
10/16/2012,CRN2,NA,Transect,NA,NA,Transect_data_Nov_2012_bp.csv
10/25/2010,CRN2,NA,Quadrat,NA,NA,Grid_data_Nov_2012_bp.csv
10/25/2010,CRN2,NA,Transect,3227983,306158,Transect_data_Nov_2012_bp.csv
12/6/2010,CRN2,NA,Quadrat,NA,NA,Grid_data_Nov_2012_bp.csv
12/6/2010,CRN2,NA,Transect,3227983,306158,Transect_data_Nov_2012_bp.csv
5/24/2010,CRN2,NA,Quadrat,NA,NA,Grid_data_Nov_2012_bp.csv
5/24/2010,CRN2,NA,Transect,3227983,306158,Transect_data_Nov_2012_bp.csv
7/12/2011,CRN2,NA,Quadrat,NA,NA,Grid_data_Nov_2012_bp.csv
7/12/2011,CRN2,NA,Transect,NA,NA,Transect_data_Nov_2012_bp.csv
7/9/2010,CRN2,NA,Quadrat,NA,NA,Grid_data_Nov_2012_bp.csv
7/9/2010,CRN2,NA,Transect,3227983,306158,Transect_data_Nov_2012_bp.csv
8/5/2010,CRN2,NA,Quadrat,NA,NA,Grid_data_Nov_2012_bp.csv
8/5/2010,CRN2,NA,Transect,NA,NA,Transect_data_Nov_2012_bp.csv
10/16/2012,CRN3,NA,Quadrat,NA,NA,Grid_data_Nov_2012_bp.csv
10/16/2012,CRN3,NA,Transect,NA,NA,Transect_data_Nov_2012_bp.csv
10/25/2010,CRN3,NA,Quadrat,NA,NA,Grid_data_Nov_2012_bp.csv
10/25/2010,CRN3,NA,Transect,3228017,306646,Transect_data_Nov_2012_bp.csv
12/6/2010,CRN3,NA,Quadrat,NA,NA,Grid_data_Nov_2012_bp.csv
12/6/2010,CRN3,NA,Transect,3228017,306646,Transect_data_Nov_2012_bp.csv
5/24/2010,CRN3,NA,Quadrat,NA,NA,Grid_data_Nov_2012_bp.csv
5/24/2010,CRN3,NA,Transect,3228017,306646,Transect_data_Nov_2012_bp.csv
7/10/2010,CRN3,NA,Quadrat,NA,NA,Grid_data_Nov_2012_bp.csv
7/10/2010,CRN3,NA,Transect,3228017,306646,Transect_data_Nov_2012_bp.csv
7/12/2011,CRN3,NA,Quadrat,NA,NA,Grid_data_Nov_2012_bp.csv
7/12/2011,CRN3,NA,Transect,NA,NA,Transect_data_Nov_2012_bp.csv
8/5/2010,CRN3,NA,Quadrat,NA,NA,Grid_data_Nov_2012_bp.csv
8/5/2010,CRN3,NA,Transect,NA,NA,Transect_data_Nov_2012_bp.csv
10/16/2012,CRO1,NA,Quadrat,NA,NA,Grid_data_Nov_2012_bp.csv
10/16/2012,CRO1,NA,Transect,NA,NA,Transect_data_Nov_2012_bp.csv
10/25/2010,CRO1,NA,Quadrat,NA,NA,Grid_data_Nov_2012_bp.csv
10/25/2010,CRO1,NA,Transect,3226913,305951,Transect_data_Nov_2012_bp.csv
12/6/2010,CRO1,NA,Quadrat,NA,NA,Grid_data_Nov_2012_bp.csv
12/6/2010,CRO1,NA,Transect,3226913,305951,Transect_data_Nov_2012_bp.csv
5/24/2010,CRO1,NA,Quadrat,NA,NA,Grid_data_Nov_2012_bp.csv
5/24/2010,CRO1,NA,Transect,3226913,305951,Transect_data_Nov_2012_bp.csv
7/12/2011,CRO1,NA,Quadrat,NA,NA,Grid_data_Nov_2012_bp.csv
7/12/2011,CRO1,NA,Transect,NA,NA,Transect_data_Nov_2012_bp.csv
7/6/2010,CRO1,NA,Quadrat,NA,NA,Grid_data_Nov_2012_bp.csv
7/6/2010,CRO1,NA,Transect,3226913,305951,Transect_data_Nov_2012_bp.csv
8/5/2010,CRO1,NA,Quadrat,NA,NA,Grid_data_Nov_2012_bp.csv
8/5/2010,CRO1,NA,Transect,NA,NA,Transect_data_Nov_2012_bp.csv
10/25/2010,CRO2,NA,Quadrat,NA,NA,Grid_data_Nov_2012_bp.csv
10/25/2010,CRO2,NA,Transect,3227123,305837,Transect_data_Nov_2012_bp.csv
12/6/2010,CRO2,NA,Quadrat,NA,NA,Grid_data_Nov_2012_bp.csv
12/6/2010,CRO2,NA,Transect,3227123,305837,Transect_data_Nov_2012_bp.csv
5/24/2010,CRO2,NA,Quadrat,NA,NA,Grid_data_Nov_2012_bp.csv
5/24/2010,CRO2,NA,Transect,3227123,305837,Transect_data_Nov_2012_bp.csv
8/5/2010,CRO2,NA,Quadrat,NA,NA,Grid_data_Nov_2012_bp.csv
8/5/2010,CRO2,NA,Transect,NA,NA,Transect_data_Nov_2012_bp.csv
10/16/2012,CRO3,NA,Quadrat,NA,NA,Grid_data_Nov_2012_bp.csv
10/16/2012,CRO3,NA,Transect,NA,NA,Transect_data_Nov_2012_bp.csv
10/25/2010,CRO3,NA,Quadrat,NA,NA,Grid_data_Nov_2012_bp.csv
10/25/2010,CRO3,NA,Transect,3226866,306388,Transect_data_Nov_2012_bp.csv
12/6/2010,CRO3,NA,Quadrat,NA,NA,Grid_data_Nov_2012_bp.csv
12/6/2010,CRO3,NA,Transect,3226866,306388,Transect_data_Nov_2012_bp.csv
5/24/2010,CRO3,NA,Quadrat,NA,NA,Grid_data_Nov_2012_bp.csv
5/24/2010,CRO3,NA,Transect,3226866,306388,Transect_data_Nov_2012_bp.csv
7/12/2011,CRO3,NA,Quadrat,NA,NA,Grid_data_Nov_2012_bp.csv
7/12/2011,CRO3,NA,Transect,NA,NA,Transect_data_Nov_2012_bp.csv
7/6/2010,CRO3,NA,Quadrat,NA,NA,Grid_data_Nov_2012_bp.csv
7/6/2010,CRO3,NA,Transect,3226866,306388,Transect_data_Nov_2012_bp.csv
8/5/2010,CRO3,NA,Quadrat,NA,NA,Grid_data_Nov_2012_bp.csv
8/5/2010,CRO3,NA,Transect,NA,NA,Transect_data_Nov_2012_bp.csv
10/16/2012,CRO4,NA,Quadrat,NA,NA,Grid_data_Nov_2012_bp.csv
10/16/2012,CRO4,NA,Transect,NA,NA,Transect_data_Nov_2012_bp.csv
7/12/2011,CRO4,NA,Quadrat,NA,NA,Grid_data_Nov_2012_bp.csv
7/12/2011,CRO4,NA,Transect,NA,NA,Transect_data_Nov_2012_bp.csv
7/6/2010,CRO4,NA,Quadrat,NA,NA,Grid_data_Nov_2012_bp.csv
7/6/2010,CRO4,NA,Transect,3227137,305815,Transect_data_Nov_2012_bp.csv
2/16/2018,GCI11,NA,Quadrat,29.24259,83.06994,OysterData_16Feb2018_Quadrat_final.csv
2/16/2018,GCI12,NA,Quadrat,29.24257,83.07008,OysterData_16Feb2018_Quadrat_final.csv
2/16/2018,GCI13,NA,Quadrat,29.24259,83.0701,OysterData_16Feb2018_Quadrat_final.csv
2/16/2018,GCI21,NA,Quadrat,29.24368,83.07024,OysterData_16Feb2018_Quadrat_final.csv
2/16/2018,GCI22,NA,Quadrat,29.24376,83.07023,OysterData_16Feb2018_Quadrat_final.csv
2/16/2018,GCI23,NA,Quadrat,29.24381,83.07036,OysterData_16Feb2018_Quadrat_final.csv
10/27/2010,HBI1,NA,Quadrat,NA,NA,Grid_data_Nov_2012_bp.csv
10/27/2010,HBI1,NA,Transect,3257040,284203,Transect_data_Nov_2012_bp.csv
11/14/2012,HBI1,NA,Quadrat,NA,NA,Grid_data_Nov_2012_bp.csv
11/14/2012,HBI1,NA,Transect,NA,NA,Transect_data_Nov_2012_bp.csv
12/8/2010,HBI1,NA,Quadrat,NA,NA,Grid_data_Nov_2012_bp.csv
12/8/2010,HBI1,NA,Transect,3257040,284203,Transect_data_Nov_2012_bp.csv
5/25/2010,HBI1,NA,Quadrat,NA,NA,Grid_data_Nov_2012_bp.csv
5/25/2010,HBI1,NA,Transect,3257040,284203,Transect_data_Nov_2012_bp.csv
7/11/2011,HBI1,NA,Quadrat,NA,NA,Grid_data_Nov_2012_bp.csv
7/7/2010,HBI1,NA,Quadrat,NA,NA,Grid_data_Nov_2012_bp.csv
7/7/2010,HBI1,NA,Transect,3257040,284203,Transect_data_Nov_2012_bp.csv
8/6/2010,HBI1,NA,Quadrat,NA,NA,Grid_data_Nov_2012_bp.csv
8/6/2010,HBI1,NA,Transect,NA,NA,Transect_data_Nov_2012_bp.csv
10/27/2010,HBI2,NA,Quadrat,NA,NA,Grid_data_Nov_2012_bp.csv
10/27/2010,HBI2,NA,Transect,3256430,285242,Transect_data_Nov_2012_bp.csv
11/14/2012,HBI2,NA,Quadrat,NA,NA,Grid_data_Nov_2012_bp.csv
11/14/2012,HBI2,NA,Transect,NA,NA,Transect_data_Nov_2012_bp.csv
12/8/2010,HBI2,NA,Quadrat,NA,NA,Grid_data_Nov_2012_bp.csv
12/8/2010,HBI2,NA,Transect,3256430,285242,Transect_data_Nov_2012_bp.csv
5/25/2010,HBI2,NA,Quadrat,NA,NA,Grid_data_Nov_2012_bp.csv
5/25/2010,HBI2,NA,Transect,3256430,285242,Transect_data_Nov_2012_bp.csv
7/11/2011,HBI2,NA,Quadrat,NA,NA,Grid_data_Nov_2012_bp.csv
7/11/2011,HBI2,NA,Transect,NA,NA,Transect_data_Nov_2012_bp.csv
7/7/2010,HBI2,NA,Quadrat,NA,NA,Grid_data_Nov_2012_bp.csv
7/7/2010,HBI2,NA,Transect,3256430,285242,Transect_data_Nov_2012_bp.csv
8/6/2010,HBI2,NA,Quadrat,NA,NA,Grid_data_Nov_2012_bp.csv
8/6/2010,HBI2,NA,Transect,NA,NA,Transect_data_Nov_2012_bp.csv
10/27/2010,HBI3,NA,Quadrat,NA,NA,Grid_data_Nov_2012_bp.csv
10/27/2010,HBI3,NA,Transect,3256766,284067,Transect_data_Nov_2012_bp.csv
11/14/2012,HBI3,NA,Transect,NA,NA,Transect_data_Nov_2012_bp.csv
12/8/2010,HBI3,NA,Quadrat,NA,NA,Grid_data_Nov_2012_bp.csv
12/8/2010,HBI3,NA,Transect,3256902,284311,Transect_data_Nov_2012_bp.csv
5/25/2010,HBI3,NA,Quadrat,NA,NA,Grid_data_Nov_2012_bp.csv
5/25/2010,HBI3,NA,Transect,3256902,284311,Transect_data_Nov_2012_bp.csv
7/11/2011,HBI3,NA,Quadrat,NA,NA,Grid_data_Nov_2012_bp.csv
7/11/2011,HBI3,NA,Transect,NA,NA,Transect_data_Nov_2012_bp.csv
7/7/2010,HBI3,NA,Quadrat,NA,NA,Grid_data_Nov_2012_bp.csv
7/7/2010,HBI3,NA,Transect,3256902,284311,Transect_data_Nov_2012_bp.csv
8/6/2010,HBI3,NA,Quadrat,NA,NA,Grid_data_Nov_2012_bp.csv
8/6/2010,HBI3,NA,Transect,NA,NA,Transect_data_Nov_2012_bp.csv
5/25/2010,HBI4,NA,Quadrat,NA,NA,Grid_data_Nov_2012_bp.csv
5/25/2010,HBI4,NA,Transect,3256766,284067,Transect_data_Nov_2012_bp.csv
10/27/2010,HBN1,NA,Quadrat,NA,NA,Grid_data_Nov_2012_bp.csv
10/27/2010,HBN1,NA,Transect,3255825,284468,Transect_data_Nov_2012_bp.csv
11/14/2012,HBN1,NA,Quadrat,NA,NA,Grid_data_Nov_2012_bp.csv
11/14/2012,HBN1,NA,Transect,NA,NA,Transect_data_Nov_2012_bp.csv
12/8/2010,HBN1,NA,Quadrat,NA,NA,Grid_data_Nov_2012_bp.csv
12/8/2010,HBN1,NA,Transect,3255825,284468,Transect_data_Nov_2012_bp.csv
5/25/2010,HBN1,NA,Quadrat,NA,NA,Grid_data_Nov_2012_bp.csv
5/25/2010,HBN1,NA,Transect,3255825,284468,Transect_data_Nov_2012_bp.csv
7/10/2011,HBN1,NA,Quadrat,NA,NA,Grid_data_Nov_2012_bp.csv
7/7/2010,HBN1,NA,Quadrat,NA,NA,Grid_data_Nov_2012_bp.csv
7/7/2010,HBN1,NA,Transect,3255825,284468,Transect_data_Nov_2012_bp.csv
8/6/2010,HBN1,NA,Quadrat,NA,NA,Grid_data_Nov_2012_bp.csv
8/6/2010,HBN1,NA,Transect,NA,NA,Transect_data_Nov_2012_bp.csv
10/27/2010,HBN2,NA,Quadrat,NA,NA,Grid_data_Nov_2012_bp.csv
10/27/2010,HBN2,NA,Transect,3256287,283586,Transect_data_Nov_2012_bp.csv
11/14/2012,HBN2,NA,Quadrat,NA,NA,Grid_data_Nov_2012_bp.csv
11/14/2012,HBN2,NA,Transect,NA,NA,Transect_data_Nov_2012_bp.csv
12/8/2010,HBN2,NA,Quadrat,NA,NA,Grid_data_Nov_2012_bp.csv
12/8/2010,HBN2,NA,Transect,3256287,283586,Transect_data_Nov_2012_bp.csv
5/25/2010,HBN2,NA,Quadrat,NA,NA,Grid_data_Nov_2012_bp.csv
5/25/2010,HBN2,NA,Transect,3256287,283586,Transect_data_Nov_2012_bp.csv
7/10/2011,HBN2,NA,Quadrat,NA,NA,Grid_data_Nov_2012_bp.csv
7/10/2011,HBN2,NA,Transect,NA,NA,Transect_data_Nov_2012_bp.csv
7/7/2010,HBN2,NA,Quadrat,NA,NA,Grid_data_Nov_2012_bp.csv
7/7/2010,HBN2,NA,Transect,3256287,283586,Transect_data_Nov_2012_bp.csv
8/6/2010,HBN2,NA,Quadrat,NA,NA,Grid_data_Nov_2012_bp.csv
8/6/2010,HBN2,NA,Transect,NA,NA,Transect_data_Nov_2012_bp.csv
10/27/2010,HBN3,NA,Quadrat,NA,NA,Grid_data_Nov_2012_bp.csv
10/27/2010,HBN3,NA,Transect,3256270,283203,Transect_data_Nov_2012_bp.csv
11/14/2012,HBN3,NA,Quadrat,NA,NA,Grid_data_Nov_2012_bp.csv
11/14/2012,HBN3,NA,Transect,NA,NA,Transect_data_Nov_2012_bp.csv
5/25/2010,HBN3,NA,Quadrat,NA,NA,Grid_data_Nov_2012_bp.csv
5/25/2010,HBN3,NA,Transect,3256270,283203,Transect_data_Nov_2012_bp.csv
7/10/2011,HBN3,NA,Transect,NA,NA,Transect_data_Nov_2012_bp.csv
7/7/2010,HBN3,NA,Quadrat,NA,NA,Grid_data_Nov_2012_bp.csv
7/7/2010,HBN3,NA,Transect,3256270,283203,Transect_data_Nov_2012_bp.csv
8/6/2010,HBN3,NA,Quadrat,NA,NA,Grid_data_Nov_2012_bp.csv
8/6/2010,HBN3,NA,Transect,NA,NA,Transect_data_Nov_2012_bp.csv
12/8/2010,HBN5,NA,Quadrat,NA,NA,Grid_data_Nov_2012_bp.csv
12/8/2010,HBN5,NA,Transect,3256262,283641,Transect_data_Nov_2012_bp.csv
7/7/2010,HBN5,NA,Quadrat,NA,NA,Grid_data_Nov_2012_bp.csv
7/7/2010,HBN5,NA,Transect,3257379,280659,Transect_data_Nov_2012_bp.csv
12/8/2010,HBN6,NA,Quadrat,NA,NA,Grid_data_Nov_2012_bp.csv
12/8/2010,HBN6,NA,Transect,3257640,280167,Transect_data_Nov_2012_bp.csv
7/7/2010,HBN6,NA,Quadrat,NA,NA,Grid_data_Nov_2012_bp.csv
7/7/2010,HBN6,NA,Transect,3257594,280182,Transect_data_Nov_2012_bp.csv
10/27/2010,HBO1,NA,Quadrat,NA,NA,Grid_data_Nov_2012_bp.csv
10/27/2010,HBO1,NA,Transect,3254310,282938,Transect_data_Nov_2012_bp.csv
12/8/2010,HBO1,NA,Quadrat,NA,NA,Grid_data_Nov_2012_bp.csv
12/8/2010,HBO1,NA,Transect,3254310,282938,Transect_data_Nov_2012_bp.csv
5/25/2010,HBO1,NA,Quadrat,NA,NA,Grid_data_Nov_2012_bp.csv
5/25/2010,HBO1,NA,Transect,3254310,282938,Transect_data_Nov_2012_bp.csv
7/10/2011,HBO1,NA,Quadrat,NA,NA,Grid_data_Nov_2012_bp.csv
7/10/2011,HBO1,NA,Transect,NA,NA,Transect_data_Nov_2012_bp.csv
7/7/2010,HBO1,NA,Quadrat,NA,NA,Grid_data_Nov_2012_bp.csv
7/7/2010,HBO1,NA,Transect,3254310,282938,Transect_data_Nov_2012_bp.csv
8/6/2010,HBO1,NA,Quadrat,NA,NA,Grid_data_Nov_2012_bp.csv
8/6/2010,HBO1,NA,Transect,NA,NA,Transect_data_Nov_2012_bp.csv
10/27/2010,HBO2,NA,Quadrat,NA,NA,Grid_data_Nov_2012_bp.csv
10/27/2010,HBO2,NA,Transect,3254820,282263,Transect_data_Nov_2012_bp.csv
12/8/2010,HBO2,NA,Quadrat,NA,NA,Grid_data_Nov_2012_bp.csv
12/8/2010,HBO2,NA,Transect,3254820,282263,Transect_data_Nov_2012_bp.csv
5/25/2010,HBO2,NA,Quadrat,NA,NA,Grid_data_Nov_2012_bp.csv
5/25/2010,HBO2,NA,Transect,3254820,282263,Transect_data_Nov_2012_bp.csv
7/10/2011,HBO2,NA,Quadrat,NA,NA,Grid_data_Nov_2012_bp.csv
7/10/2011,HBO2,NA,Transect,NA,NA,Transect_data_Nov_2012_bp.csv
10/27/2010,HBO3,NA,Quadrat,NA,NA,Grid_data_Nov_2012_bp.csv
10/27/2010,HBO3,NA,Transect,3256105,280813,Transect_data_Nov_2012_bp.csv
12/8/2010,HBO3,NA,Quadrat,NA,NA,Grid_data_Nov_2012_bp.csv
12/8/2010,HBO3,NA,Transect,3256105,280813,Transect_data_Nov_2012_bp.csv
5/25/2010,HBO3,NA,Quadrat,NA,NA,Grid_data_Nov_2012_bp.csv
5/25/2010,HBO3,NA,Transect,3256105,280813,Transect_data_Nov_2012_bp.csv
7/10/2011,HBO3,NA,Quadrat,NA,NA,Grid_data_Nov_2012_bp.csv
7/10/2011,HBO3,NA,Transect,NA,NA,Transect_data_Nov_2012_bp.csv
10/26/2010,LC01,NA,Quadrat,NA,NA,Grid_data_Nov_2012_bp.csv
10/27/2014,LCcontrol3,1,Transect,NA,NA,LCR_oyster_transect_2017.csv
10/27/2014,LCcontrol3,2,Transect,NA,NA,LCR_oyster_transect_2017.csv
10/27/2014,LCcontrol3,3,Transect,NA,NA,LCR_oyster_transect_2017.csv
11/8/2017,LCcontrol3,1,Transect,NA,NA,LCR_oyster_transect_2017.csv
11/8/2017,LCcontrol3,2,Transect,NA,NA,LCR_oyster_transect_2017.csv
11/8/2017,LCcontrol3,3,Transect,NA,NA,LCR_oyster_transect_2017.csv
4/23/2013,LCcontrol3,1,Transect,NA,NA,LCR_oyster_transect_2017.csv
4/23/2013,LCcontrol3,2,Transect,NA,NA,LCR_oyster_transect_2017.csv
4/23/2013,LCcontrol3,3,Transect,NA,NA,LCR_oyster_transect_2017.csv
11/11/2014,LCcontrol4,1,Transect,NA,NA,LCR_oyster_transect_2017.csv
11/11/2014,LCcontrol4,2,Transect,NA,NA,LCR_oyster_transect_2017.csv
11/11/2014,LCcontrol4,3,Transect,NA,NA,LCR_oyster_transect_2017.csv
11/8/2017,LCcontrol4,1,Transect,NA,NA,LCR_oyster_transect_2017.csv
11/8/2017,LCcontrol4,2,Transect,NA,NA,LCR_oyster_transect_2017.csv
11/8/2017,LCcontrol4,3,Transect,NA,NA,LCR_oyster_transect_2017.csv
4/23/2013,LCcontrol4,1,Transect,NA,NA,LCR_oyster_transect_2017.csv
4/23/2013,LCcontrol4,2,Transect,NA,NA,LCR_oyster_transect_2017.csv
4/23/2013,LCcontrol4,3,Transect,NA,NA,LCR_oyster_transect_2017.csv
11/11/2014,LCcontrol7,1,Transect,NA,NA,LCR_oyster_transect_2017.csv
11/11/2014,LCcontrol7,2,Transect,NA,NA,LCR_oyster_transect_2017.csv
11/11/2014,LCcontrol7,3,Transect,NA,NA,LCR_oyster_transect_2017.csv
11/7/2017,LCcontrol7,1,Transect,NA,NA,LCR_oyster_transect_2017.csv
11/7/2017,LCcontrol7,2,Transect,NA,NA,LCR_oyster_transect_2017.csv
11/7/2017,LCcontrol7,3,Transect,NA,NA,LCR_oyster_transect_2017.csv
4/24/2013,LCcontrol7,1,Transect,NA,NA,LCR_oyster_transect_2017.csv
4/24/2013,LCcontrol7,2,Transect,NA,NA,LCR_oyster_transect_2017.csv
4/24/2013,LCcontrol7,3,Transect,NA,NA,LCR_oyster_transect_2017.csv
11/6/2017,LCcontrol8,1,Transect,NA,NA,LCR_oyster_transect_2017.csv
11/6/2017,LCcontrol8,2,Transect,NA,NA,LCR_oyster_transect_2017.csv
11/6/2017,LCcontrol8,3,Transect,NA,NA,LCR_oyster_transect_2017.csv
12/5/2014,LCcontrol8,3,Transect,NA,NA,LCR_oyster_transect_2017.csv
4/24/2013,LCcontrol8,1,Transect,NA,NA,LCR_oyster_transect_2017.csv
4/24/2013,LCcontrol8,2,Transect,NA,NA,LCR_oyster_transect_2017.csv
4/24/2013,LCcontrol8,3,Transect,NA,NA,LCR_oyster_transect_2017.csv
10/17/2012,LCI1,NA,Quadrat,NA,NA,Grid_data_Nov_2012_bp.csv
10/17/2012,LCI1,NA,Transect,NA,NA,Transect_data_Nov_2012_bp.csv
10/25/2010,LCI1,NA,Transect,3235919,299282,Transect_data_Nov_2012_bp.csv
10/26/2010,LCI1,NA,Quadrat,NA,NA,Grid_data_Nov_2012_bp.csv
12/7/2010,LCI1,NA,Quadrat,NA,NA,Grid_data_Nov_2012_bp.csv
12/7/2010,LCI1,NA,Transect,3235919,299282,Transect_data_Nov_2012_bp.csv
5/26/2010,LCI1,NA,Quadrat,NA,NA,Grid_data_Nov_2012_bp.csv
5/26/2010,LCI1,NA,Transect,3235919,299282,Transect_data_Nov_2012_bp.csv
7/11/2011,LCI1,NA,Quadrat,NA,NA,Grid_data_Nov_2012_bp.csv
7/11/2011,LCI1,NA,Transect,NA,NA,Transect_data_Nov_2012_bp.csv
7/8/2010,LCI1,NA,Quadrat,NA,NA,Grid_data_Nov_2012_bp.csv
7/8/2010,LCI1,NA,Transect,3235919,299282,Transect_data_Nov_2012_bp.csv
8/7/2010,LCI1,NA,Quadrat,NA,NA,Grid_data_Nov_2012_bp.csv
8/7/2010,LCI1,NA,Transect,NA,NA,Transect_data_Nov_2012_bp.csv
2/16/2018,LCI11,NA,Quadrat,29.23441,83.07522,OysterData_16Feb2018_Quadrat_final.csv
2/16/2018,LCI12,NA,Quadrat,29.23457,83.07506,OysterData_16Feb2018_Quadrat_final.csv
10/17/2012,LCI2,NA,Quadrat,NA,NA,Grid_data_Nov_2012_bp.csv
10/17/2012,LCI2,NA,Transect,NA,NA,Transect_data_Nov_2012_bp.csv
10/26/2010,LCI2,NA,Quadrat,NA,NA,Grid_data_Nov_2012_bp.csv
10/26/2010,LCI2,NA,Transect,3235773,298841,Transect_data_Nov_2012_bp.csv
12/7/2010,LCI2,NA,Quadrat,NA,NA,Grid_data_Nov_2012_bp.csv
12/7/2010,LCI2,NA,Transect,3235773,298841,Transect_data_Nov_2012_bp.csv
5/26/2010,LCI2,NA,Quadrat,NA,NA,Grid_data_Nov_2012_bp.csv
5/26/2010,LCI2,NA,Transect,3235773,298841,Transect_data_Nov_2012_bp.csv
7/11/2011,LCI2,NA,Quadrat,NA,NA,Grid_data_Nov_2012_bp.csv
7/11/2011,LCI2,NA,Transect,NA,NA,Transect_data_Nov_2012_bp.csv
7/8/2010,LCI2,NA,Quadrat,NA,NA,Grid_data_Nov_2012_bp.csv
7/8/2010,LCI2,NA,Transect,3235773,298841,Transect_data_Nov_2012_bp.csv
8/7/2010,LCI2,NA,Quadrat,NA,NA,Grid_data_Nov_2012_bp.csv
8/7/2010,LCI2,NA,Transect,NA,NA,Transect_data_Nov_2012_bp.csv
2/16/2018,LCI21,NA,Quadrat,29.23612,83.07095,OysterData_16Feb2018_Quadrat_final.csv
2/16/2018,LCI22,NA,Quadrat,29.23611,83.07108,OysterData_16Feb2018_Quadrat_final.csv
10/17/2012,LCI3,NA,Quadrat,NA,NA,Grid_data_Nov_2012_bp.csv
10/17/2012,LCI3,NA,Transect,NA,NA,Transect_data_Nov_2012_bp.csv
10/26/2010,LCI3,NA,Quadrat,NA,NA,Grid_data_Nov_2012_bp.csv
10/26/2010,LCI3,NA,Transect,3235642,298763,Transect_data_Nov_2012_bp.csv
12/7/2010,LCI3,NA,Quadrat,NA,NA,Grid_data_Nov_2012_bp.csv
12/7/2010,LCI3,NA,Transect,3235642,298763,Transect_data_Nov_2012_bp.csv
5/26/2010,LCI3,NA,Quadrat,NA,NA,Grid_data_Nov_2012_bp.csv
5/26/2010,LCI3,NA,Transect,3235642,298763,Transect_data_Nov_2012_bp.csv
7/11/2011,LCI3,NA,Quadrat,NA,NA,Grid_data_Nov_2012_bp.csv
7/11/2011,LCI3,NA,Transect,NA,NA,Transect_data_Nov_2012_bp.csv
7/8/2010,LCI3,NA,Quadrat,NA,NA,Grid_data_Nov_2012_bp.csv
7/8/2010,LCI3,NA,Transect,3235642,298763,Transect_data_Nov_2012_bp.csv
8/7/2010,LCI3,NA,Quadrat,NA,NA,Grid_data_Nov_2012_bp.csv
8/7/2010,LCI3,NA,Transect,NA,NA,Transect_data_Nov_2012_bp.csv
2/16/2018,LCI31,NA,Quadrat,29.23681,83.06978,OysterData_16Feb2018_Quadrat_final.csv
2/16/2018,LCI32,NA,Quadrat,29.2367,87.0698,OysterData_16Feb2018_Quadrat_final.csv
2/16/2018,LCI32,NA,Quadrat,29.2367,83.0698,OysterData_16Feb2018_Quadrat_final.csv
2/16/2018,LCI33,NA,Quadrat,29.23666,83.0697,OysterData_16Feb2018_Quadrat_final.csv
2/16/2018,LCI34,NA,Quadrat,29.23677,83.06973,OysterData_16Feb2018_Quadrat_final.csv
2/16/2018,LCI41,NA,Quadrat,29.23349,83.07058,OysterData_16Feb2018_Quadrat_final.csv
2/16/2018,LCI42,NA,Quadrat,29.23348,83.07069,OysterData_16Feb2018_Quadrat_final.csv
2/16/2018,LCI43,NA,Quadrat,29.23352,83.07062,OysterData_16Feb2018_Quadrat_final.csv
NA,LCIA,NA,Grub,29.23611,83.06685,Grub_locations.csv
10/17/2012,LCN1,NA,Quadrat,NA,NA,Grid_data_Nov_2012_bp.csv
10/17/2012,LCN1,NA,Transect,NA,NA,Transect_data_Nov_2012_bp.csv
10/26/2010,LCN1,NA,Quadrat,NA,NA,Grid_data_Nov_2012_bp.csv
10/26/2010,LCN1,NA,Transect,3236557,298380,Transect_data_Nov_2012_bp.csv
12/7/2010,LCN1,NA,Quadrat,NA,NA,Grid_data_Nov_2012_bp.csv
12/7/2010,LCN1,NA,Transect,3236557,298380,Transect_data_Nov_2012_bp.csv
5/26/2010,LCN1,NA,Quadrat,NA,NA,Grid_data_Nov_2012_bp.csv
5/26/2010,LCN1,NA,Transect,3236557,298380,Transect_data_Nov_2012_bp.csv
7/11/2011,LCN1,NA,Quadrat,NA,NA,Grid_data_Nov_2012_bp.csv
7/11/2011,LCN1,NA,Transect,NA,NA,Transect_data_Nov_2012_bp.csv
7/8/2010,LCN1,NA,Quadrat,NA,NA,Grid_data_Nov_2012_bp.csv
7/8/2010,LCN1,NA,Transect,3236557,298380,Transect_data_Nov_2012_bp.csv
8/7/2010,LCN1,NA,Quadrat,NA,NA,Grid_data_Nov_2012_bp.csv
8/7/2010,LCN1,NA,Transect,NA,NA,Transect_data_Nov_2012_bp.csv
10/17/2012,LCN2,NA,Quadrat,NA,NA,Grid_data_Nov_2012_bp.csv
10/17/2012,LCN2,NA,Transect,NA,NA,Transect_data_Nov_2012_bp.csv
10/26/2010,LCN2,NA,Quadrat,NA,NA,Grid_data_Nov_2012_bp.csv
10/26/2010,LCN2,NA,Transect,3236638,298651,Transect_data_Nov_2012_bp.csv
12/7/2010,LCN2,NA,Quadrat,NA,NA,Grid_data_Nov_2012_bp.csv
12/7/2010,LCN2,NA,Transect,3236638,298651,Transect_data_Nov_2012_bp.csv
5/25/2010,LCN2,NA,Quadrat,NA,NA,Grid_data_Nov_2012_bp.csv
5/25/2010,LCN2,NA,Transect,3236638,298651,Transect_data_Nov_2012_bp.csv
7/11/2011,LCN2,NA,Quadrat,NA,NA,Grid_data_Nov_2012_bp.csv
7/11/2011,LCN2,NA,Transect,NA,NA,Transect_data_Nov_2012_bp.csv
7/8/2010,LCN2,NA,Quadrat,NA,NA,Grid_data_Nov_2012_bp.csv
7/8/2010,LCN2,NA,Transect,3236638,298651,Transect_data_Nov_2012_bp.csv
8/7/2010,LCN2,NA,Quadrat,NA,NA,Grid_data_Nov_2012_bp.csv
8/7/2010,LCN2,NA,Transect,NA,NA,Transect_data_Nov_2012_bp.csv
10/17/2012,LCN3,NA,Quadrat,NA,NA,Grid_data_Nov_2012_bp.csv
10/17/2012,LCN3,NA,Transect,NA,NA,Transect_data_Nov_2012_bp.csv
10/26/2010,LCN3,NA,Quadrat,NA,NA,Grid_data_Nov_2012_bp.csv
10/26/2010,LCN3,NA,Transect,3234553,297907,Transect_data_Nov_2012_bp.csv
12/7/2010,LCN3,NA,Quadrat,NA,NA,Grid_data_Nov_2012_bp.csv
12/7/2010,LCN3,NA,Transect,3234553,297907,Transect_data_Nov_2012_bp.csv
5/26/2010,LCN3,NA,Quadrat,NA,NA,Grid_data_Nov_2012_bp.csv
5/26/2010,LCN3,NA,Transect,3234553,297907,Transect_data_Nov_2012_bp.csv
7/11/2011,LCN3,NA,Quadrat,NA,NA,Grid_data_Nov_2012_bp.csv
7/11/2011,LCN3,NA,Transect,NA,NA,Transect_data_Nov_2012_bp.csv
8/7/2010,LCN3,NA,Quadrat,NA,NA,Grid_data_Nov_2012_bp.csv
8/7/2010,LCN3,NA,Transect,NA,NA,Transect_data_Nov_2012_bp.csv
10/17/2012,LCN4,NA,Quadrat,NA,NA,Grid_data_Nov_2012_bp.csv
10/17/2012,LCN4,NA,Transect,NA,NA,Transect_data_Nov_2012_bp.csv
10/26/2010,LCN4,NA,Quadrat,NA,NA,Grid_data_Nov_2012_bp.csv
10/26/2010,LCN4,NA,Transect,3236656,298636,Transect_data_Nov_2012_bp.csv
12/7/2010,LCN4,NA,Quadrat,NA,NA,Grid_data_Nov_2012_bp.csv
12/7/2010,LCN4,NA,Transect,3236656,298636,Transect_data_Nov_2012_bp.csv
7/8/2010,LCN4,NA,Quadrat,NA,NA,Grid_data_Nov_2012_bp.csv
7/8/2010,LCN4,NA,Transect,3236727,298534,Transect_data_Nov_2012_bp.csv
8/7/2010,LCN4,NA,Quadrat,NA,NA,Grid_data_Nov_2012_bp.csv
8/7/2010,LCN4,NA,Transect,NA,NA,Transect_data_Nov_2012_bp.csv
7/8/2010,LCN5,NA,Quadrat,NA,NA,Grid_data_Nov_2012_bp.csv
7/8/2010,LCN5,NA,Transect,3233308,297281,Transect_data_Nov_2012_bp.csv
NA,LCNA,NA,Grub,29.21946,83.08322,Grub_locations.csv
10/17/2012,LCO1,NA,Quadrat,NA,NA,Grid_data_Nov_2012_bp.csv
10/17/2012,LCO1,NA,Transect,NA,NA,Transect_data_Nov_2012_bp.csv
10/26/2010,LCO1,NA,Transect,3238692,294865,Transect_data_Nov_2012_bp.csv
10/28/2014,LCO1,1,Quadrat,NA,NA,Oyster_grid_2013_2017.csv
10/28/2014,LCO1,2,Quadrat,NA,NA,Oyster_grid_2013_2017.csv
10/28/2014,LCO1,3,Quadrat,NA,NA,Oyster_grid_2013_2017.csv
11/7/2017,LCO1,1,Quadrat,NA,NA,Oyster_grid_2013_2017.csv
11/7/2017,LCO1,2,Quadrat,NA,NA,Oyster_grid_2013_2017.csv
11/7/2017,LCO1,3,Quadrat,NA,NA,Oyster_grid_2013_2017.csv
12/7/2010,LCO1,NA,Quadrat,NA,NA,Grid_data_Nov_2012_bp.csv
12/7/2010,LCO1,NA,Transect,3238692,294865,Transect_data_Nov_2012_bp.csv
5/26/2010,LCO1,NA,Quadrat,NA,NA,Grid_data_Nov_2012_bp.csv
5/26/2010,LCO1,NA,Transect,3238692,294865,Transect_data_Nov_2012_bp.csv
7/11/2011,LCO1,NA,Quadrat,NA,NA,Grid_data_Nov_2012_bp.csv
7/11/2011,LCO1,NA,Transect,NA,NA,Transect_data_Nov_2012_bp.csv
7/8/2010,LCO1,NA,Quadrat,NA,NA,Grid_data_Nov_2012_bp.csv
7/8/2010,LCO1,NA,Transect,3238692,294865,Transect_data_Nov_2012_bp.csv
8/7/2010,LCO1,NA,Quadrat,NA,NA,Grid_data_Nov_2012_bp.csv
8/7/2010,LCO1,NA,Transect,NA,NA,Transect_data_Nov_2012_bp.csv
10/17/2012,LCO2,NA,Quadrat,NA,NA,Grid_data_Nov_2012_bp.csv
10/17/2012,LCO2,NA,Transect,NA,NA,Transect_data_Nov_2012_bp.csv
10/26/2010,LCO2,NA,Quadrat,NA,NA,Grid_data_Nov_2012_bp.csv
10/26/2010,LCO2,NA,Transect,3238948,294686,Transect_data_Nov_2012_bp.csv
10/27/2014,LCO2,1,Quadrat,NA,NA,Oyster_grid_2013_2017.csv
10/27/2014,LCO2,2,Quadrat,NA,NA,Oyster_grid_2013_2017.csv
10/27/2014,LCO2,3,Quadrat,NA,NA,Oyster_grid_2013_2017.csv
11/7/2017,LCO2,1,Quadrat,NA,NA,Oyster_grid_2013_2017.csv
11/7/2017,LCO2,2,Quadrat,NA,NA,Oyster_grid_2013_2017.csv
11/7/2017,LCO2,3,Quadrat,NA,NA,Oyster_grid_2013_2017.csv
12/7/2010,LCO2,NA,Quadrat,NA,NA,Grid_data_Nov_2012_bp.csv
12/7/2010,LCO2,NA,Transect,3238948,294686,Transect_data_Nov_2012_bp.csv
5/26/2010,LCO2,NA,Quadrat,NA,NA,Grid_data_Nov_2012_bp.csv
5/26/2010,LCO2,NA,Transect,3238948,294686,Transect_data_Nov_2012_bp.csv
7/11/2011,LCO2,NA,Quadrat,NA,NA,Grid_data_Nov_2012_bp.csv
7/11/2011,LCO2,NA,Transect,NA,NA,Transect_data_Nov_2012_bp.csv
7/8/2010,LCO2,NA,Quadrat,NA,NA,Grid_data_Nov_2012_bp.csv
7/8/2010,LCO2,NA,Transect,3238948,294686,Transect_data_Nov_2012_bp.csv
8/7/2010,LCO2,NA,Quadrat,NA,NA,Grid_data_Nov_2012_bp.csv
8/7/2010,LCO2,NA,Transect,NA,NA,Transect_data_Nov_2012_bp.csv
10/17/2012,LCO3,NA,Quadrat,NA,NA,Grid_data_Nov_2012_bp.csv
10/17/2012,LCO3,NA,Transect,NA,NA,Transect_data_Nov_2012_bp.csv
10/26/2010,LCO3,NA,Quadrat,NA,NA,Grid_data_Nov_2012_bp.csv
10/26/2010,LCO3,NA,Transect,3239164,294395,Transect_data_Nov_2012_bp.csv
10/27/2014,LCO3,1,Quadrat,NA,NA,Oyster_grid_2013_2017.csv
10/27/2014,LCO3,2,Quadrat,NA,NA,Oyster_grid_2013_2017.csv
10/27/2014,LCO3,3,Quadrat,NA,NA,Oyster_grid_2013_2017.csv
11/11/2014,LCO3,1,Quadrat,NA,NA,Oyster_grid_2013_2017.csv
11/11/2014,LCO3,2,Quadrat,NA,NA,Oyster_grid_2013_2017.csv
11/11/2014,LCO3,3,Quadrat,NA,NA,Oyster_grid_2013_2017.csv
11/8/2017,LCO3,1,Quadrat,NA,NA,Oyster_grid_2013_2017.csv
11/8/2017,LCO3,2,Quadrat,NA,NA,Oyster_grid_2013_2017.csv
11/8/2017,LCO3,3,Quadrat,NA,NA,Oyster_grid_2013_2017.csv
12/7/2010,LCO3,NA,Quadrat,NA,NA,Grid_data_Nov_2012_bp.csv
12/7/2010,LCO3,NA,Transect,3239164,294395,Transect_data_Nov_2012_bp.csv
5/26/2010,LCO3,NA,Quadrat,NA,NA,Grid_data_Nov_2012_bp.csv
5/26/2010,LCO3,NA,Transect,3239164,294395,Transect_data_Nov_2012_bp.csv
7/11/2011,LCO3,NA,Quadrat,NA,NA,Grid_data_Nov_2012_bp.csv
7/11/2011,LCO3,NA,Transect,NA,NA,Transect_data_Nov_2012_bp.csv
7/8/2010,LCO3,NA,Quadrat,NA,NA,Grid_data_Nov_2012_bp.csv
7/8/2010,LCO3,NA,Transect,3239164,294395,Transect_data_Nov_2012_bp.csv
8/7/2010,LCO3,NA,Quadrat,NA,NA,Grid_data_Nov_2012_bp.csv
8/7/2010,LCO3,NA,Transect,NA,NA,Transect_data_Nov_2012_bp.csv
11/8/2017,LCO4,1,Quadrat,NA,NA,Oyster_grid_2013_2017.csv
11/8/2017,LCO4,2,Quadrat,NA,NA,Oyster_grid_2013_2017.csv
11/8/2017,LCO4,3,Quadrat,NA,NA,Oyster_grid_2013_2017.csv
10/28/2014,LCO5,1,Quadrat,NA,NA,Oyster_grid_2013_2017.csv
10/28/2014,LCO5,2,Quadrat,NA,NA,Oyster_grid_2013_2017.csv
10/28/2014,LCO5,3,Quadrat,NA,NA,Oyster_grid_2013_2017.csv
11/7/2017,LCO5,1,Quadrat,NA,NA,Oyster_grid_2013_2017.csv
11/7/2017,LCO5,2,Quadrat,NA,NA,Oyster_grid_2013_2017.csv
11/7/2017,LCO5,3,Quadrat,NA,NA,Oyster_grid_2013_2017.csv
11/11/2014,LCO6,1,Quadrat,NA,NA,Oyster_grid_2013_2017.csv
11/11/2014,LCO6,2,Quadrat,NA,NA,Oyster_grid_2013_2017.csv
11/11/2014,LCO6,3,Quadrat,NA,NA,Oyster_grid_2013_2017.csv
11/7/2017,LCO6,1,Quadrat,NA,NA,Oyster_grid_2013_2017.csv
11/7/2017,LCO6,2,Quadrat,NA,NA,Oyster_grid_2013_2017.csv
11/7/2017,LCO6,3,Quadrat,NA,NA,Oyster_grid_2013_2017.csv
11/11/2014,LCO7,1,Quadrat,NA,NA,Oyster_grid_2013_2017.csv
11/11/2014,LCO7,2,Quadrat,NA,NA,Oyster_grid_2013_2017.csv
11/11/2014,LCO7,3,Quadrat,NA,NA,Oyster_grid_2013_2017.csv
11/7/2017,LCO7,1,Quadrat,NA,NA,Oyster_grid_2013_2017.csv
11/7/2017,LCO7,2,Quadrat,NA,NA,Oyster_grid_2013_2017.csv
11/7/2017,LCO7,3,Quadrat,NA,NA,Oyster_grid_2013_2017.csv
11/6/2017,LCO8,1,Quadrat,NA,NA,Oyster_grid_2013_2017.csv
11/6/2017,LCO8,2,Quadrat,NA,NA,Oyster_grid_2013_2017.csv
11/6/2017,LCO8,3,Quadrat,NA,NA,Oyster_grid_2013_2017.csv
12/5/2014,LCO8,3,Quadrat,NA,NA,Oyster_grid_2013_2017.csv
10/28/2014,LCrestore1,1,Transect,NA,NA,LCR_oyster_transect_2017.csv
10/28/2014,LCrestore1,2,Transect,NA,NA,LCR_oyster_transect_2017.csv
10/28/2014,LCrestore1,3,Transect,NA,NA,LCR_oyster_transect_2017.csv
11/7/2017,LCrestore1,1,Transect,NA,NA,LCR_oyster_transect_2017.csv
11/7/2017,LCrestore1,2,Transect,NA,NA,LCR_oyster_transect_2017.csv
11/7/2017,LCrestore1,3,Transect,NA,NA,LCR_oyster_transect_2017.csv
4/23/2013,LCrestore1,1,Quadrat,NA,NA,Oyster_grid_2013_2017.csv
4/23/2013,LCrestore1,2,Quadrat,NA,NA,Oyster_grid_2013_2017.csv
4/23/2013,LCrestore1,3,Quadrat,NA,NA,Oyster_grid_2013_2017.csv
4/23/2013,LCrestore1,1,Transect,NA,NA,LCR_oyster_transect_2017.csv
4/23/2013,LCrestore1,2,Transect,NA,NA,LCR_oyster_transect_2017.csv
4/23/2013,LCrestore1,3,Transect,NA,NA,LCR_oyster_transect_2017.csv
10/27/2014,LCrestore2,1,Transect,NA,NA,LCR_oyster_transect_2017.csv
10/27/2014,LCrestore2,2,Transect,NA,NA,LCR_oyster_transect_2017.csv
10/27/2014,LCrestore2,3,Transect,NA,NA,LCR_oyster_transect_2017.csv
11/7/2017,LCrestore2,1,Transect,NA,NA,LCR_oyster_transect_2017.csv
11/7/2017,LCrestore2,2,Transect,NA,NA,LCR_oyster_transect_2017.csv
11/7/2017,LCrestore2,3,Transect,NA,NA,LCR_oyster_transect_2017.csv
4/23/2013,LCrestore2,1,Quadrat,NA,NA,Oyster_grid_2013_2017.csv
4/23/2013,LCrestore2,2,Quadrat,NA,NA,Oyster_grid_2013_2017.csv
4/23/2013,LCrestore2,3,Quadrat,NA,NA,Oyster_grid_2013_2017.csv
4/23/2013,LCrestore2,1,Transect,NA,NA,LCR_oyster_transect_2017.csv
4/23/2013,LCrestore2,2,Transect,NA,NA,LCR_oyster_transect_2017.csv
4/23/2013,LCrestore2,3,Transect,NA,NA,LCR_oyster_transect_2017.csv
4/23/2013,LCrestore3,1,Quadrat,NA,NA,Oyster_grid_2013_2017.csv
4/23/2013,LCrestore3,2,Quadrat,NA,NA,Oyster_grid_2013_2017.csv
4/23/2013,LCrestore3,3,Quadrat,NA,NA,Oyster_grid_2013_2017.csv
4/23/2013,LCrestore4,1,Quadrat,NA,NA,Oyster_grid_2013_2017.csv
4/23/2013,LCrestore4,2,Quadrat,NA,NA,Oyster_grid_2013_2017.csv
4/23/2013,LCrestore4,3,Quadrat,NA,NA,Oyster_grid_2013_2017.csv
10/28/2014,LCrestore5,1,Transect,NA,NA,LCR_oyster_transect_2017.csv
10/28/2014,LCrestore5,2,Transect,NA,NA,LCR_oyster_transect_2017.csv
10/28/2014,LCrestore5,3,Transect,NA,NA,LCR_oyster_transect_2017.csv
11/7/2017,LCrestore5,1,Transect,NA,NA,LCR_oyster_transect_2017.csv
11/7/2017,LCrestore5,2,Transect,NA,NA,LCR_oyster_transect_2017.csv
11/7/2017,LCrestore5,3,Transect,NA,NA,LCR_oyster_transect_2017.csv
4/24/2013,LCrestore5,1,Quadrat,NA,NA,Oyster_grid_2013_2017.csv
4/24/2013,LCrestore5,2,Quadrat,NA,NA,Oyster_grid_2013_2017.csv
4/24/2013,LCrestore5,3,Quadrat,NA,NA,Oyster_grid_2013_2017.csv
4/24/2013,LCrestore5,1,Transect,NA,NA,LCR_oyster_transect_2017.csv
4/24/2013,LCrestore5,2,Transect,NA,NA,LCR_oyster_transect_2017.csv
4/24/2013,LCrestore5,3,Transect,NA,NA,LCR_oyster_transect_2017.csv
11/11/2014,LCrestore6,1,Transect,NA,NA,LCR_oyster_transect_2017.csv
11/11/2014,LCrestore6,2,Transect,NA,NA,LCR_oyster_transect_2017.csv
11/11/2014,LCrestore6,3,Transect,NA,NA,LCR_oyster_transect_2017.csv
11/7/2017,LCrestore6,1,Transect,NA,NA,LCR_oyster_transect_2017.csv
11/7/2017,LCrestore6,2,Transect,NA,NA,LCR_oyster_transect_2017.csv
11/7/2017,LCrestore6,3,Transect,NA,NA,LCR_oyster_transect_2017.csv
4/24/2013,LCrestore6,1,Quadrat,NA,NA,Oyster_grid_2013_2017.csv
4/24/2013,LCrestore6,2,Quadrat,NA,NA,Oyster_grid_2013_2017.csv
4/24/2013,LCrestore6,3,Quadrat,NA,NA,Oyster_grid_2013_2017.csv
4/24/2013,LCrestore6,1,Transect,NA,NA,LCR_oyster_transect_2017.csv
4/24/2013,LCrestore6,2,Transect,NA,NA,LCR_oyster_transect_2017.csv
4/24/2013,LCrestore6,3,Transect,NA,NA,LCR_oyster_transect_2017.csv
4/24/2013,LCrestore7,1,Quadrat,NA,NA,Oyster_grid_2013_2017.csv
4/24/2013,LCrestore7,2,Quadrat,NA,NA,Oyster_grid_2013_2017.csv
4/24/2013,LCrestore7,3,Quadrat,NA,NA,Oyster_grid_2013_2017.csv
4/24/2013,LCrestore8,1,Quadrat,NA,NA,Oyster_grid_2013_2017.csv
4/24/2013,LCrestore8,2,Quadrat,NA,NA,Oyster_grid_2013_2017.csv
4/24/2013,LCrestore8,3,Quadrat,NA,NA,Oyster_grid_2013_2017.csv
1/30/2018,LT1,NA,Transect,29.25866,83.0773,OysterData_30Jan2018_Transect.csv
1/30/2018,LTI11,NA,Quadrat,29.25866,83.0773,OysterData_30Jan2018_Quadrat_final.csv
1/30/2018,LTI21,NA,Quadrat,29.25769,83.07636,OysterData_30Jan2018_Quadrat_final.csv
1/30/2018,LTI22,NA,Quadrat,29.25777,83.07651,OysterData_30Jan2018_Quadrat_final.csv
1/31/2018,LTI22,NA,Quadrat,29.25769,83.07636,OysterData_30Jan2018_Quadrat_final.csv
1/30/2018,LTI23,NA,Quadrat,29.25771,83.07635,OysterData_30Jan2018_Quadrat_final.csv
1/30/2018,LTI24,NA,Quadrat,29.25778,83.07648,OysterData_30Jan2018_Quadrat_final.csv
1/30/2018,LTI31,NA,Quadrat,29.25842,83.07538,OysterData_30Jan2018_Quadrat_final.csv
1/30/2018,LTI32,NA,Quadrat,29.25839,83.07536,OysterData_30Jan2018_Quadrat_final.csv
1/30/2018,LTI41,NA,Quadrat,29.25949,83.07587,OysterData_30Jan2018_Quadrat_final.csv
1/30/2018,LTI42,NA,Quadrat,29.25961,83.07589,OysterData_30Jan2018_Quadrat_final.csv
2/16/2018,NLCO11,NA,Quadrat,29.26533,83.11632,OysterData_16Feb2018_Quadrat_final.csv
2/16/2018,NLCO12,NA,Quadrat,29.26539,83.11628,OysterData_16Feb2018_Quadrat_final.csv
2/16/2018,NLCO13,NA,Quadrat,29.26535,83.11628,OysterData_16Feb2018_Quadrat_final.csv
1/30/2018,NNI11,NA,Quadrat,29.24775,83.0732,OysterData_30Jan2018_Quadrat_final.csv
1/30/2018,NNI12,NA,Quadrat,29.24779,83.07314,OysterData_30Jan2018_Quadrat_final.csv
1/30/2018,NNI21,NA,Quadrat,29.25222,83.07381,OysterData_30Jan2018_Quadrat_final.csv
1/30/2018,NNI22,NA,Quadrat,29.25225,83.07384,OysterData_30Jan2018_Quadrat_final.csv
1/30/2018,NNI22,NA,Quadrat,29.25219,83.07391,OysterData_30Jan2018_Quadrat_final.csv
