date,site,recorder,transect number,distance along transect,distance from transect (m),live,,,,,,dead,,,,Live count over 100,,,,,dead count over 100,,
1/21/2015,LC08,Nick Fisch,1,18,2.6,19,23,20,27,22,21,,,,,,,,,,8,,
1/21/2015,LC08,Nick Fisch,1,18,2.6,24,43,40,41,51,20,,,,,,,,,,,,
1/21/2015,LC08,Nick Fisch,1,18,2.6,30,23,25,23,29,22,,,,,,,,,,,,
1/21/2015,LC08,Nick Fisch,1,18,2.6,25,26,23,17,11,22,,,,,,,,,,,,
1/21/2015,LC08,Nick Fisch,1,18,2.6,23,25,25,22,9,23,,,,,,,,,,,,
1/21/2015,LC08,Nick Fisch,1,18,2.6,19,19,26,30,31,37,,,,,,,,,,,,
1/21/2015,LC08,Nick Fisch,1,18,2.6,29,26,18,22,20,29,,,,,,,,,,,,
1/21/2015,LC08,Nick Fisch,1,18,2.6,28,18,25,22,20,23,,,,,,,,,,,,
1/21/2015,LC08,Nick Fisch,1,18,2.6,24,22,,,,,,,,,,,,,,,,
1/21/2015,LC08,Nick Fisch,2,16,1.2,11,18,,,,,,,,,,,,,,,,
1/21/2015,LC08,Nick Fisch,2,17,2.8,22,20,19,23,20,26,,,,,,,,,,,,
1/21/2015,LC08,Nick Fisch,2,17,2.8,23,20,27,9,17,26,,,,,,,,,,,,
1/21/2015,LC08,Nick Fisch,2,17,2.8,27,17,26,18,17,16,,,,,,,,,,,,
1/21/2015,LC08,Nick Fisch,2,17,2.8,19,14,18,33,30,32,,,,,,,,,,,,
1/21/2015,LC08,Nick Fisch,2,17,2.8,33,15,23,19,15,26,,,,,,,,,,,,
1/21/2015,LC08,Nick Fisch,2,17,2.8,25,25,21,22,20,25,,,,,,,,,,,,
1/21/2015,LC08,Nick Fisch,2,17,2.8,18,24,34,22,23,15,,,,,,,,,,,,
1/21/2015,LC08,Nick Fisch,2,17,2.8,20,24,11,17,20,21,,,,,,,,,,,,
5/16/2015,LC03,Nick Fisch,1,9,4,na,,,,,,,,,,,,,,,,,
5/16/2015,LC03,Nick Fisch,1,21,3.8,,,,,,,,58,,,,,,,,,,
5/16/2015,LC03,Nick Fisch,1,13,1.1,na,,,,,,,,,,,,,,,,,
5/16/2015,LC03,Nick Fisch,1,9,0.7,na,,,,,,,,,,,,,,,,,
5/16/2015,LC03,Nick Fisch,1,20,1.9,29,,,,,,,,,,,,,,,,,
5/16/2015,LC03,Nick Fisch,1,2,1.5,37,,,,,,,,,,,,,,,,,
5/16/2015,LC03,Nick Fisch,1,9,1.8,na,,,,,,,,,,,,,,,,,
5/16/2015,LC03,Nick Fisch,1,0,4,27,,,,,,,,,,,,,,,,,
5/16/2015,LC03,Nick Fisch,1,13,2,22,15,,,,,,,,,,,,,,,,
5/16/2015,LC03,Nick Fisch,1,5,2.5,na,,,,,,,,,,,,,,,,,
5/16/2015,LC03,Nick Fisch,1,7,2.5,32,40,32,,,,,,,,,,,,,,,
5/16/2015,LC03,Nick Fisch,1,5,0.1,22,,,,,,,,,,,,,,,,,
5/16/2015,LC03,Nick Fisch,1,18,0.1,19,21,18,26,20,,,,,,,,,,,,,
5/16/2015,LC03,Nick Fisch,1,21,0.5,31,29,18,26,30,54,,18,,,,,,,,,,
5/16/2015,LC03,Nick Fisch,1,11,1.7,32,22,,,,,,,,,,,,,,,,
5/16/2015,LC03,Nick Fisch,1,9,3.3,,,,,,,,69,,,,,,,,,,
5/16/2015,LC03,Nick Fisch,1,17,1.8,38,37,31,,,,,,,,,,,,,,,
5/16/2015,LC03,Nick Fisch,1,6,0.1,na,,,,,,,,,,,,,,,,,
5/16/2015,LC03,Nick Fisch,1,5,0.5,47,,,,,,,,,,,,,,,,,
5/16/2015,LC03,Nick Fisch,1,18,3.7,na,,,,,,,,,,,,,,,,,
5/16/2015,LC03,Nick Fisch,2,15,1.5,21,51,27,27,25,,,,,,,,,,,,,
5/16/2015,LC03,Nick Fisch,2,10,4,24,55,34,34,,,,47,,,,40,,,,,,
5/16/2015,LC03,Nick Fisch,2,0,0,na,,,,,,,,,,,,,,,,,
5/16/2015,LC03,Nick Fisch,2,9,0.2,25,20,27,,,,,,,,,,,,,,,
5/16/2015,LC03,Nick Fisch,2,0,2.9,33,35,30,35,55,53,,,,,,,,,,,,
5/16/2015,LC03,Nick Fisch,2,3,2.1,38,37,,,,,,,,,,,,,,,,
5/16/2015,LC03,Nick Fisch,2,5,2.2,21,,,,,,,28,,,,25,,20,,,,
5/16/2015,LC03,Nick Fisch,2,18,3.8,23,20,31,,,,,24,,,,,,,,,,
5/16/2015,LC03,Nick Fisch,2,20,2.5,18,,,,,,,25,,,,14,,25,20,,,
5/16/2015,LC03,Nick Fisch,2,20,2.5,,,,,,,,28,,,,,,,,,,
5/16/2015,LC03,Nick Fisch,2,13,0.1,34,33,,,,,,34,,,,20,,,,,,
5/16/2015,LC03,Nick Fisch,2,17,4,23,,,,,,,,,,,,,,,,,
5/16/2015,LC03,Nick Fisch,2,19,1.9,44,24,,,,,,,,,,,,,,,,
5/16/2015,LC03,Nick Fisch,2,7,2.2,32,26,23,,,,,,,,,,,,,,,
5/16/2015,LC03,Nick Fisch,2,16,3.5,26,30,20,32,,,,,,,,,,,,1,,
5/16/2015,LC03,Nick Fisch,3,12,3.7,34,52,63,40,31,,,40,,,,59,,,,,,
5/16/2015,LC03,Nick Fisch,3,8,3.1,25,,,,,,,,,,,,,,,,,
5/16/2015,LC03,Nick Fisch,3,3,3.4,44,20,38,23,15,,,,,,,,,,,,,
5/16/2015,LC03,Nick Fisch,3,14,0.1,28,,,,,,,,,,,,,,,,,
5/16/2015,LC03,Nick Fisch,3,16,1.9,18,,,,,,,25,,,,26,,,,,,
5/16/2015,LC03,Nick Fisch,3,9,3,,,,,,,,18,,,,,,,,,,
5/16/2015,LC03,Nick Fisch,3,2,0.5,24,22,,,,,,,,,,,,,,,,
5/16/2015,LC03,Nick Fisch,3,18,0.3,na,,,,,,,,,,,,,,,,,
5/16/2015,LC03,Nick Fisch,3,19,1.8,na,,,,,,,,,,,,,,,,,
5/16/2015,LC03,Nick Fisch,3,17,0.8,na,,,,,,,,,,,,,,,,,
5/16/2015,LC03,Nick Fisch,3,19,3.7,na,,,,,,,,,,,,,,,,,
5/16/2015,LC03,Nick Fisch,3,11,3.2,21,44,,,,,,20,,,,,,,,,,
5/16/2015,LC03,Nick Fisch,3,12,3.9,30,25,20,19,,,,34,,,,23,,,,,,
5/16/2015,LC03,Nick Fisch,3,10,3.9,24,31,26,20,26,,,,,,,,,,,,,
5/16/2015,LC03,Nick Fisch,3,14,1.5,31,24,22,,,,,19,,,,29,,28,,,,
5/16/2015,LC03,Nick Fisch,3,3,0.1,30,,,,,,,55,,,,65,,,,,,
5/16/2015,LC03,Nick Fisch,3,15,3.6,22,16,34,23,31,31,,,,,,,,,,,,
5/16/2015,LC03,Nick Fisch,3,11,3.8,40,,,,,,,,,,,,,,,8,,
5/16/2015,LC02,Nick Fisch,1,3,1.9,24,22,30,74,60,27,,,,,,,,,,,,
5/16/2015,LC02,Nick Fisch,1,3,1.9,34,20,28,,,,,,,,,,,,,,,
5/16/2015,LC02,Nick Fisch,1,18,3,45,30,27,55,44,60,,27,,,,,,,,,,
5/16/2015,LC02,Nick Fisch,1,18,3,27,24,30,35,18,31,,,,,,,,,,,,
5/16/2015,LC02,Nick Fisch,1,20,1.5,38,30,35,30,40,42,,,,,,,,,,,,
5/16/2015,LC02,Nick Fisch,1,20,1.5,58,39,40,27,26,46,,,,,,,,,,,,
5/16/2015,LC02,Nick Fisch,1,20,1.5,18,37,27,20,25,,,,,,,,,,,,,
5/16/2015,LC02,Nick Fisch,1,19,1.8,58,42,36,27,41,58,,,,,,,,,,19,,
5/16/2015,LC02,Nick Fisch,1,19,1.8,49,56,62,46,38,,,,,,,,,,,,,
5/16/2015,LC02,Nick Fisch,2,9,0.3,45,65,42,28,43,50,,,,,,,,,,,,
5/16/2015,LC02,Nick Fisch,2,9,0.3,20,22,20,44,26,20,,22,,,,,,,,,,
5/16/2015,LC02,Nick Fisch,2,9,0.3,29,21,23,40,50,,,,,,,,,,,,,
5/16/2015,LC02,Nick Fisch,2,14,1.3,34,25,25,23,20,34,,,,,,,,,,,,
5/16/2015,LC02,Nick Fisch,2,14,1.3,49,60,48,32,44,28,,,,,,,,,,,,
5/16/2015,LC02,Nick Fisch,2,14,1.3,31,40,44,34,21,28,,,,,,,,,,,,
5/16/2015,LC02,Nick Fisch,2,14,1.3,22,46,35,27,,,,,,,,,,,,,,
5/16/2015,LC02,Nick Fisch,2,13,1.7,35,28,40,30,19,32,,,,,,,,,,1,,
5/16/2015,LC02,Nick Fisch,2,13,1.7,45,33,25,30,,,,,,,,,,,,,,
5/16/2015,LC02,Nick Fisch,3,16,3.5,na,,,,,,,,,,,,,,,,,
5/16/2015,LC02,Nick Fisch,3,17,0.1,29,36,28,23,16,,,,,,,,,,,,,
5/16/2015,LC02,Nick Fisch,3,7,4,34,28,32,25,30,32,,,,,,,,,,,,
5/16/2015,LC02,Nick Fisch,3,7,4,18,34,35,,,,,,,,,,,,,,,
5/16/2015,LC02,Nick Fisch,3,3,2.5,48,32,35,25,40,33,,,,,,,,,,,,
5/16/2015,LC02,Nick Fisch,3,3,2.5,51,47,30,28,29,41,,,,,,,,,,,,
5/16/2015,LC02,Nick Fisch,3,3,2.5,67,19,49,24,31,18,,,,,,,,,,,,
5/16/2015,LC02,Nick Fisch,3,3,2.5,28,47,50,33,29,35,,,,,,,,,,,,
5/16/2015,LC02,Nick Fisch,3,3,2.5,38,49,52,23,20,28,,,,,,,,,,,,
5/16/2015,LC02,Nick Fisch,3,3,2.5,26,41,25,,,,,,,,,,,,,,,
5/16/2015,LC02,Nick Fisch,3,21,0.4,,,,,,,,22,,,,,,,,,,
5/16/2015,LC02,Nick Fisch,3,9,2,28,27,33,28,,,,,,,,,,,,29,,
5/17/2015,LC01,Nick Fisch,1,9,0.7,49,24,32,25,26,40,,,,,,,,,,,,
5/17/2015,LC01,Nick Fisch,1,9,0.7,49,40,41,40,22,23,,,,,,,,,,,,
5/17/2015,LC01,Nick Fisch,1,9,0.7,35,32,28,,,,,,,,,,,,,,,
5/17/2015,LC01,Nick Fisch,1,20,1.9,51,60,31,32,40,30,,,,,,,,,,,,
5/17/2015,LC01,Nick Fisch,1,20,1.9,29,43,29,28,,,,,,,,,,,,,,
5/17/2015,LC01,Nick Fisch,1,2,1.5,35,24,32,30,25,31,,,,,,,,,,5,,
5/17/2015,LC01,Nick Fisch,1,2,1.5,24,20,24,33,35,30,,,,,,,,,,,,
5/17/2015,LC01,Nick Fisch,1,2,1.5,38,34,28,34,30,40,,,,,,,,,,,,
5/17/2015,LC01,Nick Fisch,1,2,1.5,22,32,56,44,25,35,,,,,,,,,,,,
5/17/2015,LC01,Nick Fisch,1,2,1.5,28,35,18,22,24,,,,,,,,,,,,,
5/17/2015,LC01,Nick Fisch,2,9,1.8,72,36,36,33,39,59,,,,,,,,,,11,,
5/17/2015,LC01,Nick Fisch,2,9,1.8,34,60,66,61,59,58,,,,,,,,,,,,
5/17/2015,LC01,Nick Fisch,2,9,1.8,31,32,25,51,50,46,,,,,,,,,,,,
5/17/2015,LC01,Nick Fisch,2,9,1.8,45,49,50,40,54,27,,,,,,,,,,,,
5/17/2015,LC01,Nick Fisch,2,9,1.8,26,,,,,,,,,,,,,,,,,
5/17/2015,LC01,Nick Fisch,2,0,4,na,,,,,,,,,,,,,,,,,
5/17/2015,LC01,Nick Fisch,2,13,2,30,28,27,38,40,33,,,,,,,,,,,,
5/17/2015,LC01,Nick Fisch,2,13,2,50,22,37,42,24,28,,,,,,,,,,,,
5/17/2015,LC01,Nick Fisch,2,13,2,46,27,52,19,34,42,,,,,,,,,,,,
5/17/2015,LC01,Nick Fisch,2,13,2,43,38,24,23,22,29,,,,,,,,,,,,
5/17/2015,LC01,Nick Fisch,2,13,2,36,,,,,,,,,,,,,,,,,
5/17/2015,LC01,Nick Fisch,3,5,2.5,59,65,60,60,50,44,,,,,,,,,,,,
5/17/2015,LC01,Nick Fisch,3,5,2.5,49,40,42,47,35,46,,,,,,,,,,,,
5/17/2015,LC01,Nick Fisch,3,7,2.5,52,59,34,78,62,63,,40,,,,,,,,,,
5/17/2015,LC01,Nick Fisch,3,7,2.5,44,63,39,43,38,86,,,,,,,,,,,,
5/17/2015,LC01,Nick Fisch,3,7,2.5,47,25,62,81,52,34,,,,,,,,,,,,
5/17/2015,LC01,Nick Fisch,3,7,2.5,36,40,39,59,88,52,,43,,,,,,,,,,
5/17/2015,LC01,Nick Fisch,3,7,2.5,35,22,33,29,42,,,,,,,,,,,,,
5/17/2015,LC01,Nick Fisch,3,5,1,32,47,36,31,24,16,,,,,,,,,,9,,
5/17/2015,LC01,Nick Fisch,3,5,1,20,,,,,,,,,,,,,,,,,
5/17/2015,LC04,Nick Fisch,1,11,3.2,19,17,22,15,,,,64,,,,,,,,,,
5/17/2015,LC04,Nick Fisch,1,15,3.7,28,23,20,21,,,,24,,,,,,,,,,
5/17/2015,LC04,Nick Fisch,1,11,3.9,26,21,25,28,29,,,,,,,,,,,,,
5/17/2015,LC04,Nick Fisch,1,18,0.4,32,25,,,,,,,,,,,,,,,,
5/17/2015,LC04,Nick Fisch,1,18,1.8,33,29,28,30,29,32,,,,,,,,,,,,
5/17/2015,LC04,Nick Fisch,1,18,1.8,35,27,28,31,15,,,,,,,,,,,,,
5/17/2015,LC04,Nick Fisch,1,1,1.6,29,20,,,,,,,,,,,,,,,,
5/17/2015,LC04,Nick Fisch,1,3,0.6,24,18,,,,,,,,,,,,,,,,
5/17/2015,LC04,Nick Fisch,1,11,0.5,25,,,,,,,13,,,,,,,,,,
5/17/2015,LC04,Nick Fisch,1,2,2.4,33,34,36,21,32,30,,,,,,,,,,,,
5/17/2015,LC04,Nick Fisch,1,2,2.4,21,,,,,,,,,,,,,,,,,
5/17/2015,LC04,Nick Fisch,1,14,0.5,26,30,35,,,,,62,,,,26,,,,,,
5/17/2015,LC04,Nick Fisch,1,3,0.8,20,8,,,,,,,,,,,,,,,,
5/17/2015,LC04,Nick Fisch,1,5,2.6,19,19,,,,,,,,,,,,,,2,,
5/17/2015,LC04,Nick Fisch,2,19,1.9,na,,,,,,,,,,,,,,,,,
5/17/2015,LC04,Nick Fisch,2,7,2.2,na,,,,,,,,,,,,,,,,,
5/17/2015,LC04,Nick Fisch,2,16,3.5,na,,,,,,,,,,,,,,,,,
5/17/2015,LC04,Nick Fisch,2,12,3.7,22,33,27,32,20,19,,,,,,,,,,,,
5/17/2015,LC04,Nick Fisch,2,8,3.1,30,25,30,28,22,24,,,,,,,,,,,,
5/17/2015,LC04,Nick Fisch,2,3,3.4,40,25,30,28,24,22,,24,,,,,,,,,,
5/17/2015,LC04,Nick Fisch,2,14,0.1,30,30,24,22,,,,,,,,,,,,,,
5/17/2015,LC04,Nick Fisch,2,16,1.9,28,24,22,20,,,,,,,,,,,,,,
5/17/2015,LC04,Nick Fisch,2,9,3,25,6,7,,,,,20,,,,,,,,,,
5/17/2015,LC04,Nick Fisch,2,2,0.5,21,,,,,,,24,,,,,,,,,,
5/17/2015,LC04,Nick Fisch,2,18,0.3,50,42,16,15,28,,,18,,,,,,,,,,
5/17/2015,LC04,Nick Fisch,2,19,0.8,35,25,22,43,34,35,,,,,,,,,,,,
5/17/2015,LC04,Nick Fisch,2,17,0.8,32,,,,,,,,,,,,,,,,,
5/17/2015,LC04,Nick Fisch,2,19,3.7,na,,,,,,,,,,,,,,,,,
5/17/2015,LC04,Nick Fisch,2,12,3.9,na,,,,,,,,,,,,,,,,,
5/17/2015,LC04,Nick Fisch,2,19,1.8,65,,,,,,,,,,,,,,,,,
5/17/2015,LC04,Nick Fisch,2,14,1.5,37,33,,,,,,51,,,,,,,,,,
5/17/2015,LC04,Nick Fisch,3,18,0.1,31,23,41,,,,,,,,,,,,,,,
5/17/2015,LC04,Nick Fisch,3,21,0.5,29,,,,,,,,,,,,,,,,,
5/17/2015,LC04,Nick Fisch,3,11,1.7,,,,,,,,27,,,,,,,,,,
5/17/2015,LC04,Nick Fisch,3,9,3.3,21,20,,,,,,,,,,,,,,,,
5/17/2015,LC04,Nick Fisch,3,17,1.8,40,29,26,36,27,21,,,,,,,,,,,,
5/17/2015,LC04,Nick Fisch,3,6,0.1,na,,,,,,,,,,,,,,,,,
5/17/2015,LC04,Nick Fisch,3,5,0.5,na,,,,,,,,,,,,,,,,,
5/17/2015,LC04,Nick Fisch,3,18,3.7,na,,,,,,,,,,,,,,,,,
5/17/2015,LC04,Nick Fisch,3,17,1.8,22,24,,,,,,,,,,,,,,,,
5/17/2015,LC04,Nick Fisch,3,15,1.5,25,22,,,,,,,,,,,,,,,,
5/17/2015,LC04,Nick Fisch,3,10,4,34,36,24,,,,,,,,,,,,,,,
5/17/2015,LC04,Nick Fisch,3,0,0,na,,,,,,,,,,,,,,,,,
5/17/2015,LC04,Nick Fisch,3,9,0.2,24,46,,,,,,83,,,,78,,34,71,,,
5/17/2015,LC04,Nick Fisch,3,0,2.9,na,,,,,,,,,,,,,,,,,
5/17/2015,LC04,Nick Fisch,3,3,2.1,59,18,19,,,,,30,,,,,,,,,,
5/17/2015,LC04,Nick Fisch,3,5,2.2,na,,,,,,,,,,,,,,,,,
5/17/2015,LC04,Nick Fisch,3,18,3.8,31,21,26,21,,,,,,,,,,,,,,
5/17/2015,LC04,Nick Fisch,3,20,2.5,34,30,,,,,,,,,,,,,,,,
5/17/2015,LC04,Nick Fisch,3,13,0.1,,,,,,,,62,,,,,,,,,,
5/17/2015,LC04,Nick Fisch,3,17,4,30,22,28,,,,,,,,,,,,,,,
5/18/2015,LC05,Nick Fisch,1,0,3.9,na,,,,,,,,,,,,,,,,,
5/18/2015,LC05,Nick Fisch,1,18,4,28,20,,,,,,20,,,,,,,,,,
5/18/2015,LC05,Nick Fisch,1,6,0.3,na,,,,,,,,,,,,,,,,,
5/18/2015,LC05,Nick Fisch,1,3,2.3,na,,,,,,,,,,,,,,,,,
5/18/2015,LC05,Nick Fisch,1,17,3.6,na,,,,,,,,,,,,,,,,,
5/18/2015,LC05,Nick Fisch,1,15,1.5,na,,,,,,,,,,,,,,,,,
5/18/2015,LC05,Nick Fisch,1,11,1.9,33,21,24,18,30,22,,,,,,,,,,,,
5/18/2015,LC05,Nick Fisch,1,11,1.9,23,30,28,30,25,39,,,,,,,,,,,,
5/18/2015,LC05,Nick Fisch,1,11,1.9,23,52,22,32,28,30,,,,,,,,,,,,
5/18/2015,LC05,Nick Fisch,1,11,1.9,40,20,25,18,39,30,,,,,,,,,,,,
5/18/2015,LC05,Nick Fisch,1,11,1.9,32,24,24,34,28,25,,,,,,,,,,,,
5/18/2015,LC05,Nick Fisch,1,11,1.9,23,25,32,20,30,32,,,,,,,,,,,,
5/18/2015,LC05,Nick Fisch,1,11,1.9,31,33,32,30,26,22,,,,,,,,,,,,
5/18/2015,LC05,Nick Fisch,1,11,1.9,26,,,,,,,,,,,,,,,,,
5/18/2015,LC05,Nick Fisch,1,3,2.6,na,,,,,,,,,,,,,,,,,
5/18/2015,LC05,Nick Fisch,1,6,1.1,25,30,20,22,20,20,,,,,,,,,,6,,
5/18/2015,LC05,Nick Fisch,2,1,2.6,34,22,,,,,,,,,,,,,,,,
5/18/2015,LC05,Nick Fisch,2,0,2.7,30,30,28,24,40,49,,,,,,,,,,,,
5/18/2015,LC05,Nick Fisch,2,0,2.7,20,15,,,,,,,,,,,,,,,,
5/18/2015,LC05,Nick Fisch,2,13,1.2,41,38,25,21,43,45,,,,,,,,,,,,
5/18/2015,LC05,Nick Fisch,2,13,1.2,23,21,33,25,35,51,,,,,,,,,,,,
5/18/2015,LC05,Nick Fisch,2,13,1.2,38,43,29,32,42,31,,19,,,,,,,,,,
5/18/2015,LC05,Nick Fisch,2,13,1.2,18,37,29,29,37,29,,,,,,,,,,,,
5/18/2015,LC05,Nick Fisch,2,13,1.2,30,28,30,31,31,30,,,,,,,,,,,,
5/18/2015,LC05,Nick Fisch,2,13,1.2,28,21,22,22,36,,,,,,,,,,,18,,
5/18/2015,LC05,Nick Fisch,3,19,1.4,25,20,22,21,35,21,,,,,,,,,,,,
5/18/2015,LC05,Nick Fisch,3,19,1.4,32,40,71,32,28,38,,,,,,,,,,,,
5/18/2015,LC05,Nick Fisch,3,19,1.4,51,33,15,36,39,30,,,,,,,,,,,,
5/18/2015,LC05,Nick Fisch,3,19,1.4,34,20,35,18,21,17,,,,,,,,,,,,
5/18/2015,LC05,Nick Fisch,3,19,1.4,50,41,18,20,,,,,,,,,,,,,,
5/18/2015,LC05,Nick Fisch,3,19,3.6,23,26,27,,,,,,,,,,,,,,,
5/18/2015,LC05,Nick Fisch,3,21,2.7,30,35,30,31,22,30,,,,,,,,,,,,
5/18/2015,LC05,Nick Fisch,3,21,2.7,32,55,40,26,33,27,,,,,,,,,,,,
5/18/2015,LC05,Nick Fisch,3,7,0.9,49,48,48,54,40,49,,43,,,,,,,,,,
5/18/2015,LC05,Nick Fisch,3,7,0.9,28,,,,,,,,,,,,,,,,,
5/18/2015,LC05,Nick Fisch,3,8,2.8,30,19,21,28,24,19,,,,,,,,,,4,,
5/18/2015,LC05,Nick Fisch,3,8,2.8,18,20,32,,,,,,,,,,,,,,,
5/31/2015,LC07,Nick Fisch,1,0,3.9,na,,,,,,,,,,,,,,,,,
5/31/2015,LC07,Nick Fisch,1,18,4,na,,,,,,,,,,,,,,,,,
5/31/2015,LC07,Nick Fisch,1,6,0.3,28,30,,,,,,,,,,,,,,,,
5/31/2015,LC07,Nick Fisch,1,3,2.3,21,32,,,,,,28,,,,14,,,,,,
5/31/2015,LC07,Nick Fisch,1,17,3.6,28,21,,,,,,,,,,,,,,,,
5/31/2015,LC07,Nick Fisch,1,15,1.5,37,,,,,,,21,,,,,,,,,,
5/31/2015,LC07,Nick Fisch,1,11,1.9,32,33,33,35,25,35,,,,,,,,,,,,
5/31/2015,LC07,Nick Fisch,1,3,2.6,na,,,,,,,,,,,,,,,,,
5/31/2015,LC07,Nick Fisch,1,11,1.9,22,24,39,17,,,,,,,,,,,,,,
5/31/2015,LC07,Nick Fisch,1,6,1.1,na,,,,,,,,,,,,,,,,,
5/31/2015,LC07,Nick Fisch,1,0,2.7,25,30,,,,,,,,,,,,,,,,
5/31/2015,LC07,Nick Fisch,1,1,2.6,19,,,,,,,,,,,,,,,,,
5/31/2015,LC07,Nick Fisch,1,13,1.2,26,30,22,,,,,,,,,,,,,,,
5/31/2015,LC07,Nick Fisch,1,19,1.4,na,,,,,,,,,,,,,,,,,
5/31/2015,LC07,Nick Fisch,1,19,3.6,na,,,,,,,,,,,,,,,,,
5/31/2015,LC07,Nick Fisch,1,21,2.7,29,,,,,,,,,,,,,,,,,
5/31/2015,LC07,Nick Fisch,1,7,0.9,28,22,,,,,,,,,,,,,,,,
5/31/2015,LC07,Nick Fisch,1,8,2.8,na,,,,,,,,,,,,,,,,,
5/31/2015,LC07,Nick Fisch,1,8,2.1,30,,,,,,,,,,,,,,,,,
5/31/2015,LC07,Nick Fisch,1,17,2.9,21,26,,,,,,140,,,,,,,,,,
5/31/2015,LC07,Nick Fisch,1,18,3.3,na,,,,,,,,,,,,,,,,,
5/31/2015,LC07,Nick Fisch,2,5,2.6,28,34,24,41,27,26,,,,,,,,,,,,
5/31/2015,LC07,Nick Fisch,2,15,1.9,na,,,,,,,,,,,,,,,,,
5/31/2015,LC07,Nick Fisch,2,14,2.2,16,,,,,,,,,,,,,,,,,
5/31/2015,LC07,Nick Fisch,2,5,2.6,22,21,,,,,,,,,,,,,,,,
5/31/2015,LC07,Nick Fisch,2,15,4,25,,,,,,,,,,,,,,,,,
5/31/2015,LC07,Nick Fisch,2,5,2.2,24,41,27,19,24,28,,,,,,,,,,,,
5/31/2015,LC07,Nick Fisch,2,2,0.8,30,24,21,23,22,19,,,,,,,,,,,,
5/31/2015,LC07,Nick Fisch,2,11,2.8,31,22,19,19,20,40,,,,,,,,,,,,
5/31/2015,LC07,Nick Fisch,2,2,0.8,23,28,20,22,30,21,,19,,,,16,,,,,,
5/31/2015,LC07,Nick Fisch,2,2,0.8,21,19,18,28,20,22,,,,,,,,,,,,
5/31/2015,LC07,Nick Fisch,2,11,2.8,21,34,,,,,,,,,,,,,,,,
5/31/2015,LC07,Nick Fisch,2,2,0.8,25,28,19,20,26,19,,,,,,,,,,,,
5/31/2015,LC07,Nick Fisch,2,2,0.8,18,27,25,24,23,,,,,,,,,,,,,
5/31/2015,LC07,Nick Fisch,2,12,3.3,na,,,,,,,,,,,,,,,,,
5/31/2015,LC07,Nick Fisch,2,10,2.8,31,,,,,,,21,,,,,,,,,,
5/31/2015,LC07,Nick Fisch,2,19,2.9,na,,,,,,,,,,,,,,,,,
5/31/2015,LC07,Nick Fisch,2,19,0.8,na,,,,,,,,,,,,,,,,,
5/31/2015,LC07,Nick Fisch,2,15,0.5,na,,,,,,,,,,,,,,,,,
5/31/2015,LC07,Nick Fisch,2,3,2,23,24,33,24,40,,,20,,,,,,,,,,
5/31/2015,LC07,Nick Fisch,2,8,2.1,23,,,,,,,,,,,,,,,,,
5/31/2015,LC07,Nick Fisch,3,5,2.3,30,27,28,33,24,27,,24,,,,,,,,,,
5/31/2015,LC07,Nick Fisch,3,13,1.3,19,20,16,3.5,,,,,,,,,,,,,,
5/31/2015,LC07,Nick Fisch,3,16,0.5,na,,,,,,,,,,,,,,,,,
5/31/2015,LC07,Nick Fisch,3,5,2.3,24,36,,,,,,,,,,,,,,,,
5/31/2015,LC07,Nick Fisch,3,3,3.1,na,,,,,,,,,,,,,,,,,
5/31/2015,LC07,Nick Fisch,3,13,3,22,,,,,,,,,,,,,,,,,
5/31/2015,LC07,Nick Fisch,3,7,0.8,39,26,34,25,25,28,,,,,,,,,,,,
5/31/2015,LC07,Nick Fisch,3,7,0.8,24,18,41,34,,,,,,,,,,,,,,
5/31/2015,LC07,Nick Fisch,3,18,2.8,29,15,20,22,16,20,,,,,,,,,,,,
5/31/2015,LC07,Nick Fisch,3,18,2.8,15,54,29,30,17,26,,,,,,,,,,,,
5/31/2015,LC07,Nick Fisch,3,18,2.8,21,17,,,,,,,,,,,,,,,,
5/31/2015,LC07,Nick Fisch,3,16,0.4,32,,,,,,,,,,,,,,,,,
5/31/2015,LC07,Nick Fisch,3,2,0.4,27,24,34,36,26,27,,,,,,,,,,,,
5/31/2015,LC07,Nick Fisch,3,9,2,35,26,19,34,21,,,,,,,,,,,,,
5/31/2015,LC07,Nick Fisch,3,14,1.8,na,,,,,,,,,,,,,,,,,
5/31/2015,LC08,Nick Fisch,1,1,1,32,,,,,,,,,,,,,,,,,
5/31/2015,LC08,Nick Fisch,1,1,3.1,na,,,,,,,,,,,,,,,,,
5/31/2015,LC08,Nick Fisch,1,14,0.7,29,27,27,25,24,34,,,,,,,,,,,,
5/31/2015,LC08,Nick Fisch,1,14,0.7,34,,,,,,,,,,,,,,,,,
5/31/2015,LC08,Nick Fisch,1,5,3.4,32,45,19,,,,,25,,,,,,,,,,
5/31/2015,LC08,Nick Fisch,1,0,0.7,27,28,,,,,,,,,,,,,,,,
5/31/2015,LC08,Nick Fisch,1,2,3.8,na,,,,,,,,,,,,,,,,,
5/31/2015,LC08,Nick Fisch,1,18,1.6,21,28,30,27,27,28,,19,,,,,,,,,,
5/31/2015,LC08,Nick Fisch,1,18,1.6,28,24,,,,,,,,,,,,,,,,
5/31/2015,LC08,Nick Fisch,1,20,1.8,42,24,16,32,30,25,,20,,,,,,,,,,
5/31/2015,LC08,Nick Fisch,1,20,1.8,24,25,26,20,24,23,,,,,,,,,,,,
5/31/2015,LC08,Nick Fisch,1,20,1.8,24,19,27,27,32,23,,,,,,,,,,,,
5/31/2015,LC08,Nick Fisch,1,9,2.4,32,26,22,28,,,,,,,,,,,,,,
5/31/2015,LC08,Nick Fisch,1,11,3.5,32,,,,,,,,,,,,,,,,,
5/31/2015,LC08,Nick Fisch,1,13,0.6,28,28,27,,,,,,,,,,,,,,,
5/31/2015,LC08,Nick Fisch,1,18,2.1,27,30,39,42,,,,,,,,,,,,4,,
5/31/2015,LC08,Nick Fisch,1,1,2.9,34,26,22,22,,,,,,,,,,,,3,,
5/31/2015,LC08,Nick Fisch,2,8,3.9,26,32,34,41,35,31,,,,,,,,,,,,
5/31/2015,LC08,Nick Fisch,2,16,0.3,26,,,,,,,,,,,,,,,,,
5/31/2015,LC08,Nick Fisch,2,3,2,28,24,32,28,,,,,,,,,,,,,,
5/31/2015,LC08,Nick Fisch,2,8,3.9,18,,,,,,,,,,,,,,,,,
5/31/2015,LC08,Nick Fisch,2,9,0.9,31,34,22,,,,,,,,,,,,,,,
5/31/2015,LC08,Nick Fisch,2,11,1.7,na,,,,,,,,,,,,,,,,,
5/31/2015,LC08,Nick Fisch,2,19,1.7,30,34,,,,,,,,,,,,,,,,
5/31/2015,LC08,Nick Fisch,2,8,0.6,23,24,,,,,,,,,,,,,,,,
5/31/2015,LC08,Nick Fisch,2,5,2.2,26,34,,,,,,,,,,,,,,,,
5/31/2015,LC08,Nick Fisch,2,8,3.2,29,37,30,,,,,,,,,,,,,,,
5/31/2015,LC08,Nick Fisch,2,5,3.5,na,,,,,,,,,,,,,,,,,
5/31/2015,LC08,Nick Fisch,2,11,0,24,23,,,,,,,,,,,,,,,,
5/31/2015,LC08,Nick Fisch,2,0,3,29,,,,,,,,,,,,,,,,,
5/31/2015,LC08,Nick Fisch,2,20,2.3,na,,,,,,,,,,,,,,,,,
5/31/2015,LC08,Nick Fisch,2,13,3.3,29,20,,,,,,22,,,,,,,,,,
5/31/2015,LC08,Nick Fisch,2,5,2.8,24,40,15,,,,,,,,,,,,,,,
5/31/2015,LC08,Nick Fisch,2,4,0.8,34,,,,,,,,,,,,,,,,,
5/31/2015,LC08,Nick Fisch,2,2,1.4,na,,,,,,,,,,,,,,,,,
5/31/2015,LC08,Nick Fisch,2,4,1,na,,,,,,,,,,,,,,,,,
5/31/2015,LC08,Nick Fisch,2,5,3,na,,,,,,,,,,,,,,,,,
5/31/2015,LC08,Nick Fisch,2,7,3.6,30,,,,,,,36,,,,,,,,,,
5/31/2015,LC08,Nick Fisch,3,17,2.1,34,,,,,,,,,,,,,,,,,
5/31/2015,LC08,Nick Fisch,3,13,0.3,31,34,48,22,23,33,,,,,,,,,,,,
5/31/2015,LC08,Nick Fisch,3,5,0.9,na,,,,,,,,,,,,,,,,,
5/31/2015,LC08,Nick Fisch,3,13,0.3,28,36,,,,,,,,,,,,,,,,
5/31/2015,LC08,Nick Fisch,3,17,0.3,na,,,,,,,,,,,,,,,,,
5/31/2015,LC08,Nick Fisch,3,0,3.6,21,,,,,,,,,,,,,,,,,
5/31/2015,LC08,Nick Fisch,3,7,1.5,38,21,27,33,28,18,,26,,,,16,,,,,,
5/31/2015,LC08,Nick Fisch,3,7,1.5,27,31,32,26,,,,,,,,,,,,,,
5/31/2015,LC08,Nick Fisch,3,1,3.2,31,,,,,,,,,,,,,,,,,
5/31/2015,LC08,Nick Fisch,3,11,2.2,26,21,24,15,23,25,,23,,,,,,,,,,
5/31/2015,LC08,Nick Fisch,3,11,2.2,27,,,,,,,,,,,,,,,,,
5/31/2015,LC08,Nick Fisch,3,14,1.6,na,,,,,,,,,,,,,,,,,
5/31/2015,LC08,Nick Fisch,3,2,3.1,31,,,,,,,,,,,,,,,,,
5/31/2015,LC08,Nick Fisch,3,4,2.9,na,,,,,,,,,,,,,,,,,
5/31/2015,LC08,Nick Fisch,3,15,0.1,28,30,34,36,32,24,,20,,,,,,,,,,
5/31/2015,LC08,Nick Fisch,3,15,0.1,20,31,27,21,25,18,,,,,,,,,,,,
5/31/2015,LC08,Nick Fisch,3,15,0.1,19,31,32,25,,,,,,,,,,,,,,
5/31/2015,LC08,Nick Fisch,3,1,3.1,24,,,,,,,,,,,,,,,,,
5/31/2015,LC08,Nick Fisch,3,1,0.9,29,24,27,28,,,,20,,,,,,,,,,
5/31/2015,LC08,Nick Fisch,3,17,1.5,34,15,18,15,,,,,,,,,,,,,,
6/1/2015,LC06,Nick Fisch,1,4,2.25,38,36,49,28,22,21,,23,,,,,,,,,,
6/1/2015,LC06,Nick Fisch,1,4,2.25,40,38,54,44,47,43,,,,,,,,,,,,
6/1/2015,LC06,Nick Fisch,1,4,2.25,27,48,33,33,39,31,,,,,,,,,,,,
6/1/2015,LC06,Nick Fisch,1,4,2.25,31,43,41,44,,,,,,,,,,,,,,
6/1/2015,LC06,Nick Fisch,1,12,5,26,22,50,44,38,42,,,,,,,,,,,,
6/1/2015,LC06,Nick Fisch,1,12,5,28,37,24,24,,,,,,,,,,,,,,
6/1/2015,LC06,Nick Fisch,1,15,1,22,,,,,,,,,,,,,,,,,
6/1/2015,LC06,Nick Fisch,1,7,2.5,34,26,27,42,31,,,,,,,,,,,,,
6/1/2015,LC06,Nick Fisch,1,4,3.25,45,,,,,,,,,,,,,,,,,
6/1/2015,LC06,Nick Fisch,1,19,1,55,60,28,47,51,44,,,,,,,,,,,,
6/1/2015,LC06,Nick Fisch,1,19,1,56,30,52,24,28,30,,,,,,,,,,,,
6/1/2015,LC06,Nick Fisch,1,19,1,20,31,19,47,46,50,,,,,,,,,,,,
6/1/2015,LC06,Nick Fisch,1,19,1,49,25,31,30,,,,,,,,,,,,,,
6/1/2015,LC06,Nick Fisch,2,12,1.75,37,38,,,,,,,,,,,,,,,,
6/1/2015,LC06,Nick Fisch,2,19,1.25,39,48,45,28,31,26,,,,,,,,,,,,
6/1/2015,LC06,Nick Fisch,2,13,4.75,37,27,,,,,,,,,,,,,,,,
6/1/2015,LC06,Nick Fisch,2,17,1.5,52,27,20,32,30,47,,,,,,,,,,,,
6/1/2015,LC06,Nick Fisch,2,17,1.5,32,36,41,,,,,,,,,,,,,,,
6/1/2015,LC06,Nick Fisch,2,17,1,31,19,33,29,24,36,,,,,,,,,,,,
6/1/2015,LC06,Nick Fisch,2,17,1,24,,,,,,,,,,,,,,,,,
6/1/2015,LC06,Nick Fisch,2,11,4,60,30,49,47,28,46,,,,,,,,,,,,
6/1/2015,LC06,Nick Fisch,2,11,4,55,37,25,35,38,30,,,,,,,,,,,,
6/1/2015,LC06,Nick Fisch,2,11,4,29,,,,,,,,,,,,,,,,,
6/1/2015,LC06,Nick Fisch,2,19,1,45,22,35,22,32,31,,35,,,,,,,,,,
6/1/2015,LC06,Nick Fisch,2,19,1,24,19,,,,,,,,,,,,,,,,
6/1/2015,LC06,Nick Fisch,2,9,0,44,33,49,31,28,,,15,,,,,,,,,,
6/1/2015,LC06,Nick Fisch,2,1,4.25,33,67,19,25,32,19,,34,,,,15,,,,,,
6/1/2015,LC06,Nick Fisch,2,1,4.25,44,55,52,,,,,,,,,,,,,,,
6/1/2015,LC06,Nick Fisch,2,7,1.75,na,,,,,,,,,,,,,,,,,
6/1/2015,LC06,Nick Fisch,2,6,3.25,30,26,25,25,56,64,,,,,,,,,,,,
6/1/2015,LC06,Nick Fisch,2,6,3.5,38,34,60,19,31,31,,,,,,,,,,7,,
6/1/2015,LC06,Nick Fisch,2,6,3.5,32,42,36,42,38,41,,,,,,,,,,,,
6/1/2015,LC06,Nick Fisch,2,6,3.5,32,31,,,,,,,,,,,,,,,,
6/1/2015,LC06,Nick Fisch,2,9,4.5,21,25,54,42,30,35,,,,,,,,,,,,
6/1/2015,LC06,Nick Fisch,2,9,4.5,32,37,,,,,,,,,,,,,,,,
6/1/2015,LC06,Nick Fisch,3,2,2.5,54,125,75,107,86,78,,95,,,,34,,,,,,
6/1/2015,LC06,Nick Fisch,3,2,2.5,90,48,,,,,,,,,,,,,,,,
6/1/2015,LC06,Nick Fisch,3,20,2.75,37,,,,,,,,,,,,,,,,,
6/1/2015,LC06,Nick Fisch,3,5,0.5,19,29,20,27,,,,,,,,,,,,,,
6/1/2015,LC06,Nick Fisch,3,7,1.5,33,,,,,,,28,,,,,,,,,,
6/1/2015,LC06,Nick Fisch,3,7,2.5,45,48,21,16,45,40,,34,,,,,,,,,,
6/1/2015,LC06,Nick Fisch,3,7,2.5,19,18,29,,,,,,,,,,,,,,,
6/1/2015,LC06,Nick Fisch,3,19,0.75,40,,,,,,,,,,,,,,,,,
6/1/2015,LC06,Nick Fisch,3,14,0.25,42,45,43,48,,,,,,,,,,,,,,
6/1/2015,LC06,Nick Fisch,3,3,0.5,19,24,,,,,,15,,,,,,,,,,
6/1/2015,LC06,Nick Fisch,3,16,3.75,50,2,45,28,,,,,,,,,,,,,,
6/1/2015,LC06,Nick Fisch,3,20,4.5,27,,,,,,,,,,,,,,,,,
6/1/2015,LC06,Nick Fisch,3,16,4.5,48,32,42,34,51,18,,,,,,,,,,,,
6/1/2015,LC06,Nick Fisch,3,16,4.5,39,26,40,29,35,42,,,,,,,,,,,,
6/1/2015,LC06,Nick Fisch,3,4,3,25,41,25,17,19,38,,20,,,,,,,,,,
6/1/2015,LC06,Nick Fisch,3,5,1.5,24,18,27,30,32,34,,20,,,,,,,,,,
6/1/2015,LC06,Nick Fisch,3,5,1.5,26,37,46,40,27,26,,,,,,,,,,,,
6/1/2015,LC06,Nick Fisch,3,5,1.5,38,23,23,,,,,,,,,,,,,,,
6/1/2015,LC06,Nick Fisch,3,19,3.5,28,25,37,49,31,38,,,,,,,,,,,,
6/1/2015,LC06,Nick Fisch,3,19,3.5,17,28,28,,,,,,,,,,,,,,,
