Date,Location,Recorder,Transect,Condition,Distance_along,Distance_from,Live1,Live2,Live3,Live4,Live5,Live6,Dead1,Dead2,Dead3,Dead4,Live_over
4/24/2013,LCrestore5,Jenn Seavey,1,pre,2,0,0,,,,,,0,,,,
4/24/2013,LCrestore5,Jenn Seavey,2,pre,6,0,0,,,,,,0,,,,
4/24/2013,LCrestore5,Jenn Seavey,3,pre,9,0,0,,,,,,0,,,,
4/24/2013,LCrestore5,Jenn Seavey,1,pre,19,0,0,,,,,,0,,,,
4/24/2013,LCrestore5,Jenn Seavey,2,pre,2,0,0,,,,,,0,,,,
4/24/2013,LCrestore5,Jenn Seavey,3,pre,14,0,0,,,,,,0,,,,
4/24/2013,LCrestore5,Jenn Seavey,1,pre,7,0,0,,,,,,0,,,,
4/24/2013,LCrestore5,Jenn Seavey,2,pre,19,0,0,,,,,,0,,,,
4/24/2013,LCrestore5,Jenn Seavey,3,pre,8,0,37.7,,,,,,,,,,
4/24/2013,LCrestore5,Jenn Seavey,1,pre,8,0,0,,,,,,0,,,,
4/24/2013,LCrestore5,Jenn Seavey,2,pre,17,0,0,,,,,,0,,,,
4/24/2013,LCrestore5,Jenn Seavey,3,pre,20,0,0,,,,,,0,,,,
4/24/2013,LCrestore5,Jenn Seavey,1,pre,4,0,0,,,,,,0,,,,
4/24/2013,LCrestore5,Jenn Seavey,2,pre,7,0,0,,,,,,0,,,,
4/24/2013,LCrestore5,Jenn Seavey,3,pre,3,0,0,,,,,,0,,,,
4/24/2013,LCrestore5,Jenn Seavey,1,pre,1,0,0,,,,,,0,,,,
4/24/2013,LCrestore5,Jenn Seavey,2,pre,1,0,0,,,,,,0,,,,
4/24/2013,LCrestore5,Jenn Seavey,3,pre,6,0,0,,,,,,0,,,,
4/24/2013,LCrestore5,Jenn Seavey,1,pre,7,0,0,,,,,,0,,,,
4/24/2013,LCrestore5,Jenn Seavey,2,pre,13,0,0,,,,,,0,,,,
4/24/2013,LCrestore6,Jenn Seavey,1,pre,8,0,0,,,,,,0,,,,
4/24/2013,LCrestore6,Jenn Seavey,2,pre,17,0,0,,,,,,0,,,,
4/24/2013,LCrestore6,Jenn Seavey,3,pre,19,0,0,,,,,,0,,,,
4/24/2013,LCrestore6,Jenn Seavey,1,pre,19,0,29.6,,,,,,,,,,
4/24/2013,LCrestore6,Jenn Seavey,2,pre,10,0,0,,,,,,0,,,,
4/24/2013,LCrestore6,Jenn Seavey,3,pre,6,0,34.9,,,,,,,,,,
4/24/2013,LCrestore6,Jenn Seavey,1,pre,14,0,0,,,,,,0,,,,
4/24/2013,LCrestore6,Jenn Seavey,2,pre,19,0,0,,,,,,0,,,,
4/24/2013,LCrestore6,Jenn Seavey,3,pre,4,0,0,,,,,,0,,,,
4/24/2013,LCrestore6,Jenn Seavey,1,pre,20,0,0,,,,,,0,,,,
4/24/2013,LCrestore6,Jenn Seavey,2,pre,6,0,0,,,,,,0,,,,
4/24/2013,LCrestore6,Jenn Seavey,3,pre,9,0,0,,,,,,0,,,,
4/24/2013,LCrestore6,Jenn Seavey,1,pre,11,0,0,,,,,,0,,,,
4/24/2013,LCrestore6,Jenn Seavey,2,pre,20,0,0,,,,,,0,,,,
4/24/2013,LCrestore6,Jenn Seavey,3,pre,14,0,0,,,,,,0,,,,
4/24/2013,LCrestore6,Jenn Seavey,1,pre,5,0,36.1,,,,,,,,,,
4/24/2013,LCrestore6,Jenn Seavey,2,pre,14,0,0,,,,,,0,,,,
4/24/2013,LCrestore6,Jenn Seavey,3,pre,7,0,18,,,,,,,,,,
4/24/2013,LCrestore6,Jenn Seavey,1,pre,17,0,0,,,,,,104.3,,,,
4/24/2013,LCrestore6,Jenn Seavey,2,pre,6,0,0,,,,,,0,,,,
4/24/2013,LCrestore8,Jenn Seavey,1,pre,17,0,0,,,,,,0,,,,
4/24/2013,LCrestore8,Jenn Seavey,2,pre,20,0,0,,,,,,0,,,,
4/24/2013,LCrestore8,Jenn Seavey,3,pre,18,0,0,,,,,,0,,,,
4/24/2013,LCrestore8,Jenn Seavey,1,pre,2,0,0,,,,,,0,,,,
4/24/2013,LCrestore8,Jenn Seavey,2,pre,10,0,0,,,,,,0,,,,
4/24/2013,LCrestore8,Jenn Seavey,3,pre,4,0,0,,,,,,0,,,,
4/24/2013,LCrestore8,Jenn Seavey,1,pre,6,0,0,,,,,,0,,,,
4/24/2013,LCrestore8,Jenn Seavey,2,pre,13,0,0,,,,,,0,,,,
4/24/2013,LCrestore8,Jenn Seavey,3,pre,21,0,0,,,,,,0,,,,
4/24/2013,LCrestore8,Jenn Seavey,1,pre,18,0,0,,,,,,0,,,,
4/24/2013,LCrestore8,Jenn Seavey,2,pre,0,0,0,,,,,,0,,,,
4/24/2013,LCrestore8,Jenn Seavey,3,pre,10,0,0,,,,,,0,,,,
4/24/2013,LCrestore8,Jenn Seavey,1,pre,10,0,0,,,,,,0,,,,
4/24/2013,LCrestore8,Jenn Seavey,2,pre,7,0,0,,,,,,0,,,,
4/24/2013,LCrestore8,Jenn Seavey,3,pre,5,0,0,,,,,,0,,,,
4/24/2013,LCrestore8,Jenn Seavey,1,pre,1,0,0,,,,,,0,,,,
4/24/2013,LCrestore8,Jenn Seavey,2,pre,6,0,0,,,,,,0,,,,
4/24/2013,LCrestore8,Jenn Seavey,3,pre,5,0,0,,,,,,0,,,,
4/24/2013,LCrestore8,Jenn Seavey,1,pre,8,0,0,,,,,,0,,,,
4/24/2013,LCrestore8,Jenn Seavey,2,pre,17,0,0,,,,,,0,,,,
4/24/2013,LCrestore7,Jenn Seavey,1,pre,1,0,0,,,,,,0,,,,
4/24/2013,LCrestore7,Jenn Seavey,2,pre,3,0,0,,,,,,0,,,,
4/24/2013,LCrestore7,Jenn Seavey,3,pre,6,0,0,,,,,,0,,,,
4/24/2013,LCrestore7,Jenn Seavey,1,pre,13,0,0,,,,,,0,,,,
4/24/2013,LCrestore7,Jenn Seavey,2,pre,13,0,0,,,,,,0,,,,
4/24/2013,LCrestore7,Jenn Seavey,3,pre,21,0,0,,,,,,0,,,,
4/24/2013,LCrestore7,Jenn Seavey,1,pre,17,0,0,,,,,,0,,,,
4/24/2013,LCrestore7,Jenn Seavey,2,pre,10,0,0,,,,,,0,,,,
4/24/2013,LCrestore7,Jenn Seavey,3,pre,8,0,0,,,,,,0,,,,
4/24/2013,LCrestore7,Jenn Seavey,1,pre,9,0,0,,,,,,0,,,,
4/24/2013,LCrestore7,Jenn Seavey,2,pre,4,0,0,,,,,,0,,,,
4/24/2013,LCrestore7,Jenn Seavey,3,pre,16,0,0,,,,,,0,,,,
4/24/2013,LCrestore7,Jenn Seavey,1,pre,5,0,0,,,,,,0,,,,
4/24/2013,LCrestore7,Jenn Seavey,2,pre,0,0,0,,,,,,0,,,,
4/24/2013,LCrestore7,Jenn Seavey,3,pre,1,0,0,,,,,,0,,,,
4/24/2013,LCrestore7,Jenn Seavey,1,pre,14,0,0,,,,,,0,,,,
4/24/2013,LCrestore7,Jenn Seavey,2,pre,6,0,0,,,,,,0,,,,
4/24/2013,LCrestore7,Jenn Seavey,3,pre,1,0,23.1,,,,,,0,,,,
4/24/2013,LCrestore7,Jenn Seavey,1,pre,2,0,0,,,,,,0,,,,
4/24/2013,LCrestore7,Jenn Seavey,2,pre,19,0,0,,,,,,0,,,,
4/23/2013,LCrestore2,Jenn Seavey,1,pre,20,0,0,,,,,,0,,,,
4/23/2013,LCrestore2,Jenn Seavey,2,pre,8,0,0,,,,,,31.4,43.8,42.3,,
4/23/2013,LCrestore2,Jenn Seavey,3,pre,18,0,0,,,,,,0,,,,
4/23/2013,LCrestore2,Jenn Seavey,1,pre,21,0,0,,,,,,0,,,,
4/23/2013,LCrestore2,Jenn Seavey,2,pre,18,0,0,,,,,,0,,,,
4/23/2013,LCrestore2,Jenn Seavey,3,pre,9,0,22.3,,,,,,0,,,,
4/23/2013,LCrestore2,Jenn Seavey,1,pre,12,0,0,,,,,,0,,,,
4/23/2013,LCrestore2,Jenn Seavey,2,pre,14,0,0,,,,,,0,,,,
4/23/2013,LCrestore2,Jenn Seavey,3,pre,14,0,0,,,,,,0,,,,
4/23/2013,LCrestore2,Jenn Seavey,1,pre,6,0,0,,,,,,0,,,,
4/23/2013,LCrestore2,Jenn Seavey,2,pre,20,0,0,,,,,,0,,,,
4/23/2013,LCrestore2,Jenn Seavey,3,pre,1,0,0,,,,,,0,,,,
4/23/2013,LCrestore2,Jenn Seavey,1,pre,18,0,43.2,31.3,16.9,15.1,,,0,,,,
4/23/2013,LCrestore2,Jenn Seavey,2,pre,9,0,22.2,,,,,,0,,,,
4/23/2013,LCrestore2,Jenn Seavey,3,pre,21,0,0,,,,,,0,,,,
4/23/2013,LCrestore2,Jenn Seavey,1,pre,1,0,32.9,30.8,,,,,0,,,,
4/23/2013,LCrestore2,Jenn Seavey,2,pre,1,0,0,,,,,,0,,,,
4/23/2013,LCrestore2,Jenn Seavey,3,pre,2,0,0,,,,,,0,,,,
4/23/2013,LCrestore2,Jenn Seavey,1,pre,15,0,0,,,,,,0,,,,
4/23/2013,LCrestore2,Jenn Seavey,2,pre,12,0,33,,,,,,0,,,,
4/23/2013,LCrestore4,Jenn Seavey,1,pre,20,0,0,,,,,,0,,,,
4/23/2013,LCrestore4,Jenn Seavey,2,pre,11,0,34.5,,,,,,45.1,,,,
4/23/2013,LCrestore4,Jenn Seavey,3,pre,5,0,0,,,,,,46.1,,,,
4/23/2013,LCrestore4,Jenn Seavey,1,pre,14,0,0,,,,,,0,,,,
4/23/2013,LCrestore4,Jenn Seavey,2,pre,10,0,0,,,,,,0,,,,
4/23/2013,LCrestore4,Jenn Seavey,3,pre,0,0,0,,,,,,0,,,,
4/23/2013,LCrestore4,Jenn Seavey,1,pre,19,0,0,,,,,,0,,,,
4/23/2013,LCrestore4,Jenn Seavey,2,pre,5,0,0,,,,,,23.6,,,,
4/23/2013,LCrestore4,Jenn Seavey,3,pre,9,0,0,,,,,,64.1,74.3,,,
4/23/2013,LCrestore4,Jenn Seavey,1,pre,13,0,37.1,,,,,,0,,,,
4/23/2013,LCrestore4,Jenn Seavey,2,pre,15,0,0,,,,,,47.6,,,,
4/23/2013,LCrestore4,Jenn Seavey,3,pre,15,0,36.3,,,,,,0,,,,
4/23/2013,LCrestore4,Jenn Seavey,1,pre,16,0,0,,,,,,0,,,,
4/23/2013,LCrestore4,Jenn Seavey,2,pre,20,0,0,,,,,,0,,,,
4/23/2013,LCrestore4,Jenn Seavey,3,pre,6,0,39.9,,,,,,50.9,,,,
4/23/2013,LCrestore4,Jenn Seavey,1,pre,0,0,38.9,,,,,,40.8,,,,
4/23/2013,LCrestore4,Jenn Seavey,2,pre,21,0,0,,,,,,31.4,,,,
4/23/2013,LCrestore4,Jenn Seavey,3,pre,7,0,0,,,,,,0,,,,
4/23/2013,LCrestore4,Jenn Seavey,1,pre,17,0,0,,,,,,0,,,,
4/23/2013,LCrestore4,Jenn Seavey,2,pre,0,0,20.1,,,,,,0,,,,
4/23/2013,LCrestore3,Jenn Seavey,2,pre,21,0,0,,,,,,0,,,,
4/23/2013,LCrestore3,Jenn Seavey,2,pre,14,0,0,,,,,,0,,,,
4/23/2013,LCrestore3,Jenn Seavey,3,pre,11,0,0,,,,,,0,,,,
4/23/2013,LCrestore3,Jenn Seavey,1,pre,10,0,23.6,36.4,38.7,33.5,,,0,,,,
4/23/2013,LCrestore3,Jenn Seavey,2,pre,11,0,0,,,,,,0,,,,
4/23/2013,LCrestore3,Jenn Seavey,3,pre,5,0,45.2,57.8,42.9,41.3,52.8,,40.7,,,,
4/23/2013,LCrestore3,Jenn Seavey,1,pre,5,0,32.7,,,,,,0,,,,
4/23/2013,LCrestore3,Jenn Seavey,2,pre,18,0,20.4,,,,,,0,,,,
4/23/2013,LCrestore3,Jenn Seavey,3,pre,2,0,41.1,31.5,26.5,,,,34.3,,,,
4/23/2013,LCrestore3,Jenn Seavey,1,pre,15,0,0,,,,,,0,,,,
4/23/2013,LCrestore3,Jenn Seavey,2,pre,8,0,0,,,,,,58.2,,,,
4/23/2013,LCrestore3,Jenn Seavey,3,pre,17,0,0,,,,,,25.2,17.9,21.3,10.4,
4/23/2013,LCrestore3,Jenn Seavey,1,pre,13,0,0,,,,,,0,,,,
4/23/2013,LCrestore3,Jenn Seavey,2,pre,9,0,0,,,,,,0,,,,
4/23/2013,LCrestore3,Jenn Seavey,3,pre,4,0,25.7,31.7,22.4,27.6,65.6,26.3,33.8,36.5,,,
4/23/2013,LCrestore3,Jenn Seavey,2,pre,21,0,0,,,,,,0,,,,
4/23/2013,LCrestore3,Jenn Seavey,2,pre,15,0,0,,,,,,0,,,,
4/23/2013,LCrestore3,Jenn Seavey,3,pre,16,0,0,,,,,,26.4,21.8,,,
4/23/2013,LCrestore3,Jenn Seavey,1,pre,19,0,0,,,,,,0,,,,
4/23/2013,LCrestore3,Jenn Seavey,2,pre,6,0,0,,,,,,0,,,,
4/23/2013,LCrestore1,Jenn Seavey,1,pre,6,0,41.1,25.4,,,,,0,,,,
4/23/2013,LCrestore1,Jenn Seavey,2,pre,21,0,31,18.6,,,,,0,,,,
4/23/2013,LCrestore1,Jenn Seavey,3,pre,4,0,39.3,,,,,,0,,,,
4/23/2013,LCrestore1,Jenn Seavey,1,pre,10,0,0,,,,,,0,,,,
4/23/2013,LCrestore1,Jenn Seavey,2,pre,20,0,24.2,31.3,15.1,20.1,,,0,,,,
4/23/2013,LCrestore1,Jenn Seavey,3,pre,19,0,26.3,,,,,,0,,,,
4/23/2013,LCrestore1,Jenn Seavey,1,pre,13,0,28.5,78.8,,,,,66.3,34,,,
4/23/2013,LCrestore1,Jenn Seavey,2,pre,18,0,0,,,,,,0,,,,
4/23/2013,LCrestore1,Jenn Seavey,3,pre,0,0,38.2,,,,,,0,,,,
4/23/2013,LCrestore1,Jenn Seavey,1,pre,17,0,0,,,,,,0,,,,
4/23/2013,LCrestore1,Jenn Seavey,2,pre,14,0,0,,,,,,0,,,,
4/23/2013,LCrestore1,Jenn Seavey,3,pre,21,0,0,,,,,,0,,,,
4/23/2013,LCrestore1,Jenn Seavey,1,pre,7,0,0,,,,,,0,,,,
4/23/2013,LCrestore1,Jenn Seavey,2,pre,3,0,0,,,,,,37.7,,,,
4/23/2013,LCrestore1,Jenn Seavey,3,pre,3,0,29.6,41.5,,,,,0,,,,
4/23/2013,LCrestore1,Jenn Seavey,1,pre,3,0,0,,,,,,0,,,,
4/23/2013,LCrestore1,Jenn Seavey,2,pre,5,0,29.3,36.4,,,,,60.4,,,,
4/23/2013,LCrestore1,Jenn Seavey,3,pre,5,0,0,,,,,,0,,,,
4/23/2013,LCrestore1,Jenn Seavey,1,pre,1,0,28.9,,,,,,0,,,,
4/23/2013,LCrestore1,Jenn Seavey,2,pre,17,0,37.7,21.8,,,,,0,,,,
10/27/2014,LCO2,Nick Vitale,1,post,10,1.3,13.5,19.2,14.5,7.4,16.1,15,15,11.3,12.2,,
10/27/2014,LCO2,Nick Vitale,1,post,1,7,11.5,5.2,14.6,21.3,13.2,39.7,11.5,,,,
10/27/2014,LCO2,Nick Vitale,1,post,10,1.3,15.1,12.2,16.3,30.1,32.7,19.5,,,,,
10/27/2014,LCO2,Nick Vitale,1,post,10,1.3,35.2,46.1,53,24.1,27.6,,,,,,
10/27/2014,LCO2,Nick Vitale,1,post,1,0.7,20.9,4.8,6.6,6.5,19.3,48.7,,,,,
10/27/2014,LCO2,Nick Vitale,1,post,5,0.8,19.6,20.2,15.1,21.6,24.2,7.1,,,,,
10/27/2014,LCO2,Nick Vitale,1,post,5,0.8,10.4,12.8,21,25.1,24.9,8.1,,,,,
10/27/2014,LCO2,Nick Vitale,1,post,5,0.8,14.9,29.8,,,,,,,,,
10/27/2014,LCO2,Nick Vitale,1,post,1,0.7,19.2,13.5,11.6,14.5,6.8,,,,,,
10/27/2014,LCO2,Nick Vitale,1,post,1,1.1,30.5,18,36.4,13.9,22.4,20.1,16.8,,,,
10/27/2014,LCO2,Nick Vitale,1,post,1,1.1,27.5,17.9,10.4,12,13.8,15.2,,,,,
10/27/2014,LCO2,Nick Vitale,1,post,8,0.4,33.3,33.1,14.9,14.9,17.7,7.7,14.4,22.8,,,
10/27/2014,LCO2,Nick Vitale,1,post,10,1.1,12.7,18.1,21.3,30.1,22.6,15.9,,,,,
10/27/2014,LCO2,Nick Vitale,1,post,10,1.1,24.4,23.2,19.6,14.5,14.6,24.6,,,,,
10/27/2014,LCO2,Nick Vitale,1,post,8,0.4,13.4,20.9,16.5,,,,,,,,
10/27/2014,LCO2,Nick Vitale,1,post,17,3.7,29.1,26.2,14,13.8,19.5,18.4,,,,,
10/27/2014,LCO2,Nick Vitale,1,post,11,2.6,14.5,19.9,35.9,51.3,19.9,20.1,,,,,2
10/27/2014,LCO2,Nick Vitale,2,post,0,0.3,32.8,,,,,,26.2,,,,
10/27/2014,LCO2,Nick Vitale,2,post,16,2.2,15.1,9.8,11.1,30.9,16.4,18.1,14.5,,,,
10/27/2014,LCO2,Nick Vitale,2,post,14,2,50.7,21.4,18.1,29.5,26.1,28.2,,,,,
10/27/2014,LCO2,Nick Vitale,2,post,15,2.8,14.8,13.2,16.5,11.5,13,9.8,,,,,
10/27/2014,LCO2,Nick Vitale,2,post,15,2.8,11.8,12,11.8,27.2,18.5,52,,,,,
10/27/2014,LCO2,Nick Vitale,2,post,15,2.8,17.9,19.5,9,13.5,17.9,22,,,,,
10/27/2014,LCO2,Nick Vitale,2,post,16,2.2,7.6,10.9,25.9,,,,,,,,
10/27/2014,LCO2,Nick Vitale,2,post,14,2,17.9,23.9,20.1,,,,9.7,,,,
10/27/2014,LCO2,Nick Vitale,2,post,15,2.8,23.5,13.2,22,30,18.5,11.4,,,,,
10/27/2014,LCO2,Nick Vitale,2,post,3,0.8,34.7,15.1,7.8,17.8,22.9,24.9,,,,,
10/27/2014,LCO2,Nick Vitale,2,post,15,2.8,17.5,28,27.5,13.9,8.5,22.1,,,,,
10/27/2014,LCO2,Nick Vitale,2,post,15,2.8,13.5,15,30.5,19.5,,,,,,,
10/27/2014,LCO2,Nick Vitale,2,post,3,3.5,32.8,,,,,,,,,,
10/27/2014,LCO2,Nick Vitale,2,post,18,3,30.1,13.5,24.5,19.4,10.5,29.5,,,,,
10/27/2014,LCO2,Nick Vitale,2,post,3,0.8,13.5,16.2,23.4,13.5,9.5,9.8,,,,,
10/27/2014,LCO2,Nick Vitale,2,post,18,3,19.4,25.6,15,21.2,19.6,14.1,,,,,
10/27/2014,LCO2,Nick Vitale,2,post,18,3,17.5,10.1,18.3,8.9,17.8,,,,,,
10/27/2014,LCO2,Nick Vitale,2,post,3,0.8,11.2,21.5,17.6,18,,,,,,,
10/27/2014,LCO2,Nick Vitale,2,post,11,1,43.1,22.7,19.7,31.3,25.9,20.2,23.3,,,,
10/27/2014,LCO2,Nick Vitale,2,post,11,1,23.9,16.3,,,,,,,,,7
10/27/2014,LCO2,Nick Vitale,3,post,18,2.6,5.38,9.86,,,,,,,,,
10/27/2014,LCO2,Nick Vitale,3,post,16,2.6,29.5,22.7,21.4,13.3,18,,,,,,
10/27/2014,LCO2,Nick Vitale,3,post,2,40,15.85,20.75,22.5,33.5,27.6,34.4,,,,,
10/27/2014,LCO2,Nick Vitale,3,post,2,40,27.8,,,,,,,,,,
10/27/2014,LCO2,Nick Vitale,3,post,17,2.8,14.7,16.3,18.2,23.2,31.4,11.8,,,,,
10/27/2014,LCO2,Nick Vitale,3,post,17,2.8,11.7,11.6,46.1,10.1,12.1,12.1,,,,,
10/27/2014,LCO2,Nick Vitale,3,post,17,2.8,23.19,,,,,,,,,,
10/27/2014,LCO2,Nick Vitale,3,post,5,3.8,50.86,20,36.6,16.6,13.6,16.7,20.2,,,,
10/27/2014,LCO2,Nick Vitale,3,post,5,3.8,18.3,18,46.6,19.2,20.9,22.1,,,,,
10/27/2014,LCO2,Nick Vitale,3,post,11,2.1,16.5,26.3,26.3,35.8,28,36.2,,,,,
10/27/2014,LCO2,Nick Vitale,3,post,5,3.8,12.6,13.5,14.8,11.6,26.4,29.6,,,,,
10/27/2014,LCO2,Nick Vitale,3,post,11,2.1,29.6,25.9,19.7,,,,,,,,
10/27/2014,LCO2,Nick Vitale,3,post,5,3.8,14.6,13.5,19.6,7.7,,,,,,,
10/27/2014,LCO2,Nick Vitale,3,post,1,1.6,22.8,27.8,28,18,31.2,25.9,32.9,,,,
10/27/2014,LCO2,Nick Vitale,3,post,12,3.4,11.41,10.36,23.21,15.05,9.94,,,,,,
10/27/2014,LCO2,Nick Vitale,3,post,1,1.6,23.2,22.9,20,22.6,22.7,29.6,,,,,
10/27/2014,LCO2,Nick Vitale,3,post,1,0.1,46.14,8.4,6.5,6.8,30.1,64.34,,,,,
10/27/2014,LCO2,Nick Vitale,3,post,1,0.1,8.14,8.39,13.49,24.62,22.92,21.2,,,,,
10/27/2014,LCO2,Nick Vitale,3,post,1,0.1,16.3,7.9,10.2,11.8,8,,,,,,
10/27/2014,LCO2,Nick Vitale,3,post,1,1.6,21.1,31.3,22.7,21.3,22.5,21.5,,,,,
10/27/2014,LCO2,Nick Vitale,3,post,1,1.3,22.6,,,,,,,,,,7
10/27/2014,LCO3,Nick Vitale,1,post,20,0.8,21.8,30.1,14.9,13.1,24.4,14.8,17.2,,,,
10/27/2014,LCO3,Nick Vitale,1,post,20,0.8,18.5,12.6,19.1,,,,,,,,
10/27/2014,LCO3,Nick Vitale,1,post,7,2.5,12.8,,,,,,,,,,
10/27/2014,LCO3,Nick Vitale,1,post,3,1.6,24.7,10.6,29.9,36.6,23.9,36.6,,,,,
10/27/2014,LCO3,Nick Vitale,1,post,7,0.1,20.5,16.2,14.5,,,,,,,,
10/27/2014,LCO3,Nick Vitale,1,post,11,1.9,10.8,12.9,10.2,14.5,12.8,14.5,,,,,
10/27/2014,LCO3,Nick Vitale,1,post,14,2,20.1,15.3,,,,,,,,,
10/27/2014,LCO3,Nick Vitale,1,post,3,1.6,18.7,27.4,44.5,19.1,19.1,25.1,,,,,
10/27/2014,LCO3,Nick Vitale,1,post,8,3.5,25,13.5,23.5,26.3,22,32.3,,,,,
10/27/2014,LCO3,Nick Vitale,1,post,3,1.6,6.5,20.3,,,,,,,,,
10/27/2014,LCO3,Nick Vitale,1,post,11,1.9,1.9,15.9,,,,,,,,,
10/27/2014,LCO3,Nick Vitale,1,post,8,3.5,13.6,14.9,12.6,21.8,21.9,22.2,,,,,
10/27/2014,LCO3,Nick Vitale,1,post,8,3.5,24.6,,,,,,,,,,
10/27/2014,LCO3,Nick Vitale,1,post,11,3.9,21.4,21.5,10.9,10,12.8,,,,,,
10/27/2014,LCO3,Nick Vitale,1,post,9,3,23.5,23.2,10.7,18.1,20.5,,,,,,
10/27/2014,LCO3,Nick Vitale,1,post,15,3.5,13.3,14.2,13.8,19.9,16.5,11.6,15.4,,,,
10/27/2014,LCO3,Nick Vitale,1,post,4,0.1,24.2,13.8,10,11.3,9.7,,,,,,
10/27/2014,LCO3,Nick Vitale,1,post,7,1.5,13.5,13.9,13.8,16.5,,,,,,,
10/27/2014,LCO3,Nick Vitale,1,post,15,3.5,20.7,12.9,20.8,21.4,36.3,16.4,,,,,
10/27/2014,LCO3,Nick Vitale,1,post,15,3.5,19.7,19.7,25.1,17.9,23.7,20.7,,,,,
10/27/2014,LCO3,Nick Vitale,1,post,15,3.5,31.3,26.1,,,,,,,,,
10/27/2014,LCO3,Nick Vitale,1,post,4,1.1,8.3,15.9,11.2,11.1,10.7,8.3,,,,,
10/27/2014,LCO3,Nick Vitale,1,post,4,1.1,18.2,21.6,,,,,,,,,
10/27/2014,LCO3,Nick Vitale,1,post,11,1.9,28.2,23.1,28.2,23.1,19.8,22.3,,,,,
10/27/2014,LCO3,Nick Vitale,1,post,11,1.9,29.3,28.2,62.1,14.2,36.1,,,,,,
10/27/2014,LCO3,Nick Vitale,1,post,10,1.2,12.2,,,,,,,,,,
10/27/2014,LCO3,Nick Vitale,1,post,18,2.6,25.2,24.1,13.1,,,,,,,,
10/27/2014,LCO3,Nick Vitale,2,post,8,2.6,16.5,12.9,24.3,16.7,14.4,20.5,24.3,,,,
10/27/2014,LCO3,Nick Vitale,2,post,0,2.2,18.8,15,21.6,21.5,,,,,,,
10/27/2014,LCO3,Nick Vitale,2,post,15,1.2,30.5,50.8,41.8,20.6,16.7,12.5,11.9,,,,
10/27/2014,LCO3,Nick Vitale,2,post,19,3.8,11.1,12.2,13.8,25.8,22.1,18.6,,,,,
10/27/2014,LCO3,Nick Vitale,2,post,15,1.2,32.5,13.8,9.3,8.9,20.7,22.3,,,,,
10/27/2014,LCO3,Nick Vitale,2,post,8,2.6,20.8,19.5,12.8,19.3,22.8,22.7,,,,,
10/27/2014,LCO3,Nick Vitale,2,post,15,1.2,22.5,7.2,30.1,,,,,,,,
10/27/2014,LCO3,Nick Vitale,2,post,19,3.8,7.4,8.2,12.8,21.4,24.2,13.8,,,,,
10/27/2014,LCO3,Nick Vitale,2,post,9,2.9,20.7,46.5,39.1,22.5,27.2,13.1,,,,,
10/27/2014,LCO3,Nick Vitale,2,post,8,2.6,20.7,21.5,23.3,21.2,19.2,23,,,,,
10/27/2014,LCO3,Nick Vitale,2,post,19,3.8,26.2,21,12.6,,,,,,,,
10/27/2014,LCO3,Nick Vitale,2,post,20,,13.1,12.6,18.4,14.4,18.7,31.4,,,,,
10/27/2014,LCO3,Nick Vitale,2,post,8,2.6,20.8,22.3,26.4,19.3,27,,,,,,
10/27/2014,LCO3,Nick Vitale,2,post,9,2.9,11.9,16.4,19.7,27.9,16.9,28.5,14.1,,,,
10/27/2014,LCO3,Nick Vitale,2,post,7,,20.9,16.6,19.3,21.3,,,,,,,
10/27/2014,LCO3,Nick Vitale,2,post,20,,22,14.2,26.1,,,,,,,,
10/27/2014,LCO3,Nick Vitale,2,post,4,0.6,31.4,24.5,18.2,9.6,26.2,6,75.5,,,,
10/27/2014,LCO3,Nick Vitale,2,post,4,0.6,11.1,15.2,10.2,,,,,,,,
10/27/2014,LCO3,Nick Vitale,2,post,18,0,24.5,28.4,,,,,32.2,,,,6
10/27/2014,LCO3,Nick Vitale,3,post,16,1.4,18.5,16.2,13.6,15.1,,,,,,,
10/27/2014,LCO3,Nick Vitale,3,post,17,3.2,21.6,41.4,25.8,20.2,10.9,9.4,,,,,
10/27/2014,LCO3,Nick Vitale,3,post,19,1.8,69.9,12.4,14.2,16.7,6.6,16.3,,,,,
10/27/2014,LCO3,Nick Vitale,3,post,5,3.5,21.5,49.8,25.6,26.3,7.9,18.1,,,,,
10/27/2014,LCO3,Nick Vitale,3,post,5,3.5,18.7,22.6,,,,,,,,,
10/27/2014,LCO3,Nick Vitale,3,post,17,3.2,10.1,16.5,24.5,29.3,21.3,13.5,,,,,
10/27/2014,LCO3,Nick Vitale,3,post,19,1.8,13.9,12.6,,,,,,,,,
10/27/2014,LCO3,Nick Vitale,3,post,17,3.4,26.2,18.5,,,,,,,,,
10/27/2014,LCO3,Nick Vitale,3,post,10,0.5,22.9,30.9,12.2,14.9,15.3,51.1,,,,,
10/27/2014,LCO3,Nick Vitale,3,post,18,0.2,14.8,12.6,,,,,,,,,
10/27/2014,LCO3,Nick Vitale,3,post,17,3.4,26.4,,,,,,,,,,
10/27/2014,LCO3,Nick Vitale,3,post,13,0.1,18.2,26.3,,,,,,,,,
10/27/2014,LCO3,Nick Vitale,3,post,11,2.8,28.2,11.2,13.8,14.6,17.2,22.8,13.4,,,,
10/27/2014,LCO3,Nick Vitale,3,post,10,0.5,24.8,37.3,19.3,24.7,36.9,,,,,,
10/27/2014,LCO3,Nick Vitale,3,post,11,2.8,19.7,21.2,14.9,11.7,18.9,28.5,16.4,,,,
10/27/2014,LCO3,Nick Vitale,3,post,9,0.6,24.7,32.8,19.4,23.4,8.1,62.3,,,,,
10/27/2014,LCO3,Nick Vitale,3,post,13,2.1,28.9,15.9,15.1,21.4,18.1,11.5,,,,,
10/27/2014,LCO3,Nick Vitale,3,post,11,2.8,34.1,26.3,20.1,,,,,,,,
10/27/2014,LCO3,Nick Vitale,3,post,8,3,23.6,18.9,14.8,13.6,28.3,1.1,,,,,
10/27/2014,LCO3,Nick Vitale,3,post,8,3,7.2,13.7,25.7,12.9,23.1,22,,,,,
10/27/2014,LCO3,Nick Vitale,3,post,8,3,23.9,6.8,24.5,20,,,,,,,
10/27/2014,LCO3,Nick Vitale,3,post,9,0.6,15.5,14.1,26.5,28.2,19.8,24.6,,,,,
10/27/2014,LCO3,Nick Vitale,3,post,9,0.6,18.9,18.5,20.1,,,,,,,,31
10/28/2014,LCO1,Nick Vitale,1,post,10,4,26,29,31,26,9,22,,,,,
10/28/2014,LCO1,Nick Vitale,1,post,13,2,28,21,22,18,32,21,,,,,
10/28/2014,LCO1,Nick Vitale,1,post,10,1.7,28,29,29,27,27,18,,,,,
10/28/2014,LCO1,Nick Vitale,1,post,13,2,25,19,28,31,34,22,,,,,
10/28/2014,LCO1,Nick Vitale,1,post,13,2,25,44,15,23,22,17,,,,,
10/28/2014,LCO1,Nick Vitale,1,post,10,1.7,33,28,56,17,37,31,,,,,
10/28/2014,LCO1,Nick Vitale,1,post,10,4,27,41,17,37,44,26,,,,,
10/28/2014,LCO1,Nick Vitale,1,post,10,1.7,38,27,23,29,31,,,,,,
10/28/2014,LCO1,Nick Vitale,1,post,13,2,29,29,21,21,32,42,,,,,
10/28/2014,LCO1,Nick Vitale,1,post,13,2,23,23,,,,,,,,,
10/28/2014,LCO1,Nick Vitale,1,post,10,4,31,34,36,17,31,19,,,,,
10/28/2014,LCO1,Nick Vitale,1,post,10,4,17,,,,,,,,,,
10/28/2014,LCO1,Nick Vitale,1,post,3,3.6,17,20,23,22,38,25,,,,,
10/28/2014,LCO1,Nick Vitale,1,post,4,3.9,38,32,25,27,32,43,,,,,
10/28/2014,LCO1,Nick Vitale,1,post,18,2.9,28,19,21,18,14,19,,,,,
10/28/2014,LCO1,Nick Vitale,1,post,4,3.9,44,28,34,25,18,,17,,,,
10/28/2014,LCO1,Nick Vitale,1,post,3,3.6,14,19,21,15,20,,,,,,
10/28/2014,LCO1,Nick Vitale,1,post,18,2.9,27,24,31,32,22,18,,,,,
10/28/2014,LCO1,Nick Vitale,1,post,18,2.9,12,14,21,,,,36,27,,,4
10/28/2014,LCO1,Nick Vitale,2,post,6,1r,18,23,26,14,30,21,,,,,
10/28/2014,LCO1,Nick Vitale,2,post,6,1r,35,19,32,35,24,22,,,,,
10/28/2014,LCO1,Nick Vitale,2,post,6,1r,25,14,27,39,34,40,,,,,
10/28/2014,LCO1,Nick Vitale,2,post,6,1L,22,21,18,,,,,,,,
10/28/2014,LCO1,Nick Vitale,2,post,5,2.6,22,29,23,16,25,19,,,,,
10/28/2014,LCO1,Nick Vitale,2,post,12,2,21,20,27,22,22,30,,,,,
10/28/2014,LCO1,Nick Vitale,2,post,14,1.7,17,16,24,21,21,23,36,,,,
10/28/2014,LCO1,Nick Vitale,2,post,5,2.6,18,35,21,22,,,,,,,
10/28/2014,LCO1,Nick Vitale,2,post,12,2,33,29,12,29,18,,15,,,,
10/28/2014,LCO1,Nick Vitale,2,post,16,2.5,22,23,24,18,31,26,,,,,
10/28/2014,LCO1,Nick Vitale,2,post,14,1.7,24,31,21,13,43,22,,,,,
10/28/2014,LCO1,Nick Vitale,2,post,16,2.5,27,20,16,10,21,21,,,,,
10/28/2014,LCO1,Nick Vitale,2,post,10,1.6,27,17,21,39,17,14,,,,,
10/28/2014,LCO1,Nick Vitale,2,post,14,1.7,16,20,23,,,,,,,,
10/28/2014,LCO1,Nick Vitale,2,post,16,2.5,23,18,20,16,16,7,,,,,
10/28/2014,LCO1,Nick Vitale,2,post,10,1.6,19,18,18,27,27,,,,,,
10/28/2014,LCO1,Nick Vitale,2,post,16,2.5,25,14,18,20,,,,,,,15
10/28/2014,LCO1,Nick Vitale,2,post,5,2.2,38,29,22,27,20,14,,,,,
10/28/2014,LCO1,Nick Vitale,2,post,5,2.2,18,30,,,,,,,,,
10/28/2014,LCO1,Nick Vitale,3,post,14,2.4,25,35,21,32,23,33,,,,,
10/28/2014,LCO1,Nick Vitale,3,post,14,2.4,29,22,21,26,34,35,,,,,
10/28/2014,LCO1,Nick Vitale,3,post,5,0.5,19,30,13,31,14,18,17,,,,
10/28/2014,LCO1,Nick Vitale,3,post,5,0.5,22,18,19,17,12,14,,,,,
10/28/2014,LCO1,Nick Vitale,3,post,5,0.5,25,22,24,14,52,26,,,,,
10/28/2014,LCO1,Nick Vitale,3,post,14,2.4,27,26,31,21,32,37,,,,,
10/28/2014,LCO1,Nick Vitale,3,post,5,0.5,30,31,29,20,21,24,,,,,
10/28/2014,LCO1,Nick Vitale,3,post,14,2.4,21,34,32,51,36,40,,,,,
10/28/2014,LCO1,Nick Vitale,3,post,5,0.5,26,25,30,30,18,20,,,,,
10/28/2014,LCO1,Nick Vitale,3,post,5,0.5,16,25,30,22,28,,,,,,
10/28/2014,LCO1,Nick Vitale,3,post,14,2.4,38,31,34,,,,,,,,
10/28/2014,LCO1,Nick Vitale,3,post,8,2.8,31,14,31,18,18,,,,,,
10/28/2014,LCO1,Nick Vitale,3,post,11,0.3,30,28,34,43,42,25,,,,,
10/28/2014,LCO1,Nick Vitale,3,post,11,0.3,23,26,23,30,38,68,,,,,
10/28/2014,LCO1,Nick Vitale,3,post,5,1.9,15,18,12,25,18,22,,,,,
10/28/2014,LCO1,Nick Vitale,3,post,11,0.3,46,28,26,,,,,,,,
10/28/2014,LCO1,Nick Vitale,3,post,5,1.9,23,50,23,38,33,34,,,,,
10/28/2014,LCO1,Nick Vitale,3,post,5,1.9,22,29,27,14,,,,,,,12
10/28/2014,LCO5,Nick Vitale,1,post,14,0.7,24,22,15,30,18,17,18,16,,,
10/28/2014,LCO5,Nick Vitale,1,post,11,1.7,27,26,29,34,30,17,,,,,
10/28/2014,LCO5,Nick Vitale,1,post,9,0.9,,,,,,,,,,,
10/28/2014,LCO5,Nick Vitale,1,post,1,1.3,,,,,,,,,,,
10/28/2014,LCO5,Nick Vitale,1,post,14,0.7,17,19,24,9,22,18,,,,,
10/28/2014,LCO5,Nick Vitale,1,post,14,0.7,24,8,5,7,5,18,,,,,
10/28/2014,LCO5,Nick Vitale,1,post,17,0.7,11,5,4,4,4,18,,,,,
10/28/2014,LCO5,Nick Vitale,1,post,11,1.7,28,20,27,31,16,15,,,,,
10/28/2014,LCO5,Nick Vitale,1,post,14,0.7,18,15,18,5,4,16,,,,,
10/28/2014,LCO5,Nick Vitale,1,post,14,0.7,11,9,10,11,12,34,,,,,
10/28/2014,LCO5,Nick Vitale,1,post,11,1.7,13,26,25,32,19,28,,,,,
10/28/2014,LCO5,Nick Vitale,1,post,14,0.7,28,27,24,22,19,32,,,,,
10/28/2014,LCO5,Nick Vitale,1,post,11,1.7,12,19,,,,,,,,,
10/28/2014,LCO5,Nick Vitale,1,post,14,0.7,22,24,,,,,,,,,
10/28/2014,LCO5,Nick Vitale,1,post,21,2.9,20,22,33,18,21,19,,,,,
10/28/2014,LCO5,Nick Vitale,1,post,12,2.2,18,5,4,3,21,20,,,,,
10/28/2014,LCO5,Nick Vitale,1,post,12,2.2,23,19,19,18,21,19,,,,,
10/28/2014,LCO5,Nick Vitale,1,post,12,2.2,24,18,28,5,10,6,,,,,
10/28/2014,LCO5,Nick Vitale,1,post,21,2.9,18,20,16,19,,,,,,,
10/28/2014,LCO5,Nick Vitale,1,post,12,2.2,4,18,19,14,22,24,,,,,4
10/28/2014,LCO5,Nick Vitale,1,post,21,2.9,45,28,,,,,,,,,
10/28/2014,LCO5,Nick Vitale,2,post,2,1.4,18,18,10,25,9,8,,,,,
10/28/2014,LCO5,Nick Vitale,2,post,18,2.5,27,45,22,18,16,25,,,,,
10/28/2014,LCO5,Nick Vitale,2,post,18,2.5,18,15,10,11,10,17,,,,,
10/28/2014,LCO5,Nick Vitale,2,post,2,1.4,11,15,9,18,23,18,,,,,
10/28/2014,LCO5,Nick Vitale,2,post,18,2.5,14,22,9,28,,,,,,,
10/28/2014,LCO5,Nick Vitale,2,post,2,1.4,31,30,25,9,5,10,,,,,
10/28/2014,LCO5,Nick Vitale,2,post,2,1.4,22,21,48,21,24,29,,,,,
10/28/2014,LCO5,Nick Vitale,2,post,13,0.6,30,27,27,28,15,27,,,,,
10/28/2014,LCO5,Nick Vitale,2,post,2,1.4,22,10,,,,,,,,,
10/28/2014,LCO5,Nick Vitale,2,post,21,0.8,25,23,11,10,12,11,,,,,
10/28/2014,LCO5,Nick Vitale,2,post,10,1.8,29,26,29,20,15,17,,,,,
10/28/2014,LCO5,Nick Vitale,2,post,13,0.6,28,20,23,17,24,22,20,,,,
10/28/2014,LCO5,Nick Vitale,2,post,13,0.6,18,26,27,21,30,23,17,,,,
10/28/2014,LCO5,Nick Vitale,2,post,13,0.6,21,25,23,19,28,19,,,,,
10/28/2014,LCO5,Nick Vitale,2,post,13,0.6,21,21,26,21,22,28,,,,,
10/28/2014,LCO5,Nick Vitale,2,post,13,0.6,26,23,,,,,,,,,
10/28/2014,LCO5,Nick Vitale,2,post,10,1.8,14,18,30,38,26,24,,,,,
10/28/2014,LCO5,Nick Vitale,2,post,10,1.8,33,28,18,14,35,,,,,,10
10/28/2014,LCO5,Nick Vitale,2,post,9,2.3,25,24,,,,,,,,,6
10/28/2014,LCO5,Nick Vitale,2,post,17,2.3,,,,,,,,,,,
10/28/2014,LCO5,Nick Vitale,3,post,12,2.8,26,31,51,50,38,11,12,,,,
10/28/2014,LCO5,Nick Vitale,3,post,12,2.8,22,28,25,35,,,,,,,
10/28/2014,LCO5,Nick Vitale,3,post,17,15,45,22,18,29,28,,,,,,
10/28/2014,LCO5,Nick Vitale,3,post,11,3.9,16,20,24,16,18,23,,,,,
10/28/2014,LCO5,Nick Vitale,3,post,18,0.5,34,18,31,27,14,18,,,,,
10/28/2014,LCO5,Nick Vitale,3,post,11,3.9,21,18,22,16,20,13,,,,,
10/28/2014,LCO5,Nick Vitale,3,post,11,3.9,22,16,31,26,13,15,,,,,
10/28/2014,LCO5,Nick Vitale,3,post,11,3.9,18,14,18,14,34,,,,,,
10/28/2014,LCO5,Nick Vitale,3,post,18,0.5,20,20,15,,,,,,,,
10/28/2014,LCO5,Nick Vitale,3,post,9,0.3,15,15,5,10,25,15,27,,,,
10/28/2014,LCO5,Nick Vitale,3,post,12,0.5,28,21,26,21,23,32,,,,,
10/28/2014,LCO5,Nick Vitale,3,post,12,0.5,30,26,23,19,17,18,,,,,
10/28/2014,LCO5,Nick Vitale,3,post,9,0.3,22,7,5,5,5,14,15,,,,
10/28/2014,LCO5,Nick Vitale,3,post,12,0.5,24,19,21,25,18,22,,,,,
10/28/2014,LCO5,Nick Vitale,3,post,9,0.3,18,15,13,21,13,19,,,,,
10/28/2014,LCO5,Nick Vitale,3,post,12,0.5,28,28,23,23,36,32,,,,,
10/28/2014,LCO5,Nick Vitale,3,post,9,0.3,25,15,21,18,,,,,,,50
10/28/2014,LCO5,Nick Vitale,3,post,12,0.5,24,26,18,20,,,,,,,7
11/11/2014,LCO6,Nick Vitale,1,post,3,1.1,22,20,29,,,,,,,,
11/11/2014,LCO6,Nick Vitale,1,post,3,3.6,42,33,23,32,,,,,,,
11/11/2014,LCO6,Nick Vitale,1,post,16,1.6,19,16,16,47,23,24,,,,,
11/11/2014,LCO6,Nick Vitale,1,post,16,1.6,22,37,22,19,34,22,,,,,
11/11/2014,LCO6,Nick Vitale,1,post,16,1.6,30,35,18,18,18,28,14,,,,
11/11/2014,LCO6,Nick Vitale,1,post,16,1.6,17,18,,,,,,,,,
11/11/2014,LCO6,Nick Vitale,1,post,13,2.4,11,,,,,,19,20,,,
11/11/2014,LCO6,Nick Vitale,1,post,3,3.8,42,30,27,20,9,,,,,,
11/11/2014,LCO6,Nick Vitale,1,post,9,4.8,21,20,22,26,18,6,,,,,
11/11/2014,LCO6,Nick Vitale,1,post,19,4.4,19,37,38,18,15,14,,,,,
11/11/2014,LCO6,Nick Vitale,1,post,9,4.8,19,26,31,,,,,,,,3
11/11/2014,LCO6,Nick Vitale,1,post,19,4.4,19,26,23,17,15,22,,,,,8
11/11/2014,LCO6,Nick Vitale,2,post,12,4,24,33,28,10,28,17,,,,,
11/11/2014,LCO6,Nick Vitale,2,post,20,1.6,19,16,18,19,22,27,,,,,
11/11/2014,LCO6,Nick Vitale,2,post,20,1.6,13,36,16,15,14,22,,,,,
11/11/2014,LCO6,Nick Vitale,2,post,20,1.6,15,43,34,34,21,21,20,24,,,
11/11/2014,LCO6,Nick Vitale,2,post,13,0.7,29,26,23,24,40,24,,,,,
11/11/2014,LCO6,Nick Vitale,2,post,0,0.7,22,15,20,24,,,26,,,,21
11/11/2014,LCO6,Nick Vitale,2,post,13,0.7,30,44,38,42,29,40,,,,,
11/11/2014,LCO6,Nick Vitale,2,post,5,0.2,28,15,15,17,,,18,25,,,
11/11/2014,LCO6,Nick Vitale,2,post,5,0.2,21,,,,,,,,,,4
11/11/2014,LCO6,Nick Vitale,3,post,10,0,28,11,24,20,18,23,,,,,
11/11/2014,LCO6,Nick Vitale,3,post,14,3.1,50,20,24,46,5,8,29,,,,
11/11/2014,LCO6,Nick Vitale,3,post,10,0,32,40,14,26,16,25,,,,,
11/11/2014,LCO6,Nick Vitale,3,post,10,0,17,18,22,,,,,,,,
11/11/2014,LCO6,Nick Vitale,3,post,10,3,34,23,38,48,39,21,,,,,
11/11/2014,LCO6,Nick Vitale,3,post,10,3,18,15,17,9,37,22,9,18,17,,
11/11/2014,LCO6,Nick Vitale,3,post,10,3,30,19,43,52,19,27,,,,,
11/11/2014,LCO6,Nick Vitale,3,post,14,3.1,38,25,45,19,35,29,,,,,
11/11/2014,LCO6,Nick Vitale,3,post,10,3,24,28,40,29,,,,,,,
11/11/2014,LCO3,Nick Vitale,1,post,21,0.6,52,39,43,45,24,25,,,,,
11/11/2014,LCO3,Nick Vitale,1,post,16,0.3,27,8,29,6,,,28,,,,
11/11/2014,LCO3,Nick Vitale,1,post,21,0.6,23,29,28,16,14,16,,,,,
11/11/2014,LCO3,Nick Vitale,1,post,21,0.6,19,18,17,15,22,11,,,,,
11/11/2014,LCO3,Nick Vitale,1,post,21,0.6,18,14,19,20,31,18,,,,,
11/11/2014,LCO3,Nick Vitale,1,post,12,0,13,19,19,24,9,,,,,,
11/11/2014,LCO3,Nick Vitale,1,post,18,2.8,19,23,20,19,14,,,,,,13
11/11/2014,LCO3,Nick Vitale,1,post,13,1.8,30,21,13,28,18,19,11,,,,
11/11/2014,LCO3,Nick Vitale,1,post,13,1.8,24,18,15,20,,,,,,,14
11/11/2014,LCO3,Nick Vitale,2,post,16,0.6,20,29,25,16,18,18,,,,,
11/11/2014,LCO3,Nick Vitale,2,post,13,2.9,19,17,17,16,17,28,,,,,
11/11/2014,LCO3,Nick Vitale,2,post,13,2.9,19,,,,,,,,,,
11/11/2014,LCO3,Nick Vitale,2,post,7,3,17,21,24,37,30,15,,,,,
11/11/2014,LCO3,Nick Vitale,2,post,16,0.6,27,25,,,,,,,,,
11/11/2014,LCO3,Nick Vitale,2,post,7,3,8,7,18,22,5,,,,,,
11/11/2014,LCO3,Nick Vitale,2,post,21,1.1,20,21,17,27,15,22,,,,,
11/11/2014,LCO3,Nick Vitale,2,post,9,4,26,30,23,26,29,15,18,19,,,
11/11/2014,LCO3,Nick Vitale,2,post,9,4,22,20,24,22,20,21,,,,,
11/11/2014,LCO3,Nick Vitale,2,post,9,4,22,15,,,,,20,,,,
11/11/2014,LCO3,Nick Vitale,3,post,12,0.5,18,14,23,18,20,27,,,,,
11/11/2014,LCO3,Nick Vitale,3,post,10,0.7,30,15,21,23,,,,,,,
11/11/2014,LCO3,Nick Vitale,3,post,10,0.4,16,14,9,19,22,26,,,,,
11/11/2014,LCO3,Nick Vitale,3,post,12,0.5,17,22,30,18,24,18,,,,,
11/11/2014,LCO3,Nick Vitale,3,post,10,0.4,31,43,39,13,14,,,,,,
11/11/2014,LCO3,Nick Vitale,3,post,11,0.5,30,59,35,44,27,28,,,,,
11/11/2014,LCO3,Nick Vitale,3,post,11,0.5,17,26,19,30,16,19,,,,,
11/11/2014,LCO3,Nick Vitale,3,post,11,0.5,28,39,21,,,,17,,,,
11/11/2014,LCO3,Nick Vitale,3,post,12,0.5,17,,,,,,,,,,
11/11/2014,LCO3,Nick Vitale,3,post,21,0.2,22,28,14,27,25,19,,,,,
11/11/2014,LCO3,Nick Vitale,3,post,19,3.6,15,,,,,,,,,,15
11/11/2014,LCO3,Nick Vitale,3,post,21,0.2,15,14,19,13,16,15,7,,,,12
11/11/2014,LCO7,Nick Vitale,1,post,1,0.3,21,27,27,28,24,23,,,,,
11/11/2014,LCO7,Nick Vitale,1,post,22,1.8,22,19,16,20,,,,,,,
11/11/2014,LCO7,Nick Vitale,1,post,18,1,20,,,,,,,,,,
11/11/2014,LCO7,Nick Vitale,1,post,3,1.5,20,22,19,20,31,22,29,,,,
11/11/2014,LCO7,Nick Vitale,1,post,1,0.3,32,17,6,,,,,,,,
11/11/2014,LCO7,Nick Vitale,1,post,3,1.5,15,28,31,21,15,20,,,,,
11/11/2014,LCO7,Nick Vitale,1,post,0,1.4,22,16,21,16,28,14,,,,,
11/11/2014,LCO7,Nick Vitale,1,post,7,2.3,22,9,8,9,9,15,,,,,
11/11/2014,LCO7,Nick Vitale,1,post,0,1.3,18,,,,,,,,,,
11/11/2014,LCO7,Nick Vitale,1,post,0,1.4,19,20,18,,,,,,,,
11/11/2014,LCO7,Nick Vitale,1,post,22,0.6,,,,,,,,,,,
11/11/2014,LCO7,Nick Vitale,1,post,12,1.9,14,17,12,15,20,17,,,,,
11/11/2014,LCO7,Nick Vitale,1,post,13,0.9,,,,,,,,,,,
11/11/2014,LCO7,Nick Vitale,1,post,9,4,23,20,15,,,,6,,,,
11/11/2014,LCO7,Nick Vitale,2,post,3,0.4,17,14,,,,,,,,,
11/11/2014,LCO7,Nick Vitale,2,post,5,3.7,20,17,24,,,,,,,,
11/11/2014,LCO7,Nick Vitale,2,post,20,1.6,,,,,,,,,,,
11/11/2014,LCO7,Nick Vitale,2,post,21,2.6,14,19,,,,,,,,,
11/11/2014,LCO7,Nick Vitale,2,post,1,2.7,,,,,,,,,,,
11/11/2014,LCO7,Nick Vitale,2,post,5,3.8,24,18,18,17,12,18,,,,,
11/11/2014,LCO7,Nick Vitale,2,post,5,3.8,19,12,20,28,19,21,,,,,
11/11/2014,LCO7,Nick Vitale,2,post,5,3.8,14,,,,,,,,,,
11/11/2014,LCO7,Nick Vitale,2,post,10,2.3,14,24,18,21,,,,,,,
11/11/2014,LCO7,Nick Vitale,2,post,5,2.6,17,,,,,,,,,,
11/11/2014,LCO7,Nick Vitale,2,post,15,3.6,27,15,15,14,15,21,,,,,
11/11/2014,LCO7,Nick Vitale,2,post,19,3.1,,,,,,,,,,,
11/11/2014,LCO7,Nick Vitale,2,post,6,3.1,15,,,,,,,,,,
11/11/2014,LCO7,Nick Vitale,2,post,12,1.9,28,20,17,27,14,13,,,,,
11/11/2014,LCO7,Nick Vitale,2,post,11,2.9,,,,,,,,,,,
11/11/2014,LCO7,Nick Vitale,2,post,12,1.9,21,24,29,17,20,19,,,,,
11/11/2014,LCO7,Nick Vitale,2,post,12,1.9,17,18,14,19,21,,,,,,
11/11/2014,LCO7,Nick Vitale,2,post,5,1.1,20,,,,,,5,,,,
11/11/2014,LCO7,Nick Vitale,3,post,22,3.9,,,,,,,,,,,
11/11/2014,LCO7,Nick Vitale,3,post,19,0.5,19,16,18,,,,,,,,
11/11/2014,LCO7,Nick Vitale,3,post,11,0.4,24,15,,,,,,,,,
11/11/2014,LCO7,Nick Vitale,3,post,19,1.9,15,,,,,,,,,,
11/11/2014,LCO7,Nick Vitale,3,post,6,2.7,,,,,,,,,,,
11/11/2014,LCO7,Nick Vitale,3,post,2,0.7,28,23,17,19,,,,,,,
11/11/2014,LCO7,Nick Vitale,3,post,7,2.3,27,24,,,,,,,,,
11/11/2014,LCO7,Nick Vitale,3,post,0,0.3,12,,,,,,,,,,
11/11/2014,LCO7,Nick Vitale,3,post,0,1.4,20,22,14,,,,,,,,
11/11/2014,LCO7,Nick Vitale,3,post,1,4.2,,,,,,,,,,,
11/11/2014,LCO7,Nick Vitale,3,post,10,3.6,21,20,6,9,4,26,,,,,
11/11/2014,LCO7,Nick Vitale,3,post,17,0.7,,,,,,,,,,,
11/11/2014,LCO7,Nick Vitale,3,post,2,2.2,,,,,,,,,,,
11/11/2014,LCO7,Nick Vitale,3,post,14,0.6,22,24,20,20,22,10,,,,,
11/11/2014,LCO7,Nick Vitale,3,post,2,3.1,,,,,,,,,,,
11/11/2014,LCO7,Nick Vitale,3,post,1,1.4,,,,,,,,,,,
11/11/2014,LCO7,Nick Vitale,3,post,19,0.7,,,,,,,,,,,
11/11/2014,LCO7,Nick Vitale,3,post,4,2.6,,,,,,,,,,,
11/11/2014,LCO7,Nick Vitale,3,post,20,2.6,,,,,,,,,,,
11/11/2014,LCO7,Nick Vitale,3,post,17,3.1,,,,,,,,,,,
12/5/2014,LCO8,Nick Vitale,3,post,18,2.6,17,17,19,19,11,26,,,,,
12/5/2014,LCO8,Nick Vitale,3,post,18,2.6,16,,,,,,,,,,
12/5/2014,LCO8,Nick Vitale,3,post,16,1.2,30,23,20,22,20,9,,,,,
12/5/2014,LCO8,Nick Vitale,3,post,16,1.2,18,24,29,28,21,18,,,,,
12/5/2014,LCO8,Nick Vitale,3,post,16,1.2,25,18,16,,,,,,,,
12/5/2014,LCO8,Nick Vitale,3,post,17,2.8,38,32,17,19,23,22,,,,,
12/5/2014,LCO8,Nick Vitale,3,post,17,2.8,16,16,18,,,,,,,,
12/5/2014,LCO8,Nick Vitale,3,post,2,0.4,18,,,,,,,,,,
12/5/2014,LCO8,Nick Vitale,3,post,5,3.8,,,,,,,,,,,
12/5/2014,LCO8,Nick Vitale,3,post,11,2.1,20,23,18,26,24,18,,,,,
12/5/2014,LCO8,Nick Vitale,3,post,11,2.1,15,16,24,25,19,18,,,,,
12/5/2014,LCO8,Nick Vitale,3,post,1,1.6,29,,,,,,,,,,
12/5/2014,LCO8,Nick Vitale,3,post,12,3.4,24,16,18,23,23,19,,,,,
11/7/2017,LCO1,Garner,1,post,15,1.7,15.1,37.6,21.1,22.9,,,,,,,
11/7/2017,LCO1,Garner,1,post,4,2,13.2,11.4,15.8,19.2,12.1,,14.15,11.9,,,
11/7/2017,LCO1,Garner,1,post,16,2,50.9,52.6,45.5,59.6,60.4,53.9,61.3,,,,
11/7/2017,LCO1,Garner,1,post,16,2,26.3,,,,,,,,,,2
11/7/2017,LCO1,Garner,1,post,20,3.8,26.9,24.6,26.5,22.4,12.4,11.6,17.5,,,,
11/7/2017,LCO1,Garner,1,post,20,3.8,20.4,28.3,26.5,19.8,32.7,59.4,,,,,
11/7/2017,LCO1,Garner,1,post,20,3.8,22.5,10.7,19.5,17.3,15.3,,,,,,
11/7/2017,LCO1,Garner,1,post,6,0.6,41.5,,,,,,,,,,5
11/7/2017,LCO1,Garner,1,post,13,2.6,20.2,23.5,33.3,25.9,20.1,15.1,15.3,21.8,,,1
11/7/2017,LCO1,Garner,1,post,13,2.6,27.9,29.5,24,24.6,24,,,,,,
11/7/2017,LCO1,Garner,2,post,6,2,33,36,26.4,55.6,44.2,41,38.9,,,,
11/7/2017,LCO1,Garner,2,post,6,2,39.3,43.2,29.3,27.8,47.3,22.9,,,,,11
11/7/2017,LCO1,Garner,2,post,6,2,45.5,33.2,32.5,42.9,27,15.2,,,,,
11/7/2017,LCO1,Garner,2,post,6,2,20.2,60.3,59.2,40.8,23.1,11.6,,,,,
11/7/2017,LCO1,Garner,2,post,6,2,27,44.2,50.6,45.5,45.8,,,,,,
11/7/2017,LCO1,Garner,2,post,15,1.3,28,12.8,8.1,12,11.1,13.4,15.5,,,,
11/7/2017,LCO1,Garner,2,post,15,1.3,12.3,24.4,19.7,13.5,77.5,,,,,,
11/7/2017,LCO1,Garner,2,post,3,3.6,30.8,61.5,25.9,22.9,12.2,,57,,,,
11/7/2017,LCO1,Garner,2,post,4,3.9,44.5,26.5,,,,,56.6,,,,1
11/7/2017,LCO1,Garner,3,post,2,1.4,26.2,37.7,44,82.4,52.6,40.6,51.2,42.5,54.3,,
11/7/2017,LCO1,Garner,3,post,2,1.4,29.6,82.3,54,21.1,,,,,,,
11/7/2017,LCO1,Garner,3,post,5,2.3,22.7,15.2,27.9,31.3,,,,,,,
11/7/2017,LCO1,Garner,3,post,5,0.9,33.2,59.4,37.4,61.4,65.9,35.2,,,,,
11/7/2017,LCO1,Garner,3,post,5,0.9,32.4,24.4,22.6,33.2,69.5,,,,,,
11/7/2017,LCO1,Garner,3,post,11,0.9,77.8,34.7,39.8,41.8,43.8,31.1,27.6,,,,19
11/7/2017,LCO1,Garner,3,post,11,0.9,69.5,,,,,,,,,,
11/7/2017,LCO1,Garner,3,post,19,2,24.9,18.3,21.8,22.2,27,44.7,19,102,,,12
11/7/2017,LCO1,Garner,3,post,19,2,40.9,39.6,30.3,37.8,33.4,32.9,,,,,
11/7/2017,LCO1,Garner,3,post,19,2,32,50.2,47.9,41.3,,,,,,,
11/7/2017,LCO2,Garner,1,post,2.6,2.7,32.6,27,21.7,36.5,47.7,38.3,,,,,2
11/7/2017,LCO2,Garner,1,post,2.6,2.7,28.7,42.1,90.3,31.9,23.9,25.6,,,,,
11/7/2017,LCO2,Garner,1,post,2.6,2.7,15.9,21.9,25.9,44.9,37,13.6,,,,,
11/7/2017,LCO2,Garner,1,post,18.6,0,59.4,43.4,57.9,64.8,89.5,22.7,41.4,27.5,54,,8
11/7/2017,LCO2,Garner,1,post,18.6,0,30.5,39.6,37,43.1,71.4,33,,,,,
11/7/2017,LCO2,Garner,1,post,18.6,0,58.6,90.4,54.8,37.4,82,,,,,,
11/7/2017,LCO2,Garner,1,post,13.6,0.9,85,31.9,36.8,34.9,32,51.7,,,,,4
11/7/2017,LCO2,Garner,1,post,13.6,0.9,21.1,45.5,29.1,49.9,22,19.3,,,,,
11/7/2017,LCO2,Garner,2,post,5.6,1.9,43.1,42.6,31,89.8,20.3,17.8,32.8,,,,12
11/7/2017,LCO2,Garner,2,post,5.6,1.9,17.4,39.5,45.6,25.6,21.6,31.4,,,,,
11/7/2017,LCO2,Garner,2,post,5.6,1.9,54.3,23.2,62.6,31.4,47.9,50.7,,,,,
11/7/2017,LCO2,Garner,2,post,5.6,1.9,35.2,32.8,21.4,21.5,37.9,60.3,,,,,
11/7/2017,LCO2,Garner,2,post,5.6,1.9,34.6,21.5,20.9,37.8,52.6,25.1,,,,,
11/7/2017,LCO2,Garner,2,post,5.6,1.9,47.7,20.9,44.5,36.1,,,,,,,
11/7/2017,LCO2,Garner,2,post,16.6,0,28.1,23.9,22.5,24.8,22.7,14,,,,,
11/7/2017,LCO2,Garner,2,post,16.6,0,20,31.1,59.1,34.9,,,,,,,
11/7/2017,LCO2,Garner,2,post,13.6,1.7,20.8,33.1,21.4,13,21.1,,,,,,10
11/7/2017,LCO2,Garner,3,post,18.6,3.5,22.7,16.7,60,46.2,34,43.8,85.5,69.6,59.5,,
11/7/2017,LCO2,Garner,3,post,18.6,3.5,55.4,60.1,41.5,53,,,,,,,
11/7/2017,LCO2,Garner,3,post,14.6,1,74.3,21.5,20.3,24.6,9.9,11.6,78.4,60.5,,,
11/7/2017,LCO2,Garner,3,post,14.6,1,27.4,22.6,15.4,19.8,17.3,18.6,,,,,
11/7/2017,LCO2,Garner,3,post,14.6,1,18.6,20.4,87.1,18.1,22.8,17.7,,,,,
11/7/2017,LCO2,Garner,3,post,14.6,1,24.4,21.1,32.7,13.2,13.3,20.9,,,,,
11/7/2017,LCO2,Garner,3,post,13.6,1.9,59.8,34.8,81.7,,,,70.7,80.5,67.6,69,
11/7/2017,LCO2,Garner,3,post,2.6,0.8,46.1,35.7,22.6,,,,55.3,,,,18
11/8/2017,LCO3,Garner,1,post,3,2.4,21,14,13.5,11.8,15.8,6.3,,,,,
11/8/2017,LCO3,Garner,1,post,3,2.4,13.6,13.5,21.8,11.7,10.7,9.7,,,,,
11/8/2017,LCO3,Garner,1,post,3,2.4,16.4,6.4,,,,,,,,,
11/8/2017,LCO3,Garner,1,post,21,1.9,15.1,7.6,11.8,8.2,17.2,22.8,,,,,6
11/8/2017,LCO3,Garner,1,post,21,1.9,13.9,11.2,,,,,,,,,
11/8/2017,LCO3,Garner,1,post,0,2.1,20.1,16.5,19.1,17.5,7.2,,,,,,
11/8/2017,LCO3,Garner,1,post,16,0.9,10.8,10,14.4,11,6.8,9.9,,,,,
11/8/2017,LCO3,Garner,1,post,16,0.9,10.3,12.7,12.5,,,,,,,,
11/8/2017,LCO3,Garner,1,post,6,0.8,15.2,7.9,10.1,9.9,16.4,6.5,,,,,
11/8/2017,LCO3,Garner,1,post,6,0.8,14.8,9.9,,,,,,,,,
11/8/2017,LCO3,Garner,1,post,9,0.1,21.7,19.8,10.2,20,23,13.5,,,,,8
11/8/2017,LCO3,Garner,2,post,17,1.3,18.9,19.7,13.2,8,9.3,7.9,,,,,
11/8/2017,LCO3,Garner,2,post,17,1.3,6.2,15.1,,,,,,,,,
11/8/2017,LCO3,Garner,2,post,11,0.5,10.6,15.5,27.8,19.4,10.8,23.8,,,,,
11/8/2017,LCO3,Garner,2,post,11,0.5,16.9,17.5,,,,,,,,,
11/8/2017,LCO3,Garner,2,post,5,0.5,15.1,15.7,21,13,,,,,,,5
11/8/2017,LCO3,Garner,2,post,8,1.1,16.8,19.4,29.3,32.1,21.1,19.3,,,,,
11/8/2017,LCO3,Garner,2,post,8,1.1,14.2,23.2,23.8,28.9,20.9,20.3,,,,,
11/8/2017,LCO3,Garner,2,post,19,0.4,21.5,7.1,17.7,13.6,15.3,11.9,,,,,6
11/8/2017,LCO3,Garner,2,post,1,0.7,19.8,16.6,11.6,10.3,10.1,15.3,16.7,,,,
11/8/2017,LCO3,Garner,2,post,1,0.7,21.4,20,25.8,11.4,14.9,,,,,,
11/8/2017,LCO3,Garner,3,post,12,2.2,27.6,26,17.5,27.5,28.9,16.1,10.5,8.1,,,
11/8/2017,LCO3,Garner,3,post,12,2.2,20.9,34.3,20.7,36.1,31.2,33.9,,,,,
11/8/2017,LCO3,Garner,3,post,12,2.2,35.5,23.9,14.2,19.3,75.6,11.3,,,,,
11/8/2017,LCO3,Garner,3,post,12,2.2,13.9,19.3,18.1,14.3,17.7,,,,,,
11/8/2017,LCO3,Garner,3,post,10,2.4,18.1,26.1,26,15.6,8.2,,,,,,3
11/8/2017,LCO3,Garner,3,post,20,2.6,25.3,4.8,7.6,13.9,16.7,,,,,,
11/8/2017,LCO3,Garner,3,post,11,3.3,20.2,13.1,17.7,16.4,20.3,12.4,9.9,,,,
11/8/2017,LCO3,Garner,3,post,11,3.3,11.1,14.1,15,12.2,11.7,18.1,,,,,
11/8/2017,LCO3,Garner,3,post,11,3.3,16.5,,,,,,,,,,
11/8/2017,LCO3,Garner,3,post,13,2.5,16.7,9.7,6.5,11.7,,,13.5,,,,
11/8/2017,LCO3,Garner,3,post,14,2.3,13.5,,,,,,,,,,
11/8/2017,LCO4,Garner,1,post,4,3.4,13.8,21.1,21,15.7,13.1,13.9,,,,,
11/8/2017,LCO4,Garner,1,post,4,3.4,12.9,11.2,14.4,,,,,,,,
11/8/2017,LCO4,Garner,1,post,19,3.3,18.1,26.1,19.9,10.5,15,10.7,,,,,
11/8/2017,LCO4,Garner,1,post,19,3.3,16.1,13.9,,,,,,,,,
11/8/2017,LCO4,Garner,1,post,12,3.8,8.8,6.4,15.4,11.4,19.5,7.9,,,,,
11/8/2017,LCO4,Garner,1,post,12,3.8,13.9,21.1,9.5,,,,,,,,
11/8/2017,LCO4,Garner,1,post,12,2.3,20,24.9,19.7,12.5,17.4,10.9,,,,,14
11/8/2017,LCO4,Garner,1,post,12,2.3,10.3,25.4,17.7,20,16.7,,,,,,
11/8/2017,LCO4,Garner,1,post,10,0.2,6.7,6.9,11.5,20,19.8,13.5,14.6,,,,
11/8/2017,LCO4,Garner,1,post,10,0.2,19.6,12.1,,,,,,,,,
11/8/2017,LCO4,Garner,1,post,13,0.2,82.7,11.5,23.9,90.1,,,,,,,4
11/8/2017,LCO4,Garner,2,post,19,1.6,27.3,16.1,11.7,,,,,,,,
11/8/2017,LCO4,Garner,2,post,6,2.2,20.7,12.5,15.7,,,,,,,,
11/8/2017,LCO4,Garner,2,post,11,3.8,15.7,24.4,16.2,15.9,13.9,7.5,,,,,
11/8/2017,LCO4,Garner,2,post,11,3.8,9.6,16.3,,,,,,,,,
11/8/2017,LCO4,Garner,2,post,3,0.8,27.6,19.4,15.6,24.1,19.4,88.6,20,,,,
11/8/2017,LCO4,Garner,2,post,3,0.8,13.4,,,,,,,,,,
11/8/2017,LCO4,Garner,2,post,14,3,19.5,17.4,11.9,15.5,19.7,13.5,,,,,
11/8/2017,LCO4,Garner,2,post,14,3,21.2,24.8,,,,,,,,,
11/8/2017,LCO4,Garner,2,post,8,2,12.3,27.7,24.3,19.7,17.7,,14.9,13.8,88.8,,
11/8/2017,LCO4,Garner,2,post,18,1.7,32.9,26.3,16.4,24.3,,,10.3,,,,
11/8/2017,LCO4,Garner,2,post,14,1.2,12.7,,,,,,,,,,
11/8/2017,LCO4,Garner,2,post,4,1.8,19.6,12.7,11.5,17.7,13.3,,,,,,
11/8/2017,LCO4,Garner,2,post,14,1.7,16.1,,,,,,,,,,
11/8/2017,LCO4,Garner,3,post,5,1.1,15.3,12.1,15.2,25.3,19.8,23.4,,,,,2
11/8/2017,LCO4,Garner,3,post,5,1.1,13.5,15.3,15.3,28.4,36.5,12,,,,,
11/8/2017,LCO4,Garner,3,post,5,1.1,81.1,14.7,9.9,11.5,12.1,29.8,,,,,
11/8/2017,LCO4,Garner,3,post,5,1.1,11.9,11,23.6,28.5,15.1,15.5,,,,,
11/8/2017,LCO4,Garner,3,post,5,1.1,15.3,9.9,23.3,11.7,13,15,,,,,
11/8/2017,LCO4,Garner,3,post,7,3.2,12.6,19.6,14,9.6,11.7,,,,,,
11/8/2017,LCO4,Garner,3,post,9,3.4,10.1,13.7,,,,,13,,,,
11/8/2017,LCO4,Garner,3,post,6,0.9,69.8,17.9,21.1,,,,,,,,9
11/8/2017,LCO4,Garner,3,post,21,2.2,9.6,34.3,24.3,15.9,14.7,13.3,22.6,,,,
11/8/2017,LCO4,Garner,3,post,21,2.2,29.5,,,,,,,,,,
11/8/2017,LCO4,Garner,3,post,18,2,26,7.9,,,,,,,,,1
11/7/2017,LCO5,Garner,1,post,0,2.8,24.5,62.5,29.5,24.7,10.3,59.2,,,,,
11/7/2017,LCO5,Garner,1,post,0,2.8,27.7,21,37.6,13.3,16.1,25.8,,,,,
11/7/2017,LCO5,Garner,1,post,0,2.8,11.3,50.3,13.4,12.9,,,,,,,
11/7/2017,LCO5,Garner,1,post,11,1.8,0,,,,,,,,,,
11/7/2017,LCO5,Garner,1,post,4,0.4,0,,,,,,,,,,
11/7/2017,LCO5,Garner,1,post,14,0.3,18.4,11.8,38.8,56.2,,,,,,,
11/7/2017,LCO5,Garner,1,post,17,3.6,0,,,,,,,,,,
11/7/2017,LCO5,Garner,1,post,18,0.6,0,,,,,,,,,,
11/7/2017,LCO5,Garner,1,post,5,0,15.4,,,,,,,,,,
11/7/2017,LCO5,Garner,1,post,15,0.2,0,,,,,,,,,,
11/7/2017,LCO5,Garner,1,post,6,3.3,12.8,11,26.3,32.8,12.6,39.5,,,,,
11/7/2017,LCO5,Garner,1,post,6,3.3,12.4,10,14.8,13.7,,,,,,,
11/7/2017,LCO5,Garner,1,post,13,1.3,13.6,10,15.1,25.3,23.2,19.8,58.1,,,,17
11/7/2017,LCO5,Garner,1,post,13,1.3,19.8,36.3,20.1,50.1,20.8,11.7,,,,,
11/7/2017,LCO5,Garner,1,post,13,1.3,23.4,22.1,39.9,30,26.7,18.1,,,,,
11/7/2017,LCO5,Garner,1,post,13,1.3,21.9,,,,,,,,,,
11/7/2017,LCO5,Garner,1,post,18,1.4,0,,,,,,,,,,
11/7/2017,LCO5,Garner,2,post,17,2.4,17.1,13.1,16.4,17.9,35.9,13.3,21.2,11.1,,,
11/7/2017,LCO5,Garner,2,post,17,2.4,18.2,26.3,32.5,34.1,32.9,42.5,,,,,
11/7/2017,LCO5,Garner,2,post,17,2.4,47.7,31.4,47.5,21.4,40.9,39.5,,,,,
11/7/2017,LCO5,Garner,2,post,7,0.8,15.1,14.3,26.3,25.1,,,19.6,,,,10
11/7/2017,LCO5,Garner,2,post,5,4,21.9,15.7,19.4,15,19.5,20.1,,,,,
11/7/2017,LCO5,Garner,2,post,5,4,13.8,30.4,,,,,,,,,
11/7/2017,LCO5,Garner,2,post,20,0.7,23.7,24.3,22.2,26.5,21.4,20.3,,,,,
11/7/2017,LCO5,Garner,2,post,20,0.7,88.6,21.1,14.6,,,,,,,,
11/7/2017,LCO5,Garner,2,post,2,1.1,43,29.8,29.8,24.9,38,26.3,,,,,
11/7/2017,LCO5,Garner,2,post,2,1.1,29.7,16.8,11.5,18.5,,,,,,,
11/7/2017,LCO5,Garner,3,post,20,3.1,67.6,21.4,39.3,30.9,37.8,39.2,20,37.5,,,
11/7/2017,LCO5,Garner,3,post,20,3.1,63.3,26,36,,,,,,,,
11/7/2017,LCO5,Garner,3,post,4,0.3,31.6,54,40.5,50.2,52.3,17.7,36.4,,,,31
11/7/2017,LCO5,Garner,3,post,4,0.3,22.6,24.5,24.4,,,,,,,,
11/7/2017,LCO5,Garner,3,post,13,0.4,35.7,34.3,30.4,32.7,28.7,23,37.1,,,,
11/7/2017,LCO5,Garner,3,post,13,0.4,27.5,11.7,9.5,,,,,,,,
11/7/2017,LCO5,Garner,3,post,1,2.2,15.3,8.5,12.2,19.4,27.3,,17,,,,4
11/7/2017,LCO5,Garner,3,post,0,0.8,33.2,27.2,20.2,10.5,35.3,24.8,38.3,,,,
11/7/2017,LCO5,Garner,3,post,1,4,59.5,41.6,22.1,46.6,56.4,33.6,,,,,3
11/7/2017,LCO5,Garner,3,post,1,4,40.3,,,,,,,,,,
11/7/2017,LCO6,Garner,1,post,19,3.7,28.9,4.6,22.4,16.3,29,31.3,26.9,26.8,,,
11/7/2017,LCO6,Garner,1,post,19,3.7,40.2,22.7,25.7,21.2,17.8,18.2,,,,,
11/7/2017,LCO6,Garner,1,post,19,3.7,41.1,31,19.3,24.5,78.4,19.6,,,,,
11/7/2017,LCO6,Garner,1,post,19,3.7,24.3,19.2,31,21,19.1,21,,,,,
11/7/2017,LCO6,Garner,1,post,1,2.4,52.7,46.4,61.7,56.5,52.7,,31.7,33.2,39,,
11/7/2017,LCO6,Garner,1,post,13,1.9,13.8,14,16.3,34.4,60.2,,42.7,,,,
11/7/2017,LCO6,Garner,1,post,12,2.7,16.5,4.6,3.6,17.9,24.5,13.6,11.6,,,,
11/7/2017,LCO6,Garner,1,post,0,1.9,39.8,54.7,81,,,,,,,,16
11/7/2017,LCO6,Garner,2,post,21,2,26.4,23.1,17.8,39.4,40.9,52.4,20.1,63.9,,,
11/7/2017,LCO6,Garner,2,post,21,2,39.2,49.4,41.8,28.5,18.7,57,,,,,
11/7/2017,LCO6,Garner,2,post,21,2,45.3,29.7,32.5,,,,,,,,
11/7/2017,LCO6,Garner,2,post,8,3.2,26.9,17.3,13.6,10.6,16,15.5,,,,,14
11/7/2017,LCO6,Garner,2,post,8,3.2,10.8,12.6,18.7,,,,,,,,
11/7/2017,LCO6,Garner,2,post,0,0.7,29.5,23.5,33.6,43,15,19.6,17.3,36.2,40.9,,
11/7/2017,LCO6,Garner,2,post,0,0.7,31.2,24.2,16.7,30.3,21.4,,,,,,
11/7/2017,LCO6,Garner,2,post,5,1.6,19.8,14.6,,,,,31.5,26.3,22,24.5,
11/7/2017,LCO6,Garner,2,post,5,1.6,,,,,,,40.9,34.4,55.7,36.3,
11/7/2017,LCO6,Garner,2,post,5,1.6,,,,,,,74.2,17.9,,,
11/7/2017,LCO6,Garner,3,post,6,2.2,22.8,23.1,17.7,3,,,19.5,,,,
11/7/2017,LCO6,Garner,3,post,5,2.8,19.8,22.9,6.3,11.4,13.4,69.3,19.7,13.4,19.8,4.9,
11/7/2017,LCO6,Garner,3,post,5,2.8,,,,,,,11.5,15.2,,,
11/7/2017,LCO6,Garner,3,post,2,3.8,15,,,,,,14,,,,
11/7/2017,LCO6,Garner,3,post,9,1.8,61.4,,,,,,71.4,38.3,,,
11/7/2017,LCO6,Garner,3,post,10,0,,,,,,,62.7,103.5,,,
11/7/2017,LCO6,Garner,3,post,5,0.7,0,,,,,,,,,,
11/7/2017,LCO6,Garner,3,post,2,1.1,0,,,,,,,,,,
11/7/2017,LCO6,Garner,3,post,20,1.9,13.5,16.1,16,20.4,,,20.4,23.8,,,
11/7/2017,LCO6,Garner,3,post,12,1.4,20.8,,,,,,61.3,,,,
11/7/2017,LCO6,Garner,3,post,21,3.9,23.5,41.1,76.3,51.8,,,34.2,79,,,
11/7/2017,LCO6,Garner,3,post,13,2.5,19.1,25,37.3,21.1,52.7,64.4,,,,,
11/7/2017,LCO6,Garner,3,post,13,2.5,85.3,14.5,18.4,26.3,16.6,,,,,,
11/7/2017,LCO6,Garner,3,post,18,3.7,11.5,16.1,,,,,25.4,,,,1
11/7/2017,LCO7,Garner,1,post,3,2.4,16.1,11.1,11.2,9.4,8,10.4,,,,,
11/7/2017,LCO7,Garner,1,post,3,2.4,16,16.4,13.8,18.1,16.2,20.5,,,,,
11/7/2017,LCO7,Garner,1,post,3,2.4,20.7,15.5,15.7,12.8,18.2,12.6,,,,,
11/7/2017,LCO7,Garner,1,post,6,1.5,19.4,11.2,14,15.6,,,,,,,
11/7/2017,LCO7,Garner,1,post,17,3.6,16.2,15.1,23.1,12.4,,,,,,,
11/7/2017,LCO7,Garner,1,post,5,3.1,15.3,,,,,,,,,,
11/7/2017,LCO7,Garner,1,post,4,1,27.6,18.8,14.1,19.8,21,13.9,,,,,
11/7/2017,LCO7,Garner,1,post,4,1,20.3,,,,,,,,,,
11/7/2017,LCO7,Garner,1,post,18,1.5,14.8,23.2,25.2,13.7,18.5,13.6,,,,,
11/7/2017,LCO7,Garner,1,post,18,1.5,14.9,13.6,,,,,,,,,
11/7/2017,LCO7,Garner,1,post,9,0.4,12.1,15.1,13.5,20,13.6,15.2,,,,,
11/7/2017,LCO7,Garner,1,post,9,0.4,15.2,14.8,,,,,,,,,
11/7/2017,LCO7,Garner,2,post,4,4,14.6,19.3,16.2,10.9,13.2,,100.7,,,,
11/7/2017,LCO7,Garner,2,post,18,1,13.6,9.7,12.7,19.6,11,8.8,,,,,
11/7/2017,LCO7,Garner,2,post,18,1,8.9,,,,,,,,,,
11/7/2017,LCO7,Garner,2,post,5,0.7,22.4,30.3,15.8,10.7,13.8,16,23.8,,,,
11/7/2017,LCO7,Garner,2,post,5,0.7,14,,,,,,,,,,
11/7/2017,LCO7,Garner,2,post,18,2.2,24.4,12.3,24,29.8,35.4,21.3,,,,,
11/7/2017,LCO7,Garner,2,post,7,2.5,0,,,,,,,,,,
11/7/2017,LCO7,Garner,2,post,2,3.1,17.7,18,20.5,,,,,,,,
11/7/2017,LCO7,Garner,2,post,15,0.6,26.4,19.2,21.5,17.8,16.5,16.9,,,,,12
11/7/2017,LCO7,Garner,2,post,15,0.6,17.4,,,,,,,,,,
11/7/2017,LCO7,Garner,2,post,21,1,20,7,8.4,10.4,13.6,,,,,,
11/7/2017,LCO7,Garner,2,post,5,2.5,13.6,15.3,21.8,6.9,,,,,,,
11/7/2017,LCO7,Garner,2,post,0,0.6,13.6,11.9,8.6,,,,,,,,1
11/7/2017,LCO7,Garner,2,post,21,3.4,15.8,,,,,,,,,,3
11/7/2017,LCO7,Garner,3,post,14,2,13.6,40.6,,,,,,,,,
11/7/2017,LCO7,Garner,3,post,8,2.1,34,22.7,10.9,10.7,10.2,10.4,,,,,
11/7/2017,LCO7,Garner,3,post,2,1,30.6,18,16.3,18.9,12.7,14.7,,,,,
11/7/2017,LCO7,Garner,3,post,7,3,15.9,15.6,10.7,15.9,16.6,18.3,,,,,1
11/7/2017,LCO7,Garner,3,post,16,1.5,14.6,12.1,13.7,,,,15.6,13.9,,,
11/7/2017,LCO7,Garner,3,post,2,0.4,13.6,18.8,40.7,,,,,,,,
11/7/2017,LCO7,Garner,3,post,4,2.2,10.9,11,14.6,12.6,9,,33.9,,,,
11/7/2017,LCO7,Garner,3,post,8,2.7,19.3,13.6,8.6,13.8,18.9,12.4,85.2,,,,
11/7/2017,LCO7,Garner,3,post,8,2.7,14.9,8.9,12,,,,,,,,
11/7/2017,LCO7,Garner,3,post,18,0.7,17.9,8.3,11.7,15,8.4,,17.8,,,,
11/6/2017,LCO8,Garner,1,post,0,3,85,31,23.5,29,12,22,,,,,
11/6/2017,LCO8,Garner,1,post,0,3,21.5,15.5,15,,,,,,,,
11/6/2017,LCO8,Garner,1,post,16,2.8,11.5,17.5,17,15.5,16.5,14.5,,,,,
11/6/2017,LCO8,Garner,1,post,16,2.8,14,15.5,18,12.5,14,,,,,,
11/6/2017,LCO8,Garner,1,post,14,1.1,14.5,13,19.5,14.5,13.5,17.5,,,,,
11/6/2017,LCO8,Garner,1,post,14,1.1,16.5,22,11.5,17.5,,,,,,,
11/6/2017,LCO8,Garner,1,post,11,3.7,19,,,,,,,,,,
11/6/2017,LCO8,Garner,1,post,21,0.2,26,20,19,21.5,16.5,81,,,,,
11/6/2017,LCO8,Garner,1,post,21,0.2,17,,,,,,,,,,
11/6/2017,LCO8,Garner,1,post,9,0.3,11.5,16,19,2,11,,,,,,
11/6/2017,LCO8,Garner,1,post,0,1.8,12.5,17.5,4,3,2,14,,,,,7
11/6/2017,LCO8,Garner,1,post,0,1.8,13,,,,,,,,,,
11/6/2017,LCO8,Garner,2,post,12,2.6,11.6,,,,,,,,,,
11/6/2017,LCO8,Garner,2,post,2,0.9,8.3,27.9,8.5,17.8,28.3,29.8,,,,,
11/6/2017,LCO8,Garner,2,post,2,0.9,13.1,11.6,10.1,,,,,,,,
11/6/2017,LCO8,Garner,2,post,11,0.7,9.6,9.6,21.5,9.5,23.2,20.1,17.9,,,,
11/6/2017,LCO8,Garner,2,post,11,0.7,25.9,21.3,11.6,16.7,14.7,13,,,,,
11/6/2017,LCO8,Garner,2,post,11,0.7,14.5,11.4,19.6,11.5,13.5,15.1,,,,,
11/6/2017,LCO8,Garner,2,post,11,0.7,20.1,15.1,16.6,21.3,,,,,,,
11/6/2017,LCO8,Garner,2,post,13,0.7,22.9,1.5,11.7,22.9,19.8,11.6,13.4,27.8,,,6
11/6/2017,LCO8,Garner,2,post,13,0.7,8.5,7.9,12,7.1,10.9,17.7,,,,,
11/6/2017,LCO8,Garner,2,post,13,0.7,18,16.3,16.5,2.9,16,13,,,,,
11/6/2017,LCO8,Garner,3,post,3,1.5,25,13.5,19,24,11.5,17.5,,,,,
11/6/2017,LCO8,Garner,3,post,3,1.5,18.7,13.5,12.7,17,16.8,19.3,,,,,
11/6/2017,LCO8,Garner,3,post,3,1.5,24.3,14.7,37,13.9,25.2,36.8,,,,,
11/6/2017,LCO8,Garner,3,post,3,1.5,17.5,36.3,,,,,,,,,
11/6/2017,LCO8,Garner,3,post,20,3.1,0,,,,,,,,,,
11/6/2017,LCO8,Garner,3,post,2,2.2,18.1,21,12,8,9.5,,,,,,
11/6/2017,LCO8,Garner,3,post,21,1.3,13.1,12.2,0.5,16.5,14.3,15.6,13.3,,,,1
11/6/2017,LCO8,Garner,3,post,21,1.3,16.7,18,8.5,19.6,14.4,13.5,,,,,
11/6/2017,LCO8,Garner,3,post,21,1.3,6.6,8.6,8,14.5,18.8,11.6,,,,,
11/6/2017,LCO8,Garner,3,post,21,1.3,12.6,14,16.9,17,15.9,6.5,,,,,
11/6/2017,LCO8,Garner,3,post,21,1.3,20,,,,,,,,,,
